id,Title,Body,Category,Category_2,Category_3,Subcategory,Subcategory_2,Subcategory_3,SpecificDisorder,SpecificDisorder_2,SpecificDisorder_3
17515,first ever store bought za,"this is my first time going and getting some weed from a legal store, 3.5g sativa lcg strain qr code leads to these test results, overall smoked really nice and looks really nice. and i am definitely high. it was 36$ for that 3.5 tho so 810 and i did already smoke a big nug so there s a lot missing from the bottle.",Substance-Related & Addictive Disorders,Sleep Disorders,Neurodevelopmental Disorders,Substance Use Disorders,Depressive Disorders,Insomnia Spectrum,Cannabis Use Disorder,Agoraphobia,Schizophrenia
5546,i really hope i die soon,"i cannot stand being alive and knowing i have to go on like this for another month, another year, another decade. i really don t enjoy waking up being in my own body and experiencing life. it s like i am a ghost. i m floating outside of my body or looking through a screen. i find no joy in it. i feel like i am held captive and everyone is watching me. like one wrong move and i can get in serious trouble. that there will be things people will hold over my head. i am either incapable of most things or i need to pick myself up by the bootstraps. there is a system and i am complacent in it. i never resonate with the people around me. it s like i am surrounded by aliens. i do not have a sense of belonging. i am a failure.",Mood Disorders,Trauma & Stressor-Related Disorders,Anxiety Disorders,Depressive Disorders,Phobias,Substance Use Disorders,Major Depressive Disorder,Narcolepsy,Social Anxiety Disorder
21731,is there a rise in panic?,"im getting better, but honestly i feel like more and more people report having it. i wonder if its something outside of us humans that triggers it and has been triggering this disorder for the last decade and more. and i feel like it could be something outside of our fault cause i think more and more people get it. like when i had the first attacks noone knew what i was talking about. now friends, doctors and people i meet report they know what it is which is strange.",Anxiety Disorders,Eating Disorders,Sleep Disorders,Panic Disorders,Depressive Disorders,Generalized Anxiety Disorder,Panic Disorder,Dependent Personality Disorder,Autism Spectrum Disorder (Asd)
6906,insecurity about intelligence,"it might be reasonable for anyone, to some extent, to be insecure about their own intelligence, especially if they have internalized messages that they are not intelligent. then again, i feel as though i am preoccupied with this to such a great extent that it leaves me stagnant. a selffulfilling prophecy. tldr this is a long essay about my insecurities pertaining to my intelligence. i often feel a void in myself. a vast emptiness. i am insecure about the things i do not know. also, about the skills that i do not have. i want to find my niche, and yet any time i see signs that i am struggling with any one thing, i lose motivation. because of the messages i internalized about my intelligence. not to go on too much about my selfpity, but i have to seriously wonder. if i were to, from early on, be predominantly raised, and educated, in a sensoryfriendly environment, where would i be now? would i have been more confident in a lot of areas, fostering a selffulfilling prophecy of achievement? perhaps, exceptional achievement? would i have developed a stronger vocabulary? better attention towards long literary works, and works in general? would i have exercised my brain muscles to the point where, at this stage, in my early 20s, i would be in a decent spot? it might just reflect my insecurity, but sometimes i wonder if certain people think they know more, or are more intelligent, than they genuinely are, in various areas. then again, i don t know what i don t know pertaining to my own intelligence, or that of others. clearly there are and were genuinely intelligent people in this world, pointing towards our technology, our medicine, our increasingly sophisticated art, and the various artificial necessities one needs for a comfortable life. given what i know, and what i don t know that i don t know, i sometimes wonder if i would be able to do anything correctly. what does it even mean to be good at something, in any area? how can i possibly know whether i am even slightly competent in one area, or not? any time i dip my toes into anything, i struggle to let go of this pressure that i, very consistently, feel. perhaps similar to imposter syndrome, except at a very basic and fundamental level. i wonder if this sort of insecurity can be found in other groups. groups that have been arbitrarily oppressed at various points in history. regardless, i don t know if i will ever shake this insecurity that i feel, at this point. wondering if anyone else can relate.",Neurodevelopmental Disorders,Obsessive-Compulsive & Related Disorders,Personality Disorders,Autism Spectrum Disorders,Adhd,Bipolar Disorders,Autism Spectrum Disorder (Asd),Generalized Anxiety Disorder (Gad),Bipolar 2 Disorder
2018,anyone successfully reduced their hunger?,i'm currently on a journey to reduce my hunger and appetite as i recover from binge eating. i try to feel full but i just feel so hungry it hurts. i've been taking glucomanann and am looking at getting 5htp to reduce hunger even more but i wonder if anyone has seen any success?,Eating Disorders,Personality Disorders,Schizophrenia Spectrum & Psychotic Disorders,Restrictive/Compensatory Disorders,Cluster B (Dramatic/Emotional),Panic Disorders,Binge-Eating Disorder,Bipolar 2 Disorder,Schizotypal Personality Disorder
8398,ocd guilt about venting and expressing negative emotions,i was just wondering if anyone has their ocd often take the form of guilt over venting about things to people. i can get very angry and wound up about things and often have huge ranting sessions most often to family members about things. for example i currently work in a pub and i absolutely hate it for a number of reasons but i feel like i cannot help myself but to start ranting and raving to my dad or sister whenever they are listening. i feel really bad and guilty afterwards because i feel like i am just spewing negativity and saying unpleasant things and just wasting our quality time together and i really obsess about things i said and just feel like a nasty negative person.,Obsessive-Compulsive & Related Disorders,Anxiety Disorders,Schizophrenia Spectrum & Psychotic Disorders,Ocd Spectrum,Substance Use Disorders,Depressive Disorders,Obsessive-Compulsive Disorder,Social Anxiety Disorder,Schizoaffective Disorder
19020,haven t slept for 24 hours,"i am so sleep deprived and haven't slept for 24 hours and having to go to work feels so horrible. i'm so fatigued but unsure why i can't sleep, now i have to go to work at 7am which is in 30 mins for a 12 hour shift. i am a nurse and i do night shifts as well. ive gone to the gp and they recommended me restavit and melatonin, nothing is working. what s helping you sleep well at night?",Sleep Disorders,Substance-Related & Addictive Disorders,Trauma & Stressor-Related Disorders,Insomnia Spectrum,Phobias,Cluster A (Odd/Eccentric),Insomnia,Agoraphobia,Obsessive-Compulsive Disorder
20639,i hit my 6 month sobriety milestone yesterday then found out a friend from rehab died.,she relapsed and her fiancee dumped her. she text my group of friends asking one of us to call her and just talk about our lives talk about anything because she was hurting. i text her to give support but didn t call. i felt like i wasn t enough and my self doubt about my value as a person who could help paralyzed me. my other friends reached out and one who is a rabbi set up a date to do a google meet up to video chat but he relapsed too. she overdosed alone. i feel like i failed her.,Substance-Related & Addictive Disorders,Mood Disorders,Trauma & Stressor-Related Disorders,Substance Use Disorders,Restrictive/Compensatory Disorders,Ocd Spectrum,Alcohol Use Disorder,Agoraphobia,Generalized Anxiety Disorder (Gad)
8966,should i leave my job,"i am in a sales job (non commission) and i don t know how if i should stay or leave. i ve been in this role for a few weeks. i love the people and the atmosphere. i ve never been in a workplace where everyone is so kind and helpful to eachother. we go out for meals often, hangout together outside of work, our meetings are fun (serious, but fun). most of my colleagues are very supportive and friendly. i really believe anyone would kill to be in a work environment like i do but in this short space of time, i realised i m not a salesman. i know it s what i signed up for but the pressure and expectation to sell is really stressing me out and didn t expect it. and i m not a peoples person either. prior to this i worked in a warehouse and hadn t really had a full on conversation with someone in years, now i m expected to have natural conversations with customers and hang out with extraverted colleagues on an everyday basis. i m genuinely mentally exhausted after every shift the amount of energy i put into talking and masking myself in normal conversations. add to the fact the demand is very high to drive sales and they are on me constantly. miss one thing or forget to mention one of the many criteria you have to follow and the management team are down your throats. the training is really tough. i ve made the mistake of leaving a job too early, and i don t want to make that mistake again and regret it, but i just don t want to be in a job where i m not suited and don t fit in. any advice?",Neurodevelopmental Disorders,Personality Disorders,Anxiety Disorders,Autism Spectrum Disorders,Cluster B (Dramatic/Emotional),Restrictive/Compensatory Disorders,Autism Spectrum Disorder (Asd),Paranoid Personality Disorder,Bulimia Nervosa
12959,question about lunesta,"so i had a shift from 12am to 12pm yesterday, and took 3mg at around 1 and slept till 6. it s 1230am now and i m really tired but can t sleep, but i need to sleep because i have a shift at 8am. can i take one now? will it make me sleep? thanks in advance",Sleep Disorders,Obsessive-Compulsive & Related Disorders,Substance-Related & Addictive Disorders,Insomnia Spectrum,Depressive Disorders,Ocd Spectrum,Insomnia,Autism Spectrum Disorder (Asd),Hoarding Disorder
16030,does anyone havesuspects that they have schizoid pdsensory processing disorder instead of asd?,"i m honestly starting to feel that my asd diagnosis is incorrect or unhelpful at best. i think i could simply have schizoid pd and a congenital sensory processing issue so i m wondering if any of you guys have gone down that road medically and if it helped you with getting accommodations at schoolworkplace. the reason i asked to be evaluated for asd in the first place was because i was hoping to get accommodations for sensory overload but i guess i never realised how sociallybased (?) autistic issues are. i ve talked to various autism specialists and autistic people in real life and i feel like sensory issues are the smallest of all listed problems in comparison to stuff like needing routine or direct and verbal social cues. i ve never fully resonated with being autistic and i was mostly diagnosed based on parental interviews. the autistics i know all seem to take genuine joy in forming deep connections and feeling appreciated and understood by someone who shares their passions. i ve never had that, that is the thing i ve always been missing and not whether i can make eye contact or not.",Personality Disorders,Substance-Related & Addictive Disorders,Anxiety Disorders,Cluster A (Odd/Eccentric),Cluster B (Dramatic/Emotional),Autism Spectrum Disorders,Schizoid Personality Disorder,Obsessive-Compulsive Disorder,Antisocial Personality Disorder
5455,how well do you function?,i'm currently trying to figure out what things are getting in the way of my daily life to see if it's schizotypal or something else. how do your symptoms impact your daily life? aside from the social anxiety really. how does magical thinking and odd beliefs affect you? what does it feel like???,Personality Disorders,Substance-Related & Addictive Disorders,Obsessive-Compulsive & Related Disorders,Cluster A (Odd/Eccentric),Restrictive/Compensatory Disorders,Insomnia Spectrum,Schizotypal Personality Disorder,Bipolar 2 Disorder,Body Dysmorphic Disorder
17117,fear of the final steps,"been on and off again with suicide for six(ish) years now (i am eighteen), and while ive made attempts on my own life, i knew subconsciously that they wouldnt work. ive fantasized for years about putting a bullet in my head. i could do it. i have my own money, i can drive, i am an adult. i dont know why i cant complete these final steps though. why dont i just buy a firearm? why do i continue to trudge through the shit that is life when i couldve been gone much sooner? i think i want to believe that something will change. someone will hear me. someone will want to help without judgement, without leaving. that life could improve at some point. but i know good and well that no one's coming to save me. for all im worth im better off dead. drugs cant make the yearning for dead go away forever, and reaching out only leads to heartache. the decision will have to be made soon. my mom wants to move my family to florida in summer, so i need to decide in late aprilearly may. i dont want to live in florida or graduate or work at a shitty job the rest of my life. this may be the only chance i have",Mood Disorders,Obsessive-Compulsive & Related Disorders,Eating Disorders,Depressive Disorders,Psychotic Disorders,Restrictive/Compensatory Disorders,Major Depressive Disorder,Narcissistic Personality Disorder,Attention-Deficit/Hyperactivity Disorder (Adhd)
17263,feeling like a burden,since i found out i had bpd i ve been extra scared to get into relationships. i want to get back into dating and i may have feelings for people but i m terrified to say anything as both fear of rejection and the issue above. i m scared that getting into a romantic relationship would be burdening the person with me as i can be a little overbearing in ways like needing lots of talking and quality time as i get afraid they ll leave. also i m just terrified that one of my habits like snapping could happen and hurt them any advice? or does anyone else also feel the same as i m kind of lost rn,Mood Disorders,Neurodevelopmental Disorders,Obsessive-Compulsive & Related Disorders,Bipolar Disorders,Autism Spectrum Disorders,Restrictive/Compensatory Disorders,Bipolar 1 Disorder,Narcissistic Personality Disorder,Dependent Personality Disorder
9751,sleep study experience,"i recently had a sleep study done. it was in the back of a strip mall and very dark and deserted when i got there. i had to ring a doorbell and found it weird that there was only one technician there and nobody else. it made me feel very uncomfortable and i considered leaving, i was expecting a hospital or doctor s office setting with multiple people there. the technician was completely professional and another patient came in which eased my mind a bit. i had a hard time falling asleep. i could hear the traffic outside much of the night. anyway i was very happy to leave and now they called and said i have to do a cpap titration which when i googled sounds like another sleep study. i really don t want to do it again, it caused me a lot of anxiety plus no one told me what the results of the study were. i have to call back and i ll ask but wondering if this is a normal experience.",Sleep Disorders,Personality Disorders,Schizophrenia Spectrum & Psychotic Disorders,Insomnia Spectrum,Cluster A (Odd/Eccentric),Depressive Disorders,Sleep Apnea,Bulimia Nervosa,Bipolar 2 Disorder
19728,i don t think my mental health can do this anymore,"i m a federal employee and a lot of stuff has been happening (if you ve watched the news, you know). my mental health is plummeting. i ve been trying to get better and get out of this depression hole, but it s not happening. i started lithium and i m just feeling so tired still along with everything else. i m thinking about quitting and applying for unemployment so i can give myself time to put myself back together. has anyone else done this? i don t know what to do but i m not okay. edit i meant disability not unemployment.",Mood Disorders,Eating Disorders,Sleep Disorders,Bipolar Disorders,Insomnia Spectrum,Autism Spectrum Disorders,Bipolar 2 Disorder,Histrionic Personality Disorder,Panic Disorder
11579,my college asked me to take a gap year,i have been suffering from adjustment disorder and the situation went really bad. i have twice done medicine overdose. my psychiatrist have asked me to promise her i won't do it again. i had not went to college for over a month. life is fucked up. my father told me today that i am lazy to wake up in morning and so i skip college. thought i had consulted more 10 ten doctors and everything pointed out i have stress issues. i don't know when will i recover...,Trauma & Stressor-Related Disorders,Anxiety Disorders,Personality Disorders,Ptsd Spectrum,Adhd,Substance Use Disorders,Adjustment Disorder,Avoidant Personality Disorder,Alcohol Use Disorder
22971,"losing awareness, regressing? has anyone else also? is this normal","i had my narc realization and collapse around 1618 december, then for 5 days was super aware and awake, like i had a self or i had popped into neurotic. then i triggered back the bubble. since then it's been an uphill battle of keeping the awareness, skills, knowledge, feelings, etc. its like every week or so is another regression something happens that threatens me or i push myself and defenses too hard (is what i think) and then they go under lock and key more and more. disconnected it happened again yesterday. i can feel i have less. i'm gonna tell my therapist. i feel like i'm like how i was before the realization, but now i know there's so much more out there, and it's slipping from me or smn. is this normal? or am i lying to myself and this isn't normal, and all this stuff is a phase or something. i don't think it is obviously because i really did feel stuff. has anyone else gone through this? how do i unlock it all again? is this normal? part of relapse? idk?",Personality Disorders,Mood Disorders,Trauma & Stressor-Related Disorders,Cluster B (Dramatic/Emotional),Generalized Anxiety Disorder,Substance Use Disorders,Narcissistic Personality Disorder,Seasonal Affective Disorder,Dependent Personality Disorder
21465,i need to get out of the house and talk to people,"i suffer from sad and this year it seems to have hit me a bit worse than usual. ive become a hermit and very antisocial, i have some friends in the city i live in but not many and our relationships are not massively close. i live alone and and am finding it hard to leave the house so i am not socialising at all really at the moment. its almost like i am scared of the outside world but at the same time have an urge to get out and meet people. i quit drinking a few months ago and so dont want to go to pubs so dont really know what to do to get out of the house and feel a bit trapped and disconnected from the world. as far as perusing my hobbies i enjoy cycling and recently got a new bike (i have not had one for a few years) but dont want to go out cycling because the weather is shit, and i love to paint but cant seem to find the motivation due to darkness and lack of human interaction. my diet is okish.. but i do tend to eat a lot more junk food and order takeaways this time of year. apologies for such a long post. the purpose of it is not to moan im just looking for some advice. how can i get out of my flat this time of year when the weather like this whilst avoiding places with drinking culture?",Mood Disorders,Trauma & Stressor-Related Disorders,Neurodevelopmental Disorders,Depressive Disorders,Restrictive/Compensatory Disorders,Bipolar Disorders,Seasonal Affective Disorder,Attention-Deficit/Hyperactivity Disorder (Adhd),Restless Legs Syndrome
22025,it feels like no one understands,"as i deal with accepting this new diagnosis, i'm having a hard time talking to friends about it. i don't want to be consoled or told it will be ok or that i can handle it. i'm sad and confused and feel like i need to find a map or something to be able to navigate it. it's not helpful but i find myself thinking that no one understands. has anyone else felt this way with their loved ones?",Mood Disorders,Trauma & Stressor-Related Disorders,Sleep Disorders,Bipolar Disorders,Insomnia Spectrum,Adhd,Cyclothymic Disorder,Schizoid Personality Disorder,Seasonal Affective Disorder
7447,my plants are me?,"i sent this to my mother but she wont see it fpr some days, thought you guys might relate a little? i figured something out. plants are a reflection of me. the plants i own, and the state they are in reflects how i truly am, deep down. they are the one thing i cant cover up . if the house is a mess, i haven t taken care of myself, am sad, and havent studied for school, i can put a fascade for all of that when it comes to the outside world. a couple of hours of cleaning, showering, smiling or reading, and nobody would know that behind that is weeks or months of chaos. but plants require consistent care, one of the biggest things i lack, consistency. and so even tho i can pretend that everything is fine for everyone else in the world, unknowingly i am pulling the plants down with me, and they can t pretend. thats why i can t take care of plants. most of them are dead at this point.",Personality Disorders,Schizophrenia Spectrum & Psychotic Disorders,Mood Disorders,Cluster A (Odd/Eccentric),Cluster C (Anxious/Fearful),Autism Spectrum Disorders,Schizotypal Personality Disorder,Hoarding Disorder,Schizoaffective Disorder
21907,is this normal?,"i just got done eating a meal for lunch and i am feeling pretty full. i am now feeling shaky, a little light headed, and anxious. i've been experiencing this for a while but i dont know what it could be and i have really really really bad medical anxiety and im worried am i dying or something??",Anxiety Disorders,Obsessive-Compulsive & Related Disorders,Substance-Related & Addictive Disorders,Generalized Anxiety Disorder,Cluster A (Odd/Eccentric),Insomnia Spectrum,Generalized Anxiety Disorder (Gad),Schizophrenia,Hoarding Disorder
3198,do you all drink alcohol?,"and if you do, how do you deal with the calories? do you count them? i really feel like a glass of wine but i want to restrict my food to make up for it. i guess i just wanted to hear other anorexics relationship or habits when it comes to alcohol.",Eating Disorders,Schizophrenia Spectrum & Psychotic Disorders,Anxiety Disorders,Restrictive/Compensatory Disorders,Depressive Disorders,Phobias,Anorexia Nervosa,Binge-Eating Disorder,Bipolar 2 Disorder
9614,just venting don't mind me,"my routine isn't very different from most everyday is the same, wake up, binge and purge urge, binge, purge, repeat. i'm never satisfied so this cycle repeats around 3 to 5 times a day. but my life apart from my eating disorder isn't the best whatsoever not doing good at academics, not doing good in my relationship, not doing good with my family, i don't have any friends, i feel like my life is already over. unaliving myself wouldn't make such a big change, i'm a burden to everyone around me, i just feel very ashamed of how my life turned out to be, and i'm just 18 years old lol. i've been thinking about it lately, maybe i will enjoy around 2 or 3 months of my life more, and then end it all because i just can't stand living like this anymore. i've already lost this battle guys, but i understand you all very deeply and i send lots of love",Eating Disorders,Mood Disorders,Schizophrenia Spectrum & Psychotic Disorders,Restrictive/Compensatory Disorders,Autism Spectrum Disorders,Insomnia Spectrum,Bulimia Nervosa,Adjustment Disorder,Post-Traumatic Stress Disorder (Ptsd)
898,after attack feeling?,"i ve been on a wilddddd anxiety downfall for like almost 2 months now since i started an ssri and literally felt i was going crazy so i ve had panic attacks every single day for almost 2 months now. started with health anxiety then turned into omg i m going crazy. anyways today i woke up anxious as usual but as the day went on i felt calm, exhausted but weird? like almost like i can t think straight or focus etc but my body feels calm? best way i know how to describe it. anyone else experience this?",Anxiety Disorders,Mood Disorders,Personality Disorders,Panic Disorders,Psychotic Disorders,Generalized Anxiety Disorder,Panic Disorder,Schizotypal Personality Disorder,Binge-Eating Disorder
15784,does anyone else have a month that just feels cursed?,for me it's this month. march has always been such a bad time for me throughout my life. work has just been so awful this month and tonight almost broke me. i wanted to cry in the middle of my shift. i kept it together and didn't freak out at anyone though. i have tomorrow off and plan to sleep all day and avoid everything. i'll try again in april.,Mood Disorders,Neurodevelopmental Disorders,Trauma & Stressor-Related Disorders,Bipolar Disorders,Cluster C (Anxious/Fearful),Depressive Disorders,Bipolar 1 Disorder,Sleep Apnea,Anorexia Nervosa
16771,experience with psilocybin (mushrooms),"heard things about shrooms being life changing for some people with anxiety and there s a few studies on it as well. potentially more beneficial than traditional meds with virtually no side effects. wondering if anyone here has tried it first hand and what their experience was like? any positivenegative impacts or even noticeable changes after the fact? p.s. idk if this is the right sub, so nobody get heated lol",Anxiety Disorders,Eating Disorders,Neurodevelopmental Disorders,Phobias,Adhd,Insomnia Spectrum,Social Anxiety Disorder,Alcohol Use Disorder,Bipolar 2 Disorder
6650,"if you have a traumatic past, how do y all feel about yours in conversations?","i have recently been trying to make some friends and have luckily found a large group, i was having a conversation with a few guys about where were from and i eventually added i was a homeless 16 year old drug dealer when asked how things were. in my mind that s just regular ass shit but they were shocked and i felt kind of awkward like they now have some weird sympathy towards me or somethin. i just had a dark youth in general and traumatic events are the main things i remember. i don t want to be the person who trauma dumps or something, when it s about currentfuture life i m (debatably) fine since i quit most drugs and selling over 3 years ago now, but didn t have the time to start figuring out my life till these past couple months.",Personality Disorders,Schizophrenia Spectrum & Psychotic Disorders,Substance-Related & Addictive Disorders,Cluster B (Dramatic/Emotional),Cluster C (Anxious/Fearful),Insomnia Spectrum,Antisocial Personality Disorder,Bipolar 2 Disorder,Paranoid Personality Disorder
16207,does socialism make sense to you?,"over patrick's day, i was reading (or rather rereading) over james connolly's writings on the subject, and i struggle to see how a socialist republic would be anything but a good thing for autistic people particularly when we have real world examples that his idea can actually function. so, have you ever considered socialism as a way forward for autistic people? as far as i can see it today, many of us are nothing more than a commodity within the circuit of capital, existing in care homes, just so capitalists can profit from it. not to say that care isn't necessary for some, but should they be run for a profit? should morality not play some part in it all? even for those of us outside of it, are we not also exploited? are we actually free, or are we coerced into whatever we do?",Neurodevelopmental Disorders,Mood Disorders,Eating Disorders,Autism Spectrum Disorders,Restrictive/Compensatory Disorders,Adhd,Autism Spectrum Disorder (Asd),Agoraphobia,Body Dysmorphic Disorder
9786,baby steps,"today i sent a text to a friend i made via my brother. well she knows me thru my brother but we have connected in the last couple of years thru him inviting us both to dinner when he is in town. she s around my age, not married and has grown kids like me. anyway i sent this text to help push me forward to leaving my house more often. it s baby steps. i figured it may take away some of the power of the fear of leaving home. i just ex explained to her my struggle and asked if she would like to meet up soon because the weather is warming up here. she responded and said she understood my struggle and would be happy to meet up. it s a positive step in the right direction for me.",Anxiety Disorders,Eating Disorders,Obsessive-Compulsive & Related Disorders,Phobias,Cluster B (Dramatic/Emotional),Autism Spectrum Disorders,Agoraphobia,Bipolar 1 Disorder,Cyclothymic Disorder
1720,"anyone else feel they are fat, but when they see themselves in video or pictures later realize that, no, they re not fat and actually in shape?","i have a few issues w dd. one of them is my body appearance. i go to the gym a lot, mostly eat right about 80% of the time, yet still feel like i m fat. if someone takes a video or pic of me, i ll immediately see myself as fat in the picture. but when i view it later, i think, who is that person? they look fit. and then realize it s me. it s honestly really weird. i m pretty out of touch with my body. i remember ordering two wool coats recently at burberry and i was planning on getting the size that fits. the look on the sales people s faces when they saw me and then how large the size that i ordered was disbelief. i believe one of them dropped her jaw. when i try on pants or clothes, i bitch about vanity sizing when stuff is too big but then i realize that clothes that used to fit snug on me are now a lot baggier i start to wonder if i m viewing myself through some distorted lens. i m a guy. and a girl i dated once suggested i may seriously have body dysmorphia issues. i took a test and it said i did. then i read some posts here, many of which i felt like i can relate to. anyway.",Obsessive-Compulsive & Related Disorders,Eating Disorders,Personality Disorders,Ocd Spectrum,Substance Use Disorders,Insomnia Spectrum,Body Dysmorphic Disorder,Panic Disorder,Schizoaffective Disorder
20018,i feel like i m dissociating at every single moment,"it s weird because a year ago i never cared about how i looked, and i was always ok with my face. but now i ve realized that my face is fucked beyond compare and that youth is my only asset, so i ve been looking at other girls my age, deciding if i look older or younger than them. it s really consumed my life for an eternal babyface, and i get disappointed whenever i see someone else possess it, that i m not special and there s thousands of pretty girls out there who look better than me now, and will age better. i don t drink, smoke, go outside in the sun, eat junk food anymore because i feel like i need to constantly better myself and spend money on new clothing and skincare. i m always finding new ways to make myself somehow different which doesn t matter since i never attract attention anyways.",Obsessive-Compulsive & Related Disorders,Sleep Disorders,Neurodevelopmental Disorders,Ocd Spectrum,Adhd,Insomnia Spectrum,Body Dysmorphic Disorder,Antisocial Personality Disorder,Attention-Deficit/Hyperactivity Disorder (Adhd)
8240,not sure i can take much more.,"i have been having depression issues recently, the worst they have been in a long time. i have spoken to doctors about it, i'm on the max dose for my medication. they think that therapy will work. i have been waiting so long. i'm supposed to start soon but i don't know how much more i can take. i have had it before and also felt that it won't help but i will try anything. they gave me medication to sedate myself so i don't hurt myself anymore i've taken a decent cocktail that should knock me out. i can still take some more but is this the rest of my life?",Mood Disorders,Anxiety Disorders,Trauma & Stressor-Related Disorders,Depressive Disorders,Restrictive/Compensatory Disorders,Ocd Spectrum,Major Depressive Disorder,Hoarding Disorder,Paranoid Personality Disorder
10609,can t sleep after night shift schedule,spent 2 months on a night shift schedule. i worked earlier this week but during the day and it has been a rough week. i seem to get at best 2 hours of sleep each night. i wake up but feel tired. i literally try to go to bed but i only lay there with my eyes closed until morning. i have tried melatonin in the past but has no effect on me. do i just have to suck it up till my body recovers? thankfully i am on a 4 day weekend now.,Sleep Disorders,Personality Disorders,Trauma & Stressor-Related Disorders,Insomnia Spectrum,Cluster C (Anxious/Fearful),Bipolar Disorders,Insomnia,Histrionic Personality Disorder,Agoraphobia
17101,fear of intimacy and more because of trauma warning trauma mentioned but no further description,"i need advice from you. i'm in a 8year relationship, 5 years married. at the beginning of our relationship we had sex on a regular basis. i really enjoyed it. after 4 years my trauma came back. i was sexual abused as a child and my exboyfriend didn't accepted a ""no"". i've gone to therapy for a long while before my relationship with my husband and i thought everything is okay. because of many situations which have triggered me i am back at fearing intimacy. let alone sex. i really wanna have all this with my husband. he is always respectful and knows all about my past. he doesn't pressure me at all and says he is okay without it when its too much for me. i am in therapy now too, but i just can't talk to my therapist about it. i dont know why. and i dont have the money for a sexual therapist. (at my country ""normal"" therapy get payed by health insurance, sexual or couple therapy not) when we kiss i immediately fear that it goes further. even when i want it. i also can be naked around him without a problem, but when he touches me i become anxious. i'm ashamed to talk to him about all this. how can i have intimacy and sex again? i want it so bad, but i just don't know how.",Trauma & Stressor-Related Disorders,Neurodevelopmental Disorders,Schizophrenia Spectrum & Psychotic Disorders,Ptsd Spectrum,Psychotic Disorders,Bipolar Disorders,Post-Traumatic Stress Disorder (Ptsd),Obsessive-Compulsive Personality Disorder,Anorexia Nervosa
19315,i am too aggressive to make freinds and i am scared of other people,i just think i will never have a friend because i don t know why. i resent physical affection and never really got paid much attention too so i just isolate myself very far from potential friends because i am scared of what they might try. so i go into fight or flight mode and can t seem to understand how to be friends. also my brain doesn t like this fight or flight thing. please help any advice is appreciated. i also am told in my head like the worst things that people might be thinking and my brain freaking out don t do this do that is it my fault am i doing something wrong?,Anxiety Disorders,Neurodevelopmental Disorders,Personality Disorders,Phobias,Cluster A (Odd/Eccentric),Cluster C (Anxious/Fearful),Social Anxiety Disorder,Schizophrenia,Autism Spectrum Disorder (Asd)
12489,please help i m new to this and frightened.,"so i have always known about the word anxiety, but have never went through it recently. i ve been having really bad health anxiety and i hate it with a passion lately. i have something in my head that i cannot take off and i need peoples opinions, please so i am worried right now because i went to the doctor the other day and my blood sugar was at 121 which the doctor said it was totally normal now today i ate and i bought a machine to measure my glucose after eating. it was at 141 that scares me. i m scared of having diabetes. i ve never had it and i m just frighten and i can t eat well. sleep well because i m just thinking and thinking can i just randomly get diabetes one day if not having it for never what do y all think? am i overreacting or should i really be worried and",Anxiety Disorders,Trauma & Stressor-Related Disorders,Sleep Disorders,Generalized Anxiety Disorder,Cluster C (Anxious/Fearful),Autism Spectrum Disorders,Generalized Anxiety Disorder (Gad),Persistent Depressive Disorder (Dysthymia),Alcohol Use Disorder
19060,help with convincing my mom,"my mom is a hoarder and i feel like i almost have that trait but not as bad as her. she wants to go through everything and see where it came from, how she can use it, if it can be washed, if it can be cleaned, etc etc. i personally just prefer to throw everything away because you can always buy a new fridge, buy new clothes, buy more food, etc. she gets an attitude when i throw things away that i haven t eaten and i know that she won t eat after it s been in the fridge for months. our rooms are both ridden with clothes. we both can t see the floor of our rooms and i donate clothes every week to just get rid of them. like i m tired of living in squalor and she s constantly complaining about how she wants to get the house cleaned up. i think it all started when 6 people moved in with us temporarily because of a hurricane. ever since then it s just been downhill. i acknowledge that my room, the fridge, and the kitchen are a mess and i m so willing to clean it up. what really ticked me off today was that she called me to ask her to clean up the fridge. when she got home is after throwing everything about because damn near all of it was soiled. she decided to leave the kitchen because she said she was emotionally attached to the stuff in the fridge. how are you attached to stuff that is rotten, sticky, and 4 years expired? it s just so frustrating.",Obsessive-Compulsive & Related Disorders,Eating Disorders,Personality Disorders,Ocd Spectrum,Bipolar Disorders,Insomnia Spectrum,Hoarding Disorder,Binge-Eating Disorder,Bulimia Nervosa
11418,mse and le fort 1 plates (jaw surgery),"i had double jaw surgery over a year ago, i still have le fort 1 titanium plates in my upper maxilla and other titanium plates in my lower jaw. my question is, do i need to remove any of these plates (specifically the upper maxilla le fort 1 plates) in order to have a successful mse? i have sleep apnea and still wake up tired every morning.",Sleep Disorders,Obsessive-Compulsive & Related Disorders,Anxiety Disorders,Insomnia Spectrum,Adhd,Ocd Spectrum,Sleep Apnea,Dependent Personality Disorder,Binge-Eating Disorder
4765,how good is your interoception?,"hi, curious neurotypical here. three interlinked questions for you how would you describe your experience of interoception? by that i mean your ability to perceive sensations from your own body aches and pains, heat and cold, pressure, twinges and discomfort, nausea, etc etc. are you aware of your body giving you warning signs and the like? second, do you experience any emotions as partly physical sensations? i'm aware that many people with aspd do not, or only in a limited way. for example a neurotypical in a frightening situation might experience fear as a pounding heart, heavy breathing, an adrenaline rush, nausea, etc. third, for older people here, have you noticed your emotional range broaden or deepen over time? to explain i had quite a limited emotional range in my 20s, which made me effective at dealing with people in distress. i could detach myself because i didn't really empathise with them. it also made me somewhat callous sometimes. however as i've gotten older, i've built up a stock of negative experiences deaths, breakups, work stress, illness which have added a lot to my emotional repertoire. it's made me a lot more emotionally responsive, because i now draw on my own pain. however it also makes me a bit of a wet blanket in some situations, as i can't switch away from those feelings easily. have you found a similar capacity to grow your emotional range?",Personality Disorders,Mood Disorders,Eating Disorders,Cluster B (Dramatic/Emotional),Adhd,Cluster C (Anxious/Fearful),Antisocial Personality Disorder,Agoraphobia,Cyclothymic Disorder
2294,aside from the pulse oximeters let go on your finger does anyone know of a device that can not only track your oxygen percentage while you sleep but also tell you how many times it dropped below a certain threshold?,looking for something that's easily worn like a ring or watch. i can solve this issue by getting a finger pulse oximeter but it's kind of bulky and attaches to your wrist and whatever i would prefer something that i just can wear easily like a watch or a ring but it needs to be able to tell me how many times my oxygen dropped. like the fancier ones that go on your finger will tell you how many times your oxygen dropped from a baseline of say for example 95% and dropped 4% it'll tell you how many times that happened.thanks,Sleep Disorders,Schizophrenia Spectrum & Psychotic Disorders,Mood Disorders,Insomnia Spectrum,Depressive Disorders,Autism Spectrum Disorders,Sleep Apnea,Schizotypal Personality Disorder,Antisocial Personality Disorder
9343,my comfort media (feel free to share yours as well),"i've found that i have certain youtube channels or videos that i go to that just are uplifting and make me happy or are really soothing and i wanted to share some of them. one of my favorites is the youtube channel dioramas and cats, it's a japanese cat cafe that has these miniature trains and there's like hundreds of these silly videos always the same happy music of the cats knocking over the trains like if they were godzilla lol. httpsyoutu.bebmtmrglh0f8?si=kp2qk7sryub8v3f then there was a recent trend of videos inspired by this video called ""song that plays when you encounter a caterpillar"", and they're like all these goofy happy and silly songs for different animals and insects and whenever i listen to the caterpillar or the cat song my day just immediately gets better lol. httpsyoutu.be3lgdfkixr9i?si=7xymbpo8khkdtv5k lastly, the most comforting of comforting videos for me, is just searching for ocean wave noises. if i'm crying or hurting just laying down closing my eyes and listening to ocean wave noises helps me feel safe. i'm not going to link a video for this one because there's a bunch that are basically all the same thing hour long recordings of ocean beaches.",Schizophrenia Spectrum & Psychotic Disorders,Substance-Related & Addictive Disorders,Obsessive-Compulsive & Related Disorders,Psychotic Disorders,Autism Spectrum Disorders,Phobias,Schizophrenia,Insomnia,Narcolepsy
5601,"i see myself how i am, people keep saying you dont see yourself like we do and seriously im sick of it.","i have been diagnosed recently with anorexia and bdd. im 5 5 and 105lbs or 100lbs idk. and i feel like i actually see myself how i really am. im pictures, mirrors, diffrent angles, it s always the same and i still end up agreeing with the fact that i am big. people always tell me i look too thin or sick or whatever. when i look in the mirror i see myself, not overweight,but not sickly skinny. i don t like my overall appearance, and i think i am able to set my mind right to see myself how i really am. yet, why do people always say that im too skinny and should eat and that im beautiful and would be prettier with a few extra pounds. i can t seem to get around the concept of how one cannot see themselves how they are when they are looking at a picture or mirror. am i the only one? do i see myself how i really am? because i don t think im hallucinating everything else seems normal. anyway, pretty big rant... if anyone also is like this or has an answer other than u dont see urself how u really are respond to me i need to get this cleared up",Obsessive-Compulsive & Related Disorders,Sleep Disorders,Schizophrenia Spectrum & Psychotic Disorders,Ocd Spectrum,Ptsd Spectrum,Cluster B (Dramatic/Emotional),Body Dysmorphic Disorder,Attention-Deficit/Hyperactivity Disorder (Adhd),Anorexia Nervosa
16478,dwelling on missed opportunities to bring up a point or topic,"after a conversation or interaction, i find myself reflecting on it and wishing i had brought up a certain point or topic because it would have added to the discussion. ideally, it shouldn't bother me that much because it just adds pressure to my future social interactions, which is the opposite of what i want when it comes to overcoming social anxiety. i should just go with the flow and take it with ease, but i can't help but to have that lingering feeling.",Anxiety Disorders,Obsessive-Compulsive & Related Disorders,Neurodevelopmental Disorders,Phobias,Panic Disorders,Ptsd Spectrum,Social Anxiety Disorder,Generalized Anxiety Disorder (Gad),Binge-Eating Disorder
16111,does exercise make it worse for anyone else?,"i'm so damn tired of hearing of hearing how ""89 hours of good quality sleep"" is key to weight loss. it pisses me off so bad. what about those of us who can't even sedate ourselves to sleep with medicine that only works 25% of the time? i'm just so over it. anyways. i'm a mom trying to lose some weight and some days the only time i've been able to get in some exercise is after my kiddo's bedtime (8pm). and i usually go to bed around 11. i swear every time i do this it makes my insomnia worse and my hydroxyzine doesn't do shit. so then i'm a bad, mean, and tired momspouse the next day. i can usually function on 5 hours of sleep and i'm lucky to get that most nights, i realize many of you aren't so lucky, but damn i'm just trying to be healthy and it feels pointless because of my insomnia .",Sleep Disorders,Personality Disorders,Mood Disorders,Insomnia Spectrum,Panic Disorders,Cluster A (Odd/Eccentric),Insomnia,Schizotypal Personality Disorder,Persistent Depressive Disorder (Dysthymia)
16554,emptiness after sleeping with a man older than my father,"i slept with a man who s 37 years older than me. he s 64, i m 27. this is my self harm. i ve always tried to get attention from older men. as i ve gotten older it feels like it s turned into a dark obsession. i crave their validation more than any others. my child self screams daddy please, let me show you i deserve love. sleeping with men twice my age always provided some temporary pain relief this was different. i had sex with a man who s 5 years older than my father. for some reason my mind translated this into he wants me, see dad, he does. yet all i could feel after was emptiness. i believed in the moment that i was reclaiming my abuse. this time i had control, but do i really? i feel like i m out of control. this man was the first man to ever ghost me, inevitably i found out he was married. once that happened, of course i was blocked. i ve let another man use my body so that i could feel something, anything other than the void that lives within me. him blocking me really triggered an abandonment wound in me, which is insane because i don t know this man. my brain associated him = father figure, and a part of me wanted to hold onto that. hold on to him. yet he s not my father. no man will ever be able to fill that void even though some have made it feel pretty damn close to full. i have to accept there s things i cannot change. i understand my abandonment wounds and even though i m spiraling, this is making me learn more about myself and how bpd affects me which inevitably has been healing. i know this path isn t linear and fuck, these road blocks are hard to avoid. all i feel is emptiness and shame. this is my self harm. validation seeking when i need to find that validation with myself. i know that. i rationally know that yet i find myself in this never ending cycle.",Mood Disorders,Trauma & Stressor-Related Disorders,Obsessive-Compulsive & Related Disorders,Bipolar Disorders,Adhd,Phobias,Bipolar 1 Disorder,Restless Legs Syndrome,Persistent Depressive Disorder (Dysthymia)
14085,self advocate experience,"ok so narcolepsy is not my only issue but i will say it gets so much worse when i am sick or other things flare up. after a really hard time being sick and struggling to walk more than a few steps without a nap this december i did the hard thing and asked for a rollator . i figured a powered one may get approved by insurance because i want to maintain walking as much as i can. yea learned insurance doesn't cover rollators but they will cover a power chair. had to get assessed turns out that needs to be done by a physical therapist or occupational therapist who specializes in doing assessments for power chairs wheel chairs and such. the primary dr had to do an initial assessment and referral then get the referral to the durable medical equipment place approved for the evaluation and just them in general. there were 2 people to measure and interview me . there is a multi week to several months long process depending on luck on getting things approved. looks like i am getting approved pretty quickly to my surprise because narcolepsy solid fall risk and it's going to be a joystick power wheelchair thing so i don't have to burn the extra energy when i am all the tired. what i have learned is insurance is super picky and doesn't cover alot of companies and will roughly cover a new one about every 5 to 10 years depending on chair , needs and plans. there are others that looked like they would fit my needs but not covered. you can save up and go to independent people but not covered by insurance. if you don't want the expensive stuff outside your vehicle there are lifts you can get to help you pick up your machine or the parts of it and put it in your vehicle . and yea i have lots of feelings on this for multiple reasons but i realized and accepted the fact i need a backup plan so i can go back to having more of a life and asking for this was hard but also something i am proud i did for myself . the fact insurance approved it way way way faster than expected supports i did the right thing but also makes me wonder if i put it off so long it wasn't even a question for them . i hope this helps some of you.",Sleep Disorders,Obsessive-Compulsive & Related Disorders,Anxiety Disorders,Insomnia Spectrum,Ptsd Spectrum,Phobias,Narcolepsy,Schizoaffective Disorder,Body Dysmorphic Disorder
16160,does it really get better,"i am 19f, after years of struggles i finally managed to get therapy. after a few months there, they started testing me for bpd, and now want to give me specific help (therapymeds) for the disorder. i am scared that i already ruined my entire life and opportunities when it comes to socializing with people and having healthy relationships. i am in a pretty rough moment in my life right now and i would just like to ask, does it really get better, is there really hope for me to have a normal life. i have talents, aspirations, skills, but i am very self destructive, impulsive, angry, and unpredictable when with people close to me. i hate this so much, i feel like i can barely handle it for now. i should be sleeping right now but my heart is pounding the whole night out of stress and regret, i feel physically sick. it still will be a month or more until i get the help i mentioned earlier. could somebody please tell anything, literally anything, how to make myself feel just a bit better rn, is recovery possible, i feel like i am going insane. i know i did bad things in the past, i acknowledge my mistakes, i really want to recover, do i actually have a chance, is it really too late. i appreciate any words of support and advice from people who managed to overcome bpd. i am just at my lowest and need support",Mood Disorders,Eating Disorders,Trauma & Stressor-Related Disorders,Bipolar Disorders,Insomnia Spectrum,Substance Use Disorders,Bipolar 1 Disorder,Schizophrenia,Narcissistic Personality Disorder
6265,i'm being stupid,"so this evening my psychiatrist was supposed to call me. it's one hour past the time they said, they would call. now i understand that they might be busy or my appointment did not get through technical things. but that does not stop me being nervous. i feel like pacing around my room. i slept because i couldn't sit still. i called my boyfriend, he was busy so that's was a quick call i called my another friend only cause i want to talk (i know its not healthy. but i want to.) anyway i simply announced that there is a trailer for loki season 2 and hung up. i called the clinic but ended the call before it would be picked. and the second i finish typing this, i know i'll be mindlessly watching youtube videos even though there are things that i should be doing. i'm hating this. x200b update they called back, rescheduled for tomorrow afternoon. and now i feel even more stupid for my behavior.",Personality Disorders,Anxiety Disorders,Schizophrenia Spectrum & Psychotic Disorders,Cluster C (Anxious/Fearful),Substance Use Disorders,Ocd Spectrum,Dependent Personality Disorder,Insomnia,Hoarding Disorder
18576,has ropinirole made it worse for anyone?,"i started on 0.25mg of the drug about a month ago and bumped up the dosage amount to 0.50mg recently. i record myself at night with a motion activated video camera. every five minutes or so, i move around. has anyone else had this happen? what drug did you switch to?",Sleep Disorders,Mood Disorders,Obsessive-Compulsive & Related Disorders,Insomnia Spectrum,Cluster B (Dramatic/Emotional),Autism Spectrum Disorders,Restless Legs Syndrome,Narcissistic Personality Disorder,Paranoid Personality Disorder
17549,first psychiatrist appointment,"title says it all. i've got my first appointment coming up on wednesday. i was wondering what to expect? i've had a lot of sessions with psychologists, therapists, and coaches. never a psychiatrist however. i recognize myself a lot in bpd and cptsd. my gp says i resemble bpd or bipolar 2. i fear the psych would say there's nothing wrong. what can i expect diagnosiswise? i hope to gain clarity about what i'm going through asap, but i guess an immediate diagnosis is unrealistic?",Mood Disorders,Eating Disorders,Personality Disorders,Bipolar Disorders,Cluster B (Dramatic/Emotional),Adhd,Bipolar 1 Disorder,Obsessive-Compulsive Personality Disorder,Hoarding Disorder
20330,i guess being chronically tired and having to nap multiple times a day has its perks?,"i stumbled across a study about narcolepsy and was intrigued by the way it described narcoleptics as having ""privileged access to rem sleep"". i had never thought of it as a privilege, but i'll take it lol. this study examined levels of creativity in subjects with narcolepsy vs. subjects without, and guess what guys, we're creative yeah maybe we sleep through our whole lives and thus can't do much with that creativity, but the potential is there. honestly that gives me a lot of hope. httpsacademic.oup.combrainarticle142719885506053",Sleep Disorders,Personality Disorders,Neurodevelopmental Disorders,Insomnia Spectrum,Adhd,Cluster B (Dramatic/Emotional),Narcolepsy,Narcissistic Personality Disorder,Sleep Apnea
4626,how do you live with yourself?,"before i got diagnosed i lived a life of self denial. i put a facade up in social situations. most importantly, i put up a facade to myself. it s taken me months to accept this but now it s in my face that no denial will do. this has lead to reckless substance abuse and real suicidal thoughts. i say real because i always used to get them but i never truly considered it.",Personality Disorders,Anxiety Disorders,Schizophrenia Spectrum & Psychotic Disorders,Cluster C (Anxious/Fearful),Cluster A (Odd/Eccentric),Restrictive/Compensatory Disorders,Avoidant Personality Disorder,Obsessive-Compulsive Disorder,Social Anxiety Disorder
4596,"how do you keep yourself from smacking your face? or injuries in general (aka, according to my fiance i currently look like temu harry potter because i once more fell asleep and injured my face and i'd like to stop doing that )","so, i'm still working on getting a diagnosis. they found sleep apnea, so i have to get that fixed before we do anything more about the fact i keep falling asleep while doing things and injuring myself. like, in the past 6 months i've fell 3 feet and landed in my shoulder so hard i needed xrays a light concussion fell that same 3 feet 3 months later and got a much more severe concussion burned my arms from falling asleep while cooking thought i messed up my scs from falling slightly on my back slammed my face into my medical bag when i feel asleep preparing my medicine for the next day fell and hit the ground several times hit my head on the side of the shower several times and lastly, slammed my head against the tub faucet from when i sat down in the shower so as to not die from falling asleep and then ended up instead hitting the faucet 3 times and scatching my head enough to leave a nice mark (and that was just the other night, i can't even begin to remember how many time last i've actually hit the faucet ) ((also, though not an injury but either from me falling asleep or the flailing awake seconds later as i wake up falling i've somehow ended up 3 times now purchasing things from a mobile game i like. had to fight google twice to get my money back and am currently trying to get the in game currently i waisted back as well )) .... so yea, as you can tell i'm a bit of a danger to myself... espically my head, and i'd like to very much not to be. in fact, one of my biggest fears for years now is dyying from falling in the bathroom after a family friend did just this, so developing a disorder that likes to create similar scenarios has been anxiety inducing. i should also mention i have a different disorder that makes it so said anxiety causes my body to ache..... so now both my body and my face aches and it just feels like i'm going i'm circles and i do have some safety measures i've put into place. i also know that i'd probably be better off if i just went and laid down whenever the warning signs start but it's hard, becsuse i'm always in the middle of doing something and i just so badly want to finish. sometimes i win too, but generally that's only after i go in and out several times and possibly smacking my head. so, i guess i'm asking if anybody has any advice, or if anybody has any shared experience and gets me, i'd love to hear from you thank you for reading",Sleep Disorders,Trauma & Stressor-Related Disorders,Neurodevelopmental Disorders,Insomnia Spectrum,Cluster A (Odd/Eccentric),Cluster C (Anxious/Fearful),Narcolepsy,Cannabis Use Disorder,Narcissistic Personality Disorder
22193,job ideas?,"hi, i'm bipolar one and am thinking about doing a new career, but i'm not sure. it's sad but the condition does limit me. for example i had a retail job last year and it caused me to go hypo and break down, dealing with all the customers relentless questions and conversing all the time. i have been a freelance journalist for many years but i just don't make enough money. alsoany writers on here?writing (and reporting) is exhausting and takes so much dang work i remember doing the retail i was at first like, this is the freakin' life...doing tasks that aren't literal creation every second felt so easy and relaxing for a while. my end goal is to become a songwriter, but i know that's a hard path and a long shot. (however, y'all know we have the resume for it am i right? intense feels, wild decisions, lfg lmao) but even if that works out it ain't gonna be for years because i am still pretty new to it. i have a worktrade on a farm soon. i have done some farming and gardening work. so i wonder if maybe learning more into that and being a farm assistant or caretaker for a property would be good. but ya, are there things i'm not thinking of? hospitality at a hotel seems cool, but it might be too much people demanding things of me and i would snap. i have done food delivery and i like it, but i also tend to snap after too much driving, and struggling to locate people's apartments in big confusing complexes has made me break down before. do y'all have any ideas? i don't think i want to work from home anymore. thank you.",Mood Disorders,Eating Disorders,Anxiety Disorders,Bipolar Disorders,Substance Use Disorders,Depressive Disorders,Bipolar 1 Disorder,Agoraphobia,Paranoid Personality Disorder
6392,i'm probably just paranoid. (a quick rant),"ever since i was diagnosed with ppd, i struggle with trusting my own judgement. whenever i feel usedbetrayed, attacked or treated badly by other people i always question if it's my ppd or if they really did me wrong. i tried talking about this with my family but all they did was laugh at me and call me paranoid (yeah, no sh) in a derogatory way. of course. they always laugh at me. but i digress. you'd think being aware of the fact that your mistrust is probably due to a personality disorder would make it any easier, but it doesn't. i still feel and think the same way, except now i am much more miserable because i blame myself constantly.",Personality Disorders,Sleep Disorders,Schizophrenia Spectrum & Psychotic Disorders,Cluster A (Odd/Eccentric),Substance Use Disorders,Insomnia Spectrum,Paranoid Personality Disorder,Cyclothymic Disorder,Bipolar 2 Disorder
13305,recently diagnosed question for you all,"i had never heard of this disorder before, but considering my behavior for the last 1015 years, it makes a lot of sense. now that i have this diagnosis, i want to ask others with cyclothymia if you feel as if your personality has taken a hit because of the disorder. what i mean is, on some level i always felt something was wrong with me, and so at some point i stopped trusting my emotional states. for example, when i m more level i feel extremely guarded about showing excitement, taking a compliment, or even making a decision. i think i subconsciously started to recognize that my moods were not stable and began to second guess every social interaction, so as to avoid doing, saying, or feeling something that was just idk. off? not really me? because i have become so unsure about my moods, i ve had a hard time untangling what s authentic in my relationships. i have become an incredibly guarded person, and that is not who i used to be. i feel like i have to relearn who i am now and what my personality actually is like, which is scary. i just want to know if anyone can relate to this.",Mood Disorders,Schizophrenia Spectrum & Psychotic Disorders,Anxiety Disorders,Bipolar Disorders,Cluster A (Odd/Eccentric),Ptsd Spectrum,Cyclothymic Disorder,Avoidant Personality Disorder,Binge-Eating Disorder
22017,it feels impossible for me to have a social life,"i'm 21 and my whole life i've struggled to make friends and build relationships. mostly because i have anxiety, but also because i have really bad social intelligence. whenever someone tries to talk to me, i find it really hard to keep the conversation flowing, and i just feel uncomfortable and want it to end. i think i'm autistic although i do understand sarcasm and other things. i just want to be normal and have some charisma but i don't know if that will ever happen",Anxiety Disorders,Trauma & Stressor-Related Disorders,Obsessive-Compulsive & Related Disorders,Phobias,Ptsd Spectrum,Depressive Disorders,Social Anxiety Disorder,Bulimia Nervosa,Persistent Depressive Disorder (Dysthymia)
23171,it's hard when everything goes bad at the same time,"i rely on technology for progress to a lot of my goals. my laptop has become non functional cause fans, specific fan parts costly and i don't trust myself to prepare it well enough so then suddenly waiting and then pricy to fix. and now suddenly my phone which i ea3s using for less progress but still some, that ive had for 7 years, developed cracks on it for the first time. i after effort for diet to prevent refeeding syndrome for almost year long growth diet had an appetite once a week for a while. now its back to once a month and so painful to stop progress for long term to focus on such short term as making meals and eating and the new meds im on aren't seeming to work. so i've just been in a spiral for a while with fear and anxiety of everything collapsing.",Personality Disorders,Obsessive-Compulsive & Related Disorders,Eating Disorders,Cluster C (Anxious/Fearful),Adhd,Panic Disorders,Obsessive-Compulsive Personality Disorder,Bipolar 2 Disorder,Antisocial Personality Disorder
14280,sharing with family?,"i'm only just very recently beginning to think i have bdd after people have said i might have it and once reading up on it it all makes sense about the way i feel. i didn't think i let my obsessions and self judgement show to people around me but i found a magazine my mom must have put on my bed open with a 2 page article on the rise of men with bdd and i literally started crying reading it, panicking about how she knows and i really don't know what to do...do i talk to her about it? she has so much going on and is always stressed and shes the sort of person who worries to the extreme so if she hears about someone's problem it will literally keep her up at night. if she hears how bad this is getting for me she will likely be scared and stress too much.",Obsessive-Compulsive & Related Disorders,Trauma & Stressor-Related Disorders,Anxiety Disorders,Ocd Spectrum,Panic Disorders,Bipolar Disorders,Body Dysmorphic Disorder,Schizoid Personality Disorder,Narcolepsy
17468,finally ready to recover,"some background i'm 40, have a baby, live alone with said baby, and have been bulimic almost 25 years today i feel like i'm ready to recover. i did inpatient treatment as a teenager and therapy here and there but nothing really helped. i am just so done with this. everyone in my life assumes i'm recovered now. bulimia is just part of my everyday life. and i need that to stop. my routine is usually purging dinner. how do you get out of this cycle? i'm not too keen on getting professional help but do you think it's necessary? i hate talking about this stuff. i need some control back in my life. but of course, there's always that vain worry i will gain too much weight. not sure what the point of this post is. i have no one to talk to irl and i guess just looking for support",Eating Disorders,Substance-Related & Addictive Disorders,Neurodevelopmental Disorders,Restrictive/Compensatory Disorders,Depressive Disorders,Phobias,Bulimia Nervosa,Persistent Depressive Disorder (Dysthymia),Antisocial Personality Disorder
19625,i did not react whatsoever when i found out my mom had cancer,"and in the following years while she was going through chemotherapy i was never distressed about the whole situation, even though i love my mom dearly. has something similar happened to you? why am i so devoid of emotions? i cannot understand it. could it be a selfdefensecoping mechanism? i suppose it has its advantages too because i am never stressed even when in stressful situations.",Personality Disorders,Substance-Related & Addictive Disorders,Mood Disorders,Cluster A (Odd/Eccentric),Ocd Spectrum,Ptsd Spectrum,Schizoid Personality Disorder,Generalized Anxiety Disorder (Gad),Narcolepsy
21598,is it shizophrenia my brother struggle with?,"hello, i live in a religious household where my 15 years old brother s symptoms would be believed to be black magic (he also seems to think so) so i cant speak to my parents about it or they would take him to a religious man where he would spit on him to fix him, and i cant make him go to a therapist. my brother been telling me the last few days about feeling watched in his sleep by azrael (the angel of death) it started maybe a month and half ago where azrael asked him how are u then he came back a few days later repeating the number 25 now my brother believes he is gonna die at 25, azrael came back a few days ago but it was two of him, my brother says my mother is the reason and that she did black magic on him, he has been following me around whenever i talk to my family cause he thinks we are making fun of him, i told him we would never, he said he saw my mothers face laughing in his dream while he was burning in hell, he says he cant sleep because the man azrael will watch him, and that my mother gives him pills that makes him sleepy so he struggles more (its literally appetite stimulants) and that azrael follows him around so he has to be careful, he sees his face in the walls and literally in tv, im only worried because he isnt the type to joke around.",Schizophrenia Spectrum & Psychotic Disorders,Trauma & Stressor-Related Disorders,Obsessive-Compulsive & Related Disorders,Psychotic Disorders,Adhd,Generalized Anxiety Disorder,Schizophrenia,Panic Disorder,Schizoid Personality Disorder
11352,most anorexic patients are obsessive about numbers is it possible to use this for recovery?,"the most obvious numbers people love to keep track of are weight and calories obviously. but i found one person who wound up getting a glucose monitor only because it gave her one more number to obsess over i started thinking, is is possible to use this number obsession to aid recovery? either just eating a healthy number of calories a day, or giving you some sort of imaginary points based on how reliably you've eaten? and keeping track of them over time so you can be like ""wow i've 'scored' 16 points this week, 4 better than last week""",Eating Disorders,Anxiety Disorders,Obsessive-Compulsive & Related Disorders,Restrictive/Compensatory Disorders,Insomnia Spectrum,Ocd Spectrum,Anorexia Nervosa,Paranoid Personality Disorder,Agoraphobia
13803,sad even on cloudy days?,"i ve noticed i m extremely sensative to cloudyrainy days any time of year. it could be a sunny day in july and i m happy, the next day it s rainy and i m meh. sometimes i feel it before even looking outside to find rainy weather. anyone else??",Mood Disorders,Substance-Related & Addictive Disorders,Neurodevelopmental Disorders,Depressive Disorders,Restrictive/Compensatory Disorders,Generalized Anxiety Disorder,Seasonal Affective Disorder,Bipolar 1 Disorder,Narcissistic Personality Disorder
2254,art on my experience with schizotypy,"i made this piece back in high school. i didn t connect to anybody ever and i still have a deep chip on my shoulder from that. sometimes i feel like we are all so porcelain and theres only so much you can do to fill in your cracks. i was and am obsessed with the idea of a puppeteer controlling everything, me, you, everybody, in some crazy story they ll tell one day. i often feel like i crave what is after life, just total peace, that it completes a person. never to complain again, to see stars for the first time, not only to see stars but to become totally absorbed by the display. i made it at a time i was cynical, tried ending my own life, or just hurting myself, i don t even know for sure myself. to be honest seeing this drawing makes me feel a lot of pain but also nostalgia and happiness for the effort it took to get to where i am today. someone is pulling the strings, maybe against me or for me, i ll never know, i live regardless",Personality Disorders,Sleep Disorders,Schizophrenia Spectrum & Psychotic Disorders,Cluster A (Odd/Eccentric),Autism Spectrum Disorders,Bipolar Disorders,Schizotypal Personality Disorder,Antisocial Personality Disorder,Histrionic Personality Disorder
21219,i m tired of not being stable,just need to kind of vent. 2023 i was the most stable after completing a treatment program but as soon as 2024 hit i was hypo then later in the year had a severe depressive episode. this year i just got hypo again and now mixed. i ve gone up 100mg in one of my meds in the matter of a week. i m tired of just switching and so frustrated that even after being treated for this for 5 years this is still happening. i recently got into grad school and thinking i should just talk to the school and defer my enrollment because i don t think i ll be able to function during the program and i don t deal with stress well. i m in contact with my provider(s). when will this end?,Mood Disorders,Eating Disorders,Schizophrenia Spectrum & Psychotic Disorders,Bipolar Disorders,Cluster C (Anxious/Fearful),Cluster A (Odd/Eccentric),Bipolar 2 Disorder,Histrionic Personality Disorder,Autism Spectrum Disorder (Asd)
2796,diagnosis and treatment experiences of cyclothymia in the uk,basically long story short i've had short periods depression for years i thought it was possibly pmdd or cycles of adhd burnout. i recently had a baby and feel worse. my gp prescribed me anti depressants (sertraline) and they have made my mood shifts worse. where i am essentially hypomanic during the 'good' weeks and even more depressed on the bad weeks i paid for a private psychiatric assesment and was told it's defo not adhd but it is a mood regulation disorder which i needed further assesment to diagnose i think it might be cyclothymia. i'd like to hear others experiences of the diagnosis process,Mood Disorders,Personality Disorders,Anxiety Disorders,Bipolar Disorders,Insomnia Spectrum,Adhd,Cyclothymic Disorder,Dependent Personality Disorder,Anorexia Nervosa
2411,autism hidden by adhd?,"i recently viewed a presentation on youtube discussing the possibility that adhd may obscure certain traits commonly associated with autism spectrum disorder (asd). the psychologist who diagnosed my adhd specified in her report that i do not exhibit characteristics of autism, despite the fact that i was not formally tested for it. conversely, the second psychologist i consulted suggested that i might be ""probably autistic"" and indicated that the majority of individuals diagnosed with schizoid personality disorder (szpd) may, in fact, rather be on the autism spectrum. however, this psychologist also did not administer a formal assessment for autism. this raises questions about whether my initial diagnosis of schizoid personality disorder traits might be incorrect or incomplete and whether my adhd diagnosis could have masked underlying asd traits from the first evaluator's view. i am now required to see a psychiatrist to maintain my adderall prescription, which has proven beneficial for me. my first appointment is scheduled for february 25, 2025, and i hope this psychiatrist will provide more clarity and support than my previous psychologists. in terms of community engagement, i briefly interacted with the reddit forums focused on autism but did not resonate with those individuals. for the past year, i have felt a stronger sense of connection within the szpd subreddit, experiencing a sense of belonging for the first time in my life. nevertheless, i embarked on this path of selfexploration only a year ago, and i remain open to further insights and possibilities regarding my neurodiversity.",Personality Disorders,Anxiety Disorders,Obsessive-Compulsive & Related Disorders,Cluster A (Odd/Eccentric),Psychotic Disorders,Panic Disorders,Schizoid Personality Disorder,Schizophrenia,Hoarding Disorder
15293,comeback of binge eating,"i hope it s okay to post here. almost 2 years ago i told myself that i am going to take care of myself, started working out and watched what i ate. i guess i was so determined to loose weight that i didn t have any problem. i lost the weight and was truly able to feel in control. until october last year, at first it wasn t that bad, but now i feel possessed each night and the weight has come back. how do i keep it under control again? i feel awful since i worked hard for my goal weight, and i literally threw it all away. i m ashamed of myself.",Eating Disorders,Mood Disorders,Obsessive-Compulsive & Related Disorders,Restrictive/Compensatory Disorders,Autism Spectrum Disorders,Generalized Anxiety Disorder,Binge-Eating Disorder,Antisocial Personality Disorder,Insomnia
16577,enjoyment,"do any of you get a rise out of denying people things? for example, someone shows interest in you romantically, and you just outright deny them? or, do you ever ghost people to make them feel as if you don't care, or that they are unimportant? when people offer you things, do you enjoy telling them that you aren't interested? do you ever play devil's advocate and say (seemingly) normal things hoping it offends someone deeplyon a personal level? do you withhold emotions with the intent to cause others some level of emotional anguish? just wondering.",Personality Disorders,Neurodevelopmental Disorders,Anxiety Disorders,Cluster B (Dramatic/Emotional),Cluster C (Anxious/Fearful),Panic Disorders,Antisocial Personality Disorder,Alcohol Use Disorder,Autism Spectrum Disorder (Asd)
6821,in need of hair help (,"hi all, my agoraphobia has been pretty bad for years now but recently it s got to the point where i don t actually leave at all, and this has posed a big problem for my personal self care. i cannot physically bring myself to walk into a traditional salon. i m in the anderson, sc area and i was wondering if anyone a) knew of any small hair businesses that aren t usually very active or b) had any resources on how to get started with cutting my own hair. thank you",Anxiety Disorders,Mood Disorders,Trauma & Stressor-Related Disorders,Phobias,Psychotic Disorders,Insomnia Spectrum,Agoraphobia,Alcohol Use Disorder,Bulimia Nervosa
1101,am i having panic attacks?,"i had an important swim meet and during one of my races i wasn t getting air, i felt like i was drowning and i panic and stopped swimming. i felt like i couldn t breath in class we had to read a poem we wrote in spanish out loud. for some reason i couldn t read it. i thought my poem was bad and she called on me then i couldn t say anything like i just sat there and i got really sweaty and i just felt i wanted to cry. she kept saying to not stress about it and just to read it, and i was like yeah true and then i would just sit in silence again. eventually, she got up and read it herself. these are like a day apart and idk it s just really out of character for me.",Anxiety Disorders,Mood Disorders,Schizophrenia Spectrum & Psychotic Disorders,Panic Disorders,Insomnia Spectrum,Psychotic Disorders,Panic Disorder,Histrionic Personality Disorder,Schizotypal Personality Disorder
6066,i want to quit my job,"i just can't stand going there anymore. every single night is filled with dread. on sunday, the whole day feels like that. i keep calling in sick so i don't have to go in and face everything. i always feel inadequate there. i feel like a complete failure every day. it's in an office, so every time someone walks by i have to small talk with them. and i'm horrible. it physically hurts to talk to people. i miss when i was unemployed and was alone and could just feel calm. i can't anymore. i just want to go to sleep and never wake up. i can't stand this horrible life anymore. there is no way i can be alone for the rest of my life, because of working. why do i even have to be alive? i can't stand it, and i'm already up too late. i have to go to work in 7 hours. i hate this life.",Personality Disorders,Obsessive-Compulsive & Related Disorders,Substance-Related & Addictive Disorders,Cluster C (Anxious/Fearful),Adhd,Insomnia Spectrum,Avoidant Personality Disorder,Histrionic Personality Disorder,Cannabis Use Disorder
7104,is anyone else really hypersexual when they are in an elevated mood hypomanic episode?,"over the last 7 months i ve had a few episodes of very elevated hypomanic moods where s i ve been highly productive, talkative, planning last minute holidays, i tend to clean a lot of do the house up when i feel this way high levels of alcohol cocaine consumption, aswell as periods of risky driving what i was say now is risky behaviour as well as sexual behaviour. some of the risky behaviour has actually scared me. a few of these have been pointed out by friends but recently i ve noticed this myself but it s been after the events. i m a 34 year old bisexual female so going with women men isn t uncommon however risky sex is for me but i seem to be doing this more often. and it s when i m feeling so good about myself highly confident, i am able to totally manipulate the situation get what i want where normally i just would not have the confidence to do that. i ve recently spent alot of money on last minute hotels room service drugs to go have sex it s been risky the other weekend i ended up having risky behaviour with 3 people in one night. at the time i felt amazing unstoppable but now i feel im gradually coming down from that high i m embarrassed by my behaviour realising how silly irresponsible i ve been not to mention the health concerns of unprotected sex etc with strangers etc. there have been a few individuals i ve known for a long time because they experienced the high of me in my elevated mood the risky sex, they now want this all the time. does anyone else experience this as part of their cyclothymia bipolar? i know it can be a symptom but i have never been like this before and the last 6 months has been so bad it s starting to concern me.",Mood Disorders,Obsessive-Compulsive & Related Disorders,Personality Disorders,Bipolar Disorders,Ptsd Spectrum,Cluster C (Anxious/Fearful),Cyclothymic Disorder,Persistent Depressive Disorder (Dysthymia),Avoidant Personality Disorder
22050,it pisses me off how much people care about animals.,i get that people form emotional attachments to animals and that s great for them but it seems like some people elevate there animals to the level of god. infact at this point i can say confidently that i ve met people who worship their dog outwardly. it s stupid and i don t understand it and i fucking hate it.,Personality Disorders,Obsessive-Compulsive & Related Disorders,Neurodevelopmental Disorders,Cluster B (Dramatic/Emotional),Panic Disorders,Phobias,Antisocial Personality Disorder,Schizophrenia,Dependent Personality Disorder
19945,i feel happier in the winterfall and lessso in the summer. do my symptoms suggest i may have sad?,"basically when it s summer i just feel mediocre most of the day. i ve hated the heat ever since i was a kid. even when i m in a room with air conditioning i feel this way. and i often end up questioning life a lot, and am more cynical overall. when it s fall or winter though, i always feel happy. whether i m outside, at home, or in any building, i always get this feeling that life matters, and i m always more social. whether i m outside and feeling cold or bundling up inside, i just feel like i have less worries. even just being outside, seeing how windy and cool it is, and the colors, it s just... it makes me comfy with my circumstances. even seeing people wearing coats and pants as opposed to shorts and tshirts gives me this feeling inside that makes me more joyous and interested. for some reason a lot of people in real life seem to think that sad can only go the happy in summersad in winter route. when i suggested to both my parents that i may have it their response was oh, it can go the other way around? i didn t know that which is why i think a lot of people who are sad in summercold in winter don t think to get this checked.",Mood Disorders,Schizophrenia Spectrum & Psychotic Disorders,Trauma & Stressor-Related Disorders,Depressive Disorders,Cluster B (Dramatic/Emotional),Psychotic Disorders,Seasonal Affective Disorder,Attention-Deficit/Hyperactivity Disorder (Adhd),Restless Legs Syndrome
20491,i hate summer,springsummer is approaching and as someone with binge eating disorder and self harm scars it's hell. i feel so fat and uncomfortable all the time. binging in this heat makes me feel so icky and i'm just putting on weight. basically every long sleeve top is tight fitting so i either just look so chubby or i have to suffer in a hoodie,Eating Disorders,Schizophrenia Spectrum & Psychotic Disorders,Personality Disorders,Restrictive/Compensatory Disorders,Insomnia Spectrum,Generalized Anxiety Disorder,Binge-Eating Disorder,Body Dysmorphic Disorder,Panic Disorder
9769,"depersonalization, derealization and panic attacks","the last month my anxiety has been heightened. my boyfriend left me around that time however it wasn t necessarily a depressing breakup. it just allowed me to be more alone and have to deal with the repressed feelings. a little over a week ago i started having panic attacks which i ve never had (i thought i did until the ones i had last week up to today). i would start depersonalizing, seeing what i m doing but not feeling my body doing it. then i would feel faint and need to sit down. i start losing my vision and grab onto anything. i feel like i m just trying to stay alive in the moment. i hadn t experienced depersonalization until monday this week. it was terrifying. but today was the worst day of it. i was approaching a red light when i felt this intense wave come over me and suddenly i panicked. i needed to pull over but i couldn t. i started losing my vision. the light stayed red for what felt like forever. i sped through the other lights to get into my neighborhood to park. i was absolutely trembling. i don t know what to do. has anyone had this happen? this is the scariest shit ever.",Trauma & Stressor-Related Disorders,Personality Disorders,Eating Disorders,Ptsd Spectrum,Adhd,Psychotic Disorders,Post-Traumatic Stress Disorder (Ptsd),Cyclothymic Disorder,Paranoid Personality Disorder
3691,hey its me again i have another panic attack and a half hour ago need an a dice for faint feeling,"i posted two days ago and the community helped me, you guys are the best. well, i was on the street and when i got into the taxi it all started, very intense anxiety, i think my heart was beating very hard and when i arrived at my destination i had to take another taxi back home because the feeling of fainting was very strong. i think that feeling is the worst symptom. you feel like you are going to faint or explode but you don't faint. does anyone have any tips to be able to go out on the street? do you feel like you're about to faint? two days ago i went to the er for a panic attack and my results came back all positive, nothing bad, they told me it was anxiety.",Anxiety Disorders,Trauma & Stressor-Related Disorders,Obsessive-Compulsive & Related Disorders,Panic Disorders,Bipolar Disorders,Autism Spectrum Disorders,Panic Disorder,Agoraphobia,Dependent Personality Disorder
3668,here we go,"every time i think about how long i ve gone without a hypomanic episode, somewhere far far away my brain is laughing and waiting for a random day of the week to suddenly light every neuron on fire in my body all at once. then suddenly i ll have $0 in my bank account and 50 new packages at the door",Mood Disorders,Substance-Related & Addictive Disorders,Neurodevelopmental Disorders,Bipolar Disorders,Depressive Disorders,Insomnia Spectrum,Bipolar 2 Disorder,Attention-Deficit/Hyperactivity Disorder (Adhd),Insomnia
9089,traits of other personality disorders,"my father had aspd and my mother has bpd, and i know there's a genetic component to developing a personality disorder. i've been officially diagnosed with szpd, and i've been told by professionals that i have antisocial traits, but nothing regarding borderline. i also have histrionic, narcissistic, and obsessive compulsive personality disorder in my family, and i'm able notice behaviors of mine that fit the description of those here and there, which would include borderline as well, but at the end of the day everyone has those traits to an extent. it's the maladaptive and intensified state of them that would provoke a diagnosis. i know that i absolutely don't have them, that's already been made clear through the personality disorder assessment i took. but i was wondering if any other schizoids have traits and or a diagnosis of another personality disorder, and if so, which ones? i'm curious to know which pds have higher comorbidity rates with schizoid. i'd imagine it's quite common given the similar etiological makeup of each disorder. i'm also curious to know if gender identity has anything to do with it? given, your gender is your brain's sex. yes, i'm female, but my brain is intersex, and i've always felt more masculine than feminine. i'm wondering if that at all may have swayed me in the antisocial direction, as opposed to borderline. could someone let me know of any other personality disorders they've been diagnosed with, and if comfortable, your gender as well? i'm really curious.",Personality Disorders,Schizophrenia Spectrum & Psychotic Disorders,Sleep Disorders,Cluster A (Odd/Eccentric),Ptsd Spectrum,Ocd Spectrum,Schizoid Personality Disorder,Schizotypal Personality Disorder,Narcissistic Personality Disorder
16210,does stimulating vs unstimulating meds depend on the type of adhd you have?,"i'm going to by trying vyvanse soon and i'm a little worried because my body did not have a good reaction to adderall or ritalin. and if the vyvanse doesn't work, what then? addiction also runs heavily in my family. i've heard that nonstimulating meds exist, but i don't know anything about them.",Neurodevelopmental Disorders,Eating Disorders,Schizophrenia Spectrum & Psychotic Disorders,Adhd,Panic Disorders,Insomnia Spectrum,Attention-Deficit/Hyperactivity Disorder (Adhd),Social Anxiety Disorder,Persistent Depressive Disorder (Dysthymia)
6307,i'm going to a paid psychiatrist for the first time. tips?,"hi, i've always been to doctors with the insurance plan, they're terrible. they diagnosed me with adhd, borderline, bipo... but they never helped me get better. i managed to pay for a great consultation and i don't want to waste even a minute there. what is crucial to say? i say i have a diagnosis or i just say everything and see what she says. it sounds silly, but i really want to know if i have everything they say i have.",Mood Disorders,Neurodevelopmental Disorders,Schizophrenia Spectrum & Psychotic Disorders,Bipolar Disorders,Ptsd Spectrum,Phobias,Bipolar 2 Disorder,Schizoid Personality Disorder,Generalized Anxiety Disorder (Gad)
15424,"constant pressure in front of head, fatigue, body weakness,weird heart sensations...","16f, only posting this here because i don't know what to do and my parents dont seem to listen to me and because im really scared. so for the past 4 days i have been expreiencing constant pressureheadache in the front of my head, constant fatigue, body weakness, a feeling of nausea but my stomach isn't actually upset, low apetite, really weird chest sensations that today turned into heart sensations, (feels like my heart is skipping beats all the time and in general a weird feeling in that lowermiddle chest area),it gets worse when i move or walk. i have been suffering from health anxiety and this does not help. im really scared and i want to go to the doctor but every time i tell my parents they brush it off saying its only anxiety or dont even listen to me. im scared ita heart falieure or a heart attack and im scared every day to go to sleep because of these symtpoms due to the fear of having a heart issiue in my sleep and dying. i've had tests done twice( last summer and right before new years as well as a physical) they did an ecg, chest x ray, and did blood tests both times and found nothing. my bp and pulse are also normal through all of this. im just so terrified and dont know to who to turn anymore. i dont want to die in my sleep or in general.",Anxiety Disorders,Neurodevelopmental Disorders,Mood Disorders,Generalized Anxiety Disorder,Cluster B (Dramatic/Emotional),Ptsd Spectrum,Generalized Anxiety Disorder (Gad),Hoarding Disorder,Delusional Disorder
7062,irresponsible behavior,"im trying to understand the root cause for irresponsible behavior in aspd. im no doubt extremely irresponsible and i let down everyone in my life, including myself. not that i have any concerns about that. when talking about irresponsible behavior in people with aspd, do you actually struggle to try to be responsible and stay motivated to do things, or is it purely a choice? is it a thought process that motivates you to be irresponsible, or is it almost egodystonic like people with adhd that struggle to be responsible, even though they want to be responsible. maybe this isn t the best wording, but i m not shakespeare, give me a break on this one.",Personality Disorders,Anxiety Disorders,Trauma & Stressor-Related Disorders,Cluster B (Dramatic/Emotional),Cluster A (Odd/Eccentric),Insomnia Spectrum,Antisocial Personality Disorder,Avoidant Personality Disorder,Cyclothymic Disorder
4190,how do i get my doctor to actually listen to me??,"i m not looking for a dx just help navigating this shit health care system. i absolutely 100000% have some form of a sleep disorder, there s no doubt about that at all. i m 95% sure it s narcolepsy (of course willing to accept another dx if it fits better but this is the only one i ve found so far). i ve had horrible sleep issues since i got a tbi 5 years ago. my previous pcp said to try amitriptyline, trazodone, melatonin, valerian root, magnesium, etc and doing all these various sleep hygiene things. when that didn t work, and i explained my symptoms to him for the hundredth time he finally listened and said that it sounded like narcolepsy or insomnia and referred me to get a sleep study done. unfortunately he immediately left the practice so his referral was canceled and another doctor put it in under her name so she d get the results. she put it in wrong and accidentally only put it in as a sleep apnea test, not a full sleep lab, which i didn t learn til after the fact. so i know i don t have sleep apnea but that s all. i then switched to a new office because the old one sucked. the new office is pretty good, i like this new doctor over all. she is willing to do pretty much anything for physical visible health struggles, like when i had a mole appear and she put in a referral for me to see a dermatologist asap. or when i had a painful bump under my skin appear and she put in an order for me to get imaging that week. but it s been a year now and she keeps blowing off my sleep issues. telling me to try tea, valerian root, try going to bed at the same time every night, try limiting stress. her new kick is that she thinks it s all caused by my very mild anxiety diagnosis. i ve had anxiety since before i could talk, i know my anxiety. it s like a conjoined twin. this isn t it. i try to tell her that and she insists i do 6 months of therapy just to be sure. 6 months 6 months 6 months of not sleeping. not being able to maintain a job. not able to wake up on time for anything. i try to tell her that i ll jump through her hoops if she puts in a referral in the meantime. in my area, a sleep specialist will be 12 months backed up anyway, i guarantee it. so put the referral in and i ll do therapy the whole time i m waiting, then we can cancel whichever isn t working. she says no. besides that i ve done therapy before, twice. and my anxiety is extremely mild, like it s still there because i m jumpy but it doesn t really affect my life anymore. it s kinda just a thing that s always glued to my back and could become a problem again, but isn t right now. when i try to tell her that anxiety doesn t cause cataplexy she rolls her eyes and asks me to explain cataplexy for the dozenth time. when i do she just shrugs and says that could be a lot of things. sure, that s true. but all of them merit looking into. none of them merit exclusively emotional behavioral therapies. i said i want to see a sleep specialist and she countered with a psychologist. i said no, i want to see a sleep specialist. i don t want to take anxiety medicine that won t work and will just make me feel like shit. trazodone doesn t work, it makes me feel worse. same with amitriptyline and the dozen other ones we tried. i don t want some psychologist to shrug and slap a bandaid on a sleep disorder. i want to see a sleep doctor. how can i get her to actually listen to me? i tried being subtle and gentle, and she ignored it. i tried being direct and using science, and she acted like she thought i was playing dr google. i tried being emotionally honest and vulnerable and she blamed it on my anxiety. i m losing my mind over here and i just want to fucking sleep. i even offered to just pay out of pocket for the specialist appointment so we can forgo whatever insurance nonsense might be causing her to be so hesitant but she ignored me.",Sleep Disorders,Obsessive-Compulsive & Related Disorders,Trauma & Stressor-Related Disorders,Insomnia Spectrum,Ptsd Spectrum,Cluster A (Odd/Eccentric),Narcolepsy,Post-Traumatic Stress Disorder (Ptsd),Agoraphobia
16515,easy to approach ppl but hard to make lasting relationships?,"i feel like i ve gotten used to asking for help that it doesn t give me social anxiety. like yesterday i decided to knock the door of my neighbor s apartment to get a ruler. i try to say hi to the security when i get to my apartment. but at school i feel so isolated cuz i ve tried joining diff groups and putting myself out there. i don t think i m ugly or whatever. maybe i dress a bit plainly or maybe i come off as shy. i don t know where i m going with this but just have this fear i ll be forever alone if i don t figure my shit out. i m trying to go to events and just putting myself out there, but i feel like i ve given up. it s hard to keep friendships unless u see these ppl over and over. it s hard with all the studying and club meetings or whatever i have to do. but i guess i ve started to feel a sense of contentment with who i am? or a sense that it will work out. i don t think i m weird but perhaps it s just naturally harder for me to socialize. i m grateful for my 3ish friends that have my back and understand me, just wish i had more",Anxiety Disorders,Eating Disorders,Schizophrenia Spectrum & Psychotic Disorders,Phobias,Cluster C (Anxious/Fearful),Cluster A (Odd/Eccentric),Social Anxiety Disorder,Adjustment Disorder,Bipolar 1 Disorder
10705,breaking up (with alcohol),"i'm sorry my love. this just is not working out anymore. i am breaking up with you. i know you have always been there for me. always. you've comforted me when i was at my lowest. helped me forget about all my worries so many times. i'd absorb you physically, your presence i felt through my whole mind and body. you would whisper in my ear how much you love me. remind me that you'd never leave me alone, that all i have to do is just reach out for you. anytime of day or night, you'd be there to comfort me. you never judged me or didn't have the time god, we used to get so intimate. the pleasure was beyond comprehension. i'd hold you close. the thing is though, you were never there in the morning. you were just gone. i'd awake to the same problems i had the day before. our nights together never really solved or addressed matters. hindsight, i see it was and is purely just a physical relationship only. many a friend that are concerned about our love affair, have spoken. they have expressed their thoughts. warning me that your intentions are not in my best interest. they are justified. i have lost money entertaining you. i had lost a job due to being absent, a result of our long nights together. i have lost friends as they say they've seen a change in me since we began our relationship. look. it's not you, it's me. i know you say you love me, but i think i've come to realize you just love the attention. i feel you've just been influencing me for your own personal satisfaction. you have been taking advantage of me. i can tell you this very moment. nothing more true. i do not love you anymore. it is best we go our own ways. permanently. please do not try to contact me in any way. i will not respond. this is what is best for me. i want my life back. it is over. goodbye. respectfully, ""g.w.""",Substance-Related & Addictive Disorders,Mood Disorders,Personality Disorders,Substance Use Disorders,Ptsd Spectrum,Depressive Disorders,Alcohol Use Disorder,Cannabis Use Disorder,Sleep Apnea
3591,does anyone else feel like they have a light on the upper left side of their head and a darknessshadow on the lower right?,"tldr just the title. please read fyi, this is a genuine question and i am medicated as i ask this. i am not trying to incite delusion or trigger anybody. i haven't posted here before so please forgive me if i'm breaking any rules. i just really want and need to know. my therapist told me it was something or other, but more or less was like ""what do you think it means?"" i thought she knew more, but i think she's being like 'whats your take' because i was letting her but i need objectivity. it is important to me that i understand what this is. i will take anything scientific explanation, spiritual explanation. i would honestly believe chakra at this point, but believe me i'd prefer something scientific. i've looked this up before, even on this subreddit, and there is literally nobody on the internet so far who seems to know what i'm referring to. the only result that seems to feel right at all is the freaking ai result that says the light is generally considered a ""kundalini awakening"" or some bs like that. superpowered intuition. all that stuff. if that is true though, i don't want it lmfao. i wanna be normal. i don't want the light. the light side of my brain is the fucking worst. i'm serious, i know it sounds stupid and i don't know how to explain this but it burns, it burns my head. i cannot tell you how much i hate the fking burning sensation. it's almost never a truly physical feeling, more like a...""brainfeel"", i guess? the more medicated i am especially with antipsychs the more it goes away. i have found that it seems to be the center of my extreme creativity and imagination and maladaptive daydreaming, and also extreme disassociation and extreme delusion. if i push it too far, that's where my bpd delusions come from, is the light. and the crazy emotions, as well. all the crazy emotions sometimes feel like they come from there. i've come to think of the dark half as my shadow self, but i have no idea how true that is. it feels like a darkness that will eat me alive if i let it, but i feel i cant do things as easily without the light. i relied on it for a very long time. this is the only thing i feel i understand about my head even slightly. also i know how this sounds but please believe me when i tell you this is not a delusion in and of itself. it's just like, a sensation, a source of feeling. and i feel these things in my head always, regardless of if i'm medicated or not (laptrogine or whatever it's called, and sometimes abilify). whether i'm on hormones, not on hormones, good day, bad day, they are almost always there. i've been on like five different antipsychs and many other medications and nothing has ever made it go away so completely that i couldn't bring it back if i tried. and i have been on high doses of these things. for eight months, a while back, i couldn't feel anything at all withdrawal from benzos gave me extreme anhedonia and the light was still freaking there i feel like i'd have nothing without them and i feel like i'm stuck in the middle, feeling nothing, being nothing. like i'm the space in between, slowly getting better. also, when i'm on mushrooms or high in any state, i feel more...like myself, not the light or dark necessarily. i still feel nothing but i can do things more often. the light merges with everything else, maybe? i'm not sure. getting high empowers, sometimes, whatever parts of me are not the light or the dark. dunno what that means exactly. thank you.",Mood Disorders,Anxiety Disorders,Neurodevelopmental Disorders,Bipolar Disorders,Depressive Disorders,Insomnia Spectrum,Bipolar 1 Disorder,Panic Disorder,Major Depressive Disorder
8731,metabolism days,"tw restriction mention, eating patterns, guilt im gonna eat like. unrestricted. like a normal person over this weekend cause im seeing my family for the first time in a while and i dont wanna be a problem while im there. ive been restricting just over my bmr but under my tdee for a few months so my loss has been super slow, and im wondering if its possible that i could end up putting on nonwater weight cause of the sudden increase. it's kinda fine cause i do this semiregularly with no consequences, but this time it's two days rather than say, one birthday meal and honestly i didnt compensate the week before nearly as much as my ed wanted to. i guess i just feel like i have to announce it to the world or i feel guilty like im faking my ed. that is all",Eating Disorders,Obsessive-Compulsive & Related Disorders,Neurodevelopmental Disorders,Restrictive/Compensatory Disorders,Cluster A (Odd/Eccentric),Psychotic Disorders,Anorexia Nervosa,Obsessive-Compulsive Disorder,Post-Traumatic Stress Disorder (Ptsd)
12459,please don t kink shame but,i (28 nb) think my roommateex (35 m) (it s a temporary living situation with an end date) is turned by sa trauma i m convinced and we had some discussions about cnc approx a year ago but i guess i wasn t expecting this now. now that we re broken up during one of my ptsd (possible cptsd) episodes i ve noticed he s aroused more and does things like touches me more. i typically don t like being touched so i take a mental not when it happens and it s been happening more and i dont know if this are normal safe touches for reassurance or if he s like enjoying seeing me vulnerable. so i m wondering if i feel this unsure about my ex s intentionsfeelings can we even be friends? like i wouldn t kink shame him if it s a think for him but i m not sure if we can be friends because it would be so awkward for him to tell me it s a turn on and i can t even imagine asking him this. so basically is this a bad reason to no longer be close friend exes? tldr my ex is getting turned on by my trauma venting because he has a cnc kink. is this a good enough reason to no longer want to be a close friend after he moves out?,Trauma & Stressor-Related Disorders,Anxiety Disorders,Eating Disorders,Ptsd Spectrum,Autism Spectrum Disorders,Bipolar Disorders,Post-Traumatic Stress Disorder (Ptsd),Alcohol Use Disorder,Paranoid Personality Disorder
3132,do other people find it maddening to have to go to the bathroom or am i just weird?,"regardless of the number , i just fucking hate having to go. it s boring, it s an interruption, and it s sometimes even physically uncomfortable. and i have to do it multiple times per day? but the fact that it s boring is really the worst. so i bring my phone, and then i m stuck scrolling on reddit, and a 2 minute interruption us suddenly a 30 minute one and don t even get me started on having to brush my teeth.. why must my body have such demands on me?",Neurodevelopmental Disorders,Substance-Related & Addictive Disorders,Anxiety Disorders,Adhd,Depressive Disorders,Ptsd Spectrum,Attention-Deficit/Hyperactivity Disorder (Adhd),Bipolar 2 Disorder,Post-Traumatic Stress Disorder (Ptsd)
20210,i finally took an exam i ve been avoiding for 2 12 years and i didn t die i even did kind of okay,"i have a horrible fear of exams. not super sure why, high school was a breeze, even the leaving exams which were 5 hours long were no problem. but since i ve become an adult, studying has turned into an absolute fucking nightmare. as a result, i ve been in different university degrees for the last 8 years and have never finished one of them. when given the option, i have always chosen to postpone exams. but this degree, i finally wanna fucking finish so i promised myself i d take the stupid mandatory four exams. this one was not hugely different i procrastinated studying, i procrastinated sleeping the night before, i just didn t want to deal. but i studied a little and went to the exam and to my great surprise, i think it actually went pretty well i knew enough to write something down for every question and i think i got most of them right only one more to go",Neurodevelopmental Disorders,Eating Disorders,Sleep Disorders,Adhd,Psychotic Disorders,Ocd Spectrum,Attention-Deficit/Hyperactivity Disorder (Adhd),Anorexia Nervosa,Agoraphobia
10047,being trans and ugly,"i'm slightly drunk so this is just a bit of a rent. but. being both trans and ugly is so cruel to me. you're permanently trapped in the most hellish, disgusting prison where everything is either wrong or hideous and the only true escape is death. you go to sleep dreading the next day because you know you'll wake up to horror in the mirror. i don't understand how i got so unlucky at birth. it's like i'm not even a person or this is all a awful fever dream.",Obsessive-Compulsive & Related Disorders,Eating Disorders,Sleep Disorders,Ocd Spectrum,Ptsd Spectrum,Adhd,Body Dysmorphic Disorder,Agoraphobia,Schizoid Personality Disorder
19522,i can't stop eating trash food,"i can't stop eating trash food, the funny thing is that i even't like this kind of food. like, in taste. but despite that, i have the need to eat everything i see, everything that has calories. i have problems with food since i was a baby. it was not a problem for my mom that i enjoyed eating. so, i loved food as a kid, an my family always kinda ""support"" that, or make me feel proud. i never do sport a kid, my mom didn t want it because it wasn't ""ladylike"" so i grew up eating a lot and doing 0 sport. fortunately i never had overweight, but still i wasn't (and i'm not) thin. not much as i want. so last year (2024) i feel so insecure about my body that i start eating healty and doing excersice. i start doing it not because i wanted to become healthier. i am 15, so i'm in school and last year a girl in my class had problems because someone call her fat. i know this is silly, but what made me so insecure was the fact that her body was just like mine, so i felt like i was called fat too. i felt so ashamed, that first i stop eating. i, that always enjoyed food so much i couldn't even see food, i felt horrible, so i started hurting myself because i had so much pain inside, i don't have any friends. i had no one to talk about it. after that i start eating again but i started counting calories and i became obsessed with food. i use to spent 5 hours in my cellphone just looking ways or info to be more thin. this kinda worked because i lost a lot of weight, but i still felt (and i feel) fat. but that's when i started bingeing. this got worse in november of 2024 because vacations started. i was all day in home, bored, and food was all day in my head. then in december my parents discovered that i was cutting myself and made me go to therapy, wich i left after 3 sessions because i didn't like going to teraphy, i felt like everything was fine with me, i use to think that hurting myself as a way of punishment was normal. by now i binge eat every day, that makes me feel afwul, it really hurts my seelfesteem. some days i dont go out of my house because i feel really ashamed, i think im gross. by now i was thinking that it would be really good for me starting therapy again but i'm afraid of telling this to my family. i don't want to make them feel worried",Eating Disorders,Neurodevelopmental Disorders,Anxiety Disorders,Restrictive/Compensatory Disorders,Cluster A (Odd/Eccentric),Phobias,Binge-Eating Disorder,Bipolar 2 Disorder,Agoraphobia
16456,drunk friend ruined my life,"ok so . i met this guy online and he seemed like a nice fella. we are both into an artist i will not name bc i want to remain anonymous. anyways. this artist was having a concert in my city so we decided we was gonna go together and he could sleep at my place since he lives in another city. anyways. my best friend was also going to be joining us. heres where the story gets complicated after the concert me, him and my bsf were gonna drink at my house and when we got there and startet drinking he was drinking like a and eventuelly started rambling on abt fycking idek he was having a psychosis or smt he was saying that my bsf was evil which triggered her ptsd. i hit him with a pillow but he still wouldnt stfu. and later he went on to piss all over my brothers bedroom floor. i placed him in the bathroom. he took of his socks and peed all over them. then he tried to escape the bathroom (naked) and run in to the living room where my father was peacefully sleeping. i shoved him back into the bathroom and he got dressed (thankfully i didnt have to help with that part). and now that hes decent i have placed him in my brothers bedroom (also my brother is not home atm). he has a bucket next to his bed incase he gets ant funny ideas (such as puking or pissing). his train back home doesnt leave until late in the evening tomorrow. i am very disturbed. wtf. any advice or input is appreciated.",Substance-Related & Addictive Disorders,Obsessive-Compulsive & Related Disorders,Trauma & Stressor-Related Disorders,Substance Use Disorders,Cluster B (Dramatic/Emotional),Cluster A (Odd/Eccentric),Alcohol Use Disorder,Histrionic Personality Disorder,Schizotypal Personality Disorder
18840,help,"how can you get over being raped at a young age? one of my molesters was my stepdad, my mom knew about it and just looked the other way. this has affected me heavily, growing up having to call him dad and fake being a happy family. im 22 and i live alone, i struggle with flashbacks and memories of my past but l'm trying my best to be positive and push forward.",Trauma & Stressor-Related Disorders,Substance-Related & Addictive Disorders,Schizophrenia Spectrum & Psychotic Disorders,Ptsd Spectrum,Cluster C (Anxious/Fearful),Bipolar Disorders,Post-Traumatic Stress Disorder (Ptsd),Schizophrenia,Body Dysmorphic Disorder
19621,i did it i cleaned up a week s pile up of dirty dishes and a very messy kitchen,saw a few posts here of you guys finally cleaning up and i got motivated to clean my own mess of a week s worth of dirty dishes without calling in my housekeep this is the first time i have done it in the last 2 years without giving up almost immediately and asking for her help my adhd makes washing even a piece or two of utensils almost impossible couple that with my episodes and it s disaster. oh i cleaned the kitchen too yaay,Mood Disorders,Personality Disorders,Anxiety Disorders,Bipolar Disorders,Phobias,Ocd Spectrum,Bipolar 2 Disorder,Schizoid Personality Disorder,Cyclothymic Disorder
5514,huge fight with brother,"got in a huge fight today with my hoarder brother who is currently housing my hoarder father that is suffering from dementia. brother is on the autism spectrum, and doesn't have any desire to clean or do general upkeep in his apartment. for example, the carpet in his apartment has feces on it that fall out from the dirty depends my dad wears, and he can't be bothered to throw them away, instead making our elderly mother do it when she goes over there to care for dad. anyways, today i went to give my dad his insulin and medication to give our mother a break, and i notice that one of the basins of the sink in my bro's apartment is just filled with dirty water. white stuff was starting to collect on the surface (guessing mold?) and flies were buzzing around it and it smelled like absolute shit. i ask my brother what's going on, he says that it's clogged and something's wrong with the garbage disposal. okay, pretty easy solution, just call the maintenance people and have them come fix it. first, he just needs to clean the kitchen of clutter and other filth so they can access it. cue all the excuses from him when i tell him to do it ""i don't have time"" ""i don't know how"" ""i'm not able to do it"" ""oh i'll just have mom do it"". i started going off on him when he suggested that our elderly mother have to clean it. she has just had a hip replacement and just regained mobility, and doing those chores could cause the prosthesis to pop out of place since there is so much clutter that she would be doing very awkward movements. plus, the mopping of filth on the kitchen floor is something she cannot do because she can't bend over or put any strength into the mopping. i tell him he needs to stop being lazy and irresponsible, and just clean the fucking mess so the repair guys can fix the garbage disposal and the still water can drain. this results in him screaming at me. he is a 32 year old man and shouldn't be forcing his elderly mother to do things like this for him. he's been like this his entire life never once stepping up to help around the house or do anything for himself, and when confronted he just answers with a boatload of excuses. (yes, i get that he did offer to take our dad in, which thank god, but now they both live in squalor and he isn't doing anything about it). i'm so fucking sick and tired of these two, and their inability to respect the environment around them. then when when they are confronted about it, they just blow up an take it out on others rather then fixing their problems. my dad completely destroyed our childhood home and made growing up a living hell. now, my brother is destroying his apartment with his hoarding and may end up being evicted leaving him and my dad with nowhere to go... i live with my nonhoarder mom now in an apartment of my own, and we've been out of the hoard together for a year. i'm not going back and going through that again by having them stay with us. i've been putting up with his shit and my dad's shit for my whole life, so today i said i'm done. i'm not going back there anymore. whatever happens, happens. this disorder fucking sucks. people from normal families can't even begin to comprehend the level of dysfunction it causes. the hoard will always be more important to the hoarder then their family and friends to them, despite it causing so many fucking problems. and it is all because of their desire to keep absolutely useless things that will just rot away anyways with time. unbelievable.",Obsessive-Compulsive & Related Disorders,Eating Disorders,Anxiety Disorders,Ocd Spectrum,Generalized Anxiety Disorder,Phobias,Hoarding Disorder,Restless Legs Syndrome,Generalized Anxiety Disorder (Gad)
5173,how to finish things when you have ocpd?,"there's a lot of resources out there providing people who struggle with finishing things out of perfectionism, or sometimes because of adhd, but i've found none specifically catering to ocpd. i keep dropping personal projects i'm passionate about because of my ocpd traits and it's been frustrating me for years now. any resources on managing ocpd in order to successfully complete longterm projects?",Personality Disorders,Neurodevelopmental Disorders,Sleep Disorders,Cluster C (Anxious/Fearful),Ocd Spectrum,Generalized Anxiety Disorder,Obsessive-Compulsive Personality Disorder,Avoidant Personality Disorder,Persistent Depressive Disorder (Dysthymia)
22045,it is what it is,"i'm a permatired, terminally online bitter person with health problems that ruined my life, i'm sick of people. all they do is want, want and want things, i want this i want to become that, you're a nobody and you are not special, stop being so egotistical and narcissistic for once and stop thinking only about yourself. it is what it is though as a kid i never wanted to become anything, i didn't care, nor do i care now, ok? why should i be paid less and suffer just because of this fact? anyway, it is what it is. honestly why can't we all come together and help each other for once? why does everyone have to be pinned against each other, i hate it, i'm so fucking sick of competition and this life. but it is what it is. i wish i left high school when i was still young, healthy and enjoyed my life while i could, now it's too late, but it is what it is you know, i'm truly stuck in the past, when my life was still enjoyable. it is what it is. i don't want to discuss meds anymore, i've tried like 6, it's over... and it is what it is, life sucks.",Mood Disorders,Trauma & Stressor-Related Disorders,Schizophrenia Spectrum & Psychotic Disorders,Depressive Disorders,Cluster B (Dramatic/Emotional),Cluster A (Odd/Eccentric),Persistent Depressive Disorder (Dysthymia),Major Depressive Disorder,Cyclothymic Disorder
22896,looking for advice on supporting my teenager,"i'm a neurotypical parent of a 16yearold son who was diagnosed with mild autism, adhd, anxiety, and depression. he s bright, funny, and passionate he badly wants friendships and dreams of going to college. but school has been overwhelming for him for years, both academically and socially. we've been navigating school avoidance on and off for about five years. he wants to be in a school environment (not homeschool, as he feels isolated), but even with various supports, the demands are too much. we've tried different settings, worked with special education advocates and attorneys, and engaged in mental health supports including inpatient stays, partial hospitalization, and therapy but nothing has really helped him feel successful or comfortable in school. i want to better understand what actually works from those with lived experience. for those of you who struggled with school, what accommodations or approaches helped? did alternative paths work better? were there outofschool supports, therapies, or programs that made a difference? i genuinely want to support him in a way that works for him, not just push conventional solutions that keep failing. any insight or experiences would be deeply appreciated.",Neurodevelopmental Disorders,Personality Disorders,Sleep Disorders,Autism Spectrum Disorders,Cluster A (Odd/Eccentric),Panic Disorders,Autism Spectrum Disorder (Asd),Narcolepsy,Body Dysmorphic Disorder
13634,restrictive or rightfully concerned?,"when i don t track, i can naturally eat around 3000 cal especially when among friends and just going through my day when i am tracking, i realize how much calories i can t eat naturally and typically try to make sure i stay within the 1502 1800 max range. what method should i adopt and why i mean counting my calories has always led to binge and restrict, but also not restricting and counting calories has always led to overweight and obesity. i m a 5 8 woman just for context.",Eating Disorders,Sleep Disorders,Mood Disorders,Restrictive/Compensatory Disorders,Substance Use Disorders,Cluster C (Anxious/Fearful),Binge-Eating Disorder,Narcissistic Personality Disorder,Adjustment Disorder
20332,i guess i have schizoid pd.,"i believe a psychiatrist once briefly mentioned schizoid pd back in the days in my early twenties, but i have never actually considered it myself until recent times (am 27 now). i already have adhd, as well as persistent depressive disorder. but none of those explained my monotonous demeanor, lack of facial expressions and disinterest in engaging in relationships(both intimate and sexual)and social settings. i try to take part in social events still, simply because it is beneficial for my mental health in the long run. i always thought i'm like this because of experiencing emotional neglect in my childhood. my mom has bpd, and i feel like the emotional neglect i experienced has emotionally stunted me. but schizoid makes so much sense. i have an appointment with a psychiatrist later today to try and see if they can help me with my pdd(besides antidepressants). i do feel like this pdd and pd is going to kill me eventually. i've had a few attempts so far, but i never seek help when i am in that mental state. so once it does happen( pretty much a guarantee if i don't get help), there will be little to no warning beforehand. so i am interested in seeing how this will turn out. so thank you for reading until this point.",Personality Disorders,Schizophrenia Spectrum & Psychotic Disorders,Anxiety Disorders,Cluster A (Odd/Eccentric),Cluster B (Dramatic/Emotional),Generalized Anxiety Disorder,Schizoid Personality Disorder,Avoidant Personality Disorder,Restless Legs Syndrome
2153,are psychiatric support animals ever prescribed for one with dysthymiapdd?,"i am a fellow sufferer of this disorder. does anyone have experience with prescribing or being prescribed a psychiatric support animal for their pdd (dysthymia)? what process did you have to follow to get one prescribed? was the process for a personal pet you have already or one provided to you? if one will not be or was not prescribed, what iswas the reason? if one has been prescribed, what exactly was prescribed? did you follow a process to have work and, if necessary, an airline(s) accept them being with you?",Mood Disorders,Substance-Related & Addictive Disorders,Personality Disorders,Depressive Disorders,Cluster C (Anxious/Fearful),Substance Use Disorders,Persistent Depressive Disorder (Dysthymia),Bipolar 2 Disorder,Agoraphobia
19125,hypnotherapy a potential solution to eating disorders,"hello everyone a pleasure to speak to all of you today. i've been taking note of some questions and concerns and wanted to offer some advice and perspective. many know that hypnotherapy is used to help people lose weight, but less know that we also work helping people overcome various eating disorders from food anxiety to outright phobias and fears. let me first discuss the most important thing how and why does hypnotherapy work for how we eat, one way or another. the answer is that everything in life is a sum of association. whether having issues with the act of eating, overeating, undereating, etc... it exists because your subconscious mind made connections and considers this reaction or behavior to be helpful. let me stress, these associations that lead to these reactions and behaviors are viewed as selfpreservation on a level they are viewed as such because of a subconscious connection, logical or not. hypnotherapy is a modality that addresses those associations and, at least in my work, teaches how and why they exist. for those living with food anxieties, i ask you if this exists as a fear or a phobia? the difference is that one exists without logical cause (a phobia) and one exists from experience (a fear) and resurfaces. the second is very common when recovering from a prolonged illness indeed, my first experience helping with this fear was my own mother after a nearly fatal illness subsided. the way each of these is addressed is different what helps resolve a fear can actually enhance a phobia and vice versa. many eds are uniquely personal, though still a product of those 'helpful' subconscious associations. many people have lived with these issues for a very long time creating a new normal is sometimes an issue. the challenge of creating a healthy relationship from an unhealthy one now exists and can be daunting. while the reason for its presence is unique to each of us, the solution is relatively universal. our associations and opinions around the concept of a food or food in general need to be examined and new associations created based upon where you are right now. all of these concepts, issues and solutions exist with the help of your reticular activating system, a physical part of your brain that i teach as the lens of your reality. it is your attentional filter, and it determines not only what you see in daytoday life, but how you see it. this can include more than just feelings, but physical reactions and responses to, say, food. any aspect of it as well... smell, taste, feel and more. it's a very powerful thing and understanding what it is and how it impacts your life is very, very helpful in creating any type of change. hypnotherapy isn't swinging pocket watches and clucking chickens. speaking for myself, i have a post graduate degree in clinical hypnotherapy and helping people understand the reality of my profession is important to me and why i write these. hope, options and concepts exist out there that we may not have ever considered i'm here to help you consider one of them",Obsessive-Compulsive & Related Disorders,Sleep Disorders,Trauma & Stressor-Related Disorders,Ocd Spectrum,Bipolar Disorders,Restrictive/Compensatory Disorders,Body Dysmorphic Disorder,Binge-Eating Disorder,Bipolar 1 Disorder
16833,extend the release of generic methylphenidate using soluble fiber?,"i ve had to switch to the normal generic methylphenidate tablets from the extended release version because of all the stimulant shortages, but prefer the smooth release over the jarring hit i get from taking the generic tablet. and it s hard enough to remember to take meds once per day, let alone remembering and timing a spread of 34 tablets per day which creates a sawtooth delivery of upndown methylphenidate levels in the bloodstream. so, has anyone else tried soluble fiber like psyllium husk (not insoluble fiber big difference in absorption) to get an extended release effect? if so, how did it work out for you? fyi here s an excerpt from google s ai on soluble vs insoluble fiber soluble fiber in psyllium husk soluble fiber, like that found in psyllium, absorbs water and forms a gellike substance in the digestive tract. slows digestion this gellike substance can slow down the digestion and absorption of nutrients, including sugars and fats. may help with cholesterol some studies suggest that soluble fiber can help lower cholesterol levels by interfering with the absorption of cholesterol in the intestines. may help with blood sugar the slowing of digestion can also help regulate blood sugar levels, especially in people with diabetes. may help with digestive health soluble fiber can help with constipation and diarrhea by adding bulk to the stool and regulating bowel movements.",Neurodevelopmental Disorders,Mood Disorders,Sleep Disorders,Adhd,Insomnia Spectrum,Generalized Anxiety Disorder,Attention-Deficit/Hyperactivity Disorder (Adhd),Schizoaffective Disorder,Schizoid Personality Disorder
11815,"my job, my head, and health.","for the last year, i've been working as an english teacher, in my country, it's a decent profession, at least, my autistic ass with no papers got a job at a small academy due to being or being close to c1 (thank you minecraft). in all honesty, i find it overbearing, i'll never understand how people can live in such a chaotic environment, even though i do have adhd i don't understand how you're willing to give out a class without really knowing what you're gonna do. i spent too much time prepping mentally for social situations, i genuinely hate how i can't just ""adapt"" maybe out of a lack of social skills. even for small situations, social casual ones. in all honesty, i don't know what i'm doing here, i don't have any chances anywhere else, i've had a horrible relationship with education and people in general and i don't know how to communicate to my family and even boss that i don't think i'll be able to do this for too long. i also suffer from executive dysfunction. been thinking about giving up on the profession, and finding something else to do, but i don't know what to do, i don't feel like i love anything that matters enough to take a jab at it. i'm thinking about saving and leaving the country i'm in and just working some dead end job alone in some small town far away from home so i can get away from the only eyes that i feel can truly judge (my mother's). dramatic i know, but seriously, i don't believe i'll be able to deal with this, with the people, and i feel like i'm slowly going insane, seriously, i need to go somewhere else, somewhere else even quieter, i don't want to hear their voices anymore, i don't want their thoughts, and their desires in my head, i don't even understand what's going on, and i don't even know why i work, and why i do the things i do, i don't even feel like i enjoy the things i used to. thank you for reading",Neurodevelopmental Disorders,Substance-Related & Addictive Disorders,Schizophrenia Spectrum & Psychotic Disorders,Autism Spectrum Disorders,Psychotic Disorders,Phobias,Autism Spectrum Disorder (Asd),Delusional Disorder,Narcolepsy
19471,i can't come up with titl,"so for the past year i've pretty much been avoiding going to places that always trigger panic attacks for me. and i've been taking propranolol to all the places and events that make me have bad anticipatory anxiety. so basically i've been panic free and anticipatory anxiety free for a year thanks to avoiding and propranolol. well today i had a bloodtest and since i'm prone to fainting i skipped propranolol since it can make you faint even easier. well, i had panic attacks all morning and i even chickened out before i even had the bloodtest because i couldn't handle the nervousness at all and the waiting time was so long i couldn't take it anymore. i feel pissed and disappointed in myself. i don't know what to fo. it feels like i maybe have to stop taking propranolol because the exavt thing happened what i always feared is going to happen if i start taking any meds for anxiety i can't handle it anymore without the meds. p.s. what is up with that title requirement of under 26 characters??? that's just impossible",Anxiety Disorders,Eating Disorders,Substance-Related & Addictive Disorders,Panic Disorders,Phobias,Ptsd Spectrum,Panic Disorder,Sleep Apnea,Post-Traumatic Stress Disorder (Ptsd)
17864,"first time posting, binging for dayyysss","30fcalifornia ok this is hard to admit but i m positive i have a binge eating problem. i can t help but constantly think about food. it s so difficult to stop myself from binging even just a lil bit everyday. it s been this way for at least 3 months and i just feel completely out of control. i am a pretty active person too i work out like 45 days a week last year i was on a pretty healthy kick tracking calories because i was trying to lose weight. but after my weight loss plateaued, i stopped tracking calories because i figured i should reset my metabolism. that was back in october of 2024 and since then i have just been eating like a maniac. i ve gained back some weight and i have a new weight loss goal that i would love to achieve by this summer but it s just hard to stick to the diet part of it. i m afraid i ll gain even more weight if i don t get my diet under control but everyday i tell myself okay this is the last binge before i start dieting seriously and then, i m doing good for 23 days and then binge again. it s always certain foods that i noticed trigger a binge (chocolate, ice cream, baked goodsdonutscookies) and what s weird is i don t really crave savory food mostly sweet. i talked to my therapist about it before she left for maternity leave and she gave me a binge eating disorder workbook that i am going to really dive into. i think i m honestly just and emotional eater and feeling out of control trol with food just makes me want to eat more and then i comfort myself with more food. so it s just a cycle that i really want to break wish me luck, i already binged today and i m telling myself this is it i can t keep hurting my body this way and prolonging my goals. any advice or encouragement is much appreciated",Eating Disorders,Anxiety Disorders,Schizophrenia Spectrum & Psychotic Disorders,Restrictive/Compensatory Disorders,Psychotic Disorders,Substance Use Disorders,Binge-Eating Disorder,Schizoaffective Disorder,Adjustment Disorder
4818,how life would be without anxiety and insomnia.,i really wonder where i d be if i didn t have severe anxiety and insomnia. i would be in school probably already would have went to school (college) i also really want to work days but i m so scared because i have anxiety. i just wish i could be normal .,Sleep Disorders,Neurodevelopmental Disorders,Substance-Related & Addictive Disorders,Insomnia Spectrum,Cluster B (Dramatic/Emotional),Phobias,Insomnia,Body Dysmorphic Disorder,Generalized Anxiety Disorder (Gad)
12476,please help,"i feel like i'm dying so bad right now and its scaring me so bad. i was just sick and decided i should try to do my theatre performance since i felt better but as soon as i got there i started overheating and feeling like i was gonna faint. fainting is one of my biggest fears so i was freaking out so bad i had to go home after already getting ready for the show. its been hours and i still feel like death. i feel weak, sweaty, not real, insanely tired, and much more. i don't even remember the last time i felt so bad. i just feel like soon enough i'm going to die. how do i calm myself down? its been like 6 hours and i can't stop worrying. this is almost the worst its ever been and idk if im going to ever get back to normal i can't even fall asleep like i usually do when i feel super anxious.",Anxiety Disorders,Personality Disorders,Substance-Related & Addictive Disorders,Panic Disorders,Psychotic Disorders,Substance Use Disorders,Panic Disorder,Persistent Depressive Disorder (Dysthymia),Seasonal Affective Disorder
21076,i have no idea what's going on anymore,"i've been having feelings like this for quite a while, probably like a year or so. when i was younger i was sa'd by a cousin, since then i've had a hard time with friends and stuff. i've been sent stuff online i can't unsee. adults have tried to get into (sexual)relationships with me online when i was a minor. i have issues with sh and i drink sometimes. the issue is i feel like i'm faking it, even though deep down i know i'm not. i feel like it's not as bad as it is, because i'm used to it, even though deep down i know it is. like if i flinch at something, or hitch my breath if i see something triggering, i feel like i'm overreacting. i feel like it's not valid, like i can control it, like it's fake, when it's not. i'm not sure why, does anyone else feel like this? and then there's a lot of the times i'm in a supposedly triggering situation, and i have no reaction to it. but sometimes i do. i don't know anymore, it just makes me so confused and i want to understand what's going on.",Trauma & Stressor-Related Disorders,Schizophrenia Spectrum & Psychotic Disorders,Mood Disorders,Ptsd Spectrum,Cluster B (Dramatic/Emotional),Ocd Spectrum,Post-Traumatic Stress Disorder (Ptsd),Adjustment Disorder,Generalized Anxiety Disorder (Gad)
2342,at home employment,"hi, i ve been housebound for at least 3 years now but i m twenty and i want to start making money to save for when i am hopefully doing a little better and maybe even to afford good therapy. i have no work experience and i m not sure what kind of job i could to completely from home but if anyone does please advise me just trying to make the best of my situation and maybe give my brain some stimulation too ) thank you in advance",Anxiety Disorders,Mood Disorders,Schizophrenia Spectrum & Psychotic Disorders,Phobias,Depressive Disorders,Bipolar Disorders,Agoraphobia,Post-Traumatic Stress Disorder (Ptsd),Schizoid Personality Disorder
997,all bets on sleep apnea right now.,"28 m here. i am currently waiting for my results, and i'm hoping they are positive because i'm sick and tired of test after test. it first started the beginning of covid. i was really active and in great shape. but i noticed that after every workout or run, i had to take a nap. i was basically falling asleep after. then i started to have gi issues, and i thought, ""oh, these are probably why i am so tired all the time"" got a colonoscopy done, and results were okay, nothing serious so my next step was get an pcp, i filled out my mental health eval, and they where like ""so your very depressed and anxious"" i've struggled with mental health my whole life, adhd, ptsd, and bpd diagnosed. they sent me in for my lab work, got my blood work back, and all that was wrong was low b12 and high ldl cholesterol. now i take b12 every day, and that helps, but it's not drastic. i'm always still cronically exhausted. after that, because of my gi issues, i requested more blood work for celiac desise and food allergies. everything came back good and healthy. then i started to see my phych, who was and is giving me pills like candy. started with wellbutrin, methylphenidate, guanfacine, then qutepine for sleep. she did ask if i done a sleep study and was tested for sleep apnea. and if i am diagnosed with sleep apnea, treating my mental health will become a lot more simple. i am on 2mg guanfacine er and it helps keep me stable, and my heart feels a lot more calm on it too, huge the last time i went, i brought up my exhaustion again, and that's when i got qutepine 25mg. i took it and i was out within an hour the first night, but i woke up a lot still, and i didn't feel much better than usual, except i was less anxious. i kept trying qutepine and the same thing i kept waking up as much as usual or even more that's when i was like ""okay, wtf?? taking an sleep study has been on the back of my mind for an while, and i finally said ""screw it"" when the qutepine didn't help. i took my sleep test last night, and now i am waiting on the results and fingers freaking crossed i get an answer i straight up feel like if i don't figure this out years and years will be cut off my life, and i won't ever be able to live my life the way i want to. it's the worst feeling imagineable, but i'm pushing on with an sliver of hope",Sleep Disorders,Substance-Related & Addictive Disorders,Anxiety Disorders,Insomnia Spectrum,Depressive Disorders,Autism Spectrum Disorders,Sleep Apnea,Paranoid Personality Disorder,Histrionic Personality Disorder
22718,life seems ok but i don't feel like i deserve it. been feeling really down hours before bedtime.,"a feeling that has been hovering over me for weeks is that i feel like i don't deserve to live. my life's pretty okay if you look at it from the outside. ok job, great friends and relationship. but somehow i feel like i don't deserve it. like i don't deserve to live or exist. like i don't deserve this life i have, the job i have, the friends i have. i feel ashamed of myself and quite embarrassed at myself for feeling this way... it happens usually at night before bed. the sadness, this hollow feeling on the chest slowly starts creeping in after dinner. i would get notsogood dreams too and waking up usually on the wrong side of the bed. i've done everything meditate, journal, go on a walk. but still nothing changes. anyone feel the same? how do you guys cope with nighttime sadness?",Mood Disorders,Trauma & Stressor-Related Disorders,Substance-Related & Addictive Disorders,Depressive Disorders,Substance Use Disorders,Cluster B (Dramatic/Emotional),Persistent Depressive Disorder (Dysthymia),Generalized Anxiety Disorder (Gad),Histrionic Personality Disorder
1359,anxiety about ignoring anxiety?,"so i (obviously) get anxious very often and i ve tried a lot of ways of dealing with it, but they haven t worked. what i ve found works sometimes is telling myself that it s just an anxious episode and i should ignore everything my anxiety tells me until the episode is over because i m just catastrophizing everything in that moment. now even though this works sometimes because i ll just ignore my thoughts and not take them seriously until i feel stable, i feel like it started creating more anxiety when i do that? my anxiety is like you re ignoring what i m telling you but what if what i m telling you is actually true and you ll just ignore every warning i give you? what if you don t listen to yourself everytime you feel scared? something horrible will happen if you don t pay attention to your anxious thoughts so it s really messing me up, i m genuinely terrified that i ll one day ignore some really important thoughts and just brush them off as an anxious episode anyone experience this?",Anxiety Disorders,Substance-Related & Addictive Disorders,Trauma & Stressor-Related Disorders,Generalized Anxiety Disorder,Insomnia Spectrum,Cluster B (Dramatic/Emotional),Generalized Anxiety Disorder (Gad),Schizotypal Personality Disorder,Bipolar 1 Disorder
13838,sadistic bursts when angry or very frustrated?,i dont say i have aspd just asking if you guys feel this way when a lot of things gather up in your head and you dont know how to deal with them anymore . do you psychologically or physically torments people or pets ? how do you stop ? i feel like the only way i could stop right now is if someone sedated me or put me in a coma .,Personality Disorders,Sleep Disorders,Substance-Related & Addictive Disorders,Cluster B (Dramatic/Emotional),Ocd Spectrum,Cluster A (Odd/Eccentric),Antisocial Personality Disorder,Histrionic Personality Disorder,Attention-Deficit/Hyperactivity Disorder (Adhd)
12114,panic attacks when i m in a car and only when others are present with me in the car.,"this actually started a few years back, but had died down until recently. here'a what happens because i'm one of the unfortunate ones that get nausea with panic attacks and feel the need to vomit, my brain likes to do this ""hey wouldn't it suck if you suddenly had the urge to vomit and you can't go anywhere and it'll be all in front of everyone?"" whenever i get in a car with people or in situations where i'm not ""in control"". what i mean by in control here is when my actions for leaving or for pulling the car over (or worse when i'd have to ask someone to pull over) would affect others. if i'm by myself, i can do what i want and nobody is the wiser. so then i'm pleading with my brain ""no no no think of something else think of something else"", but it's too late. i start getting the racing heartbeat, the heavy feeling in my chest, cold, tingly toes and fingies, strong nausea and then start getting tunnel vision and feeling tinglyfuzzy and hot. like oh god please put me in a freezer right now or i might burn alive. it becomes a struggle not only to maintain my composure in front of others, but to not just start vomiting while driving. it's getting to the point where i don't want to go out with the family and go to dinner because i know it's going to be hell on the ride home. on a full stomach. any advice for me?",Anxiety Disorders,Neurodevelopmental Disorders,Obsessive-Compulsive & Related Disorders,Panic Disorders,Cluster B (Dramatic/Emotional),Ocd Spectrum,Panic Disorder,Avoidant Personality Disorder,Delusional Disorder
8583,"why do i get uncomfortable and triggered over simple, unreasonable things?","ive always gotten anxious and frustrated over simple things, for example, trying on a dress. i went dress shopping yesterday with some other family members, including my mom for an upcoming event. it was all good until the next day, today, and she asked me to try on another dress we had and i started getting this overwhelming sense of dread and anxiety and i honestly was a bit of a jerk about it. nothing came up to my mind to say but ""no"" and i feel like shit about it since she's still mad, reasonably, i was an ass. this had always been here, but i feel as if it's gotten worse. my uncle, who i was close with recently had a unexpected death after going missing on a walk. i've also been stressed about school related things and i have no idea if that might be something related, but thought i'd throw that out there. i'll go from being sweet to being triggered over the smallest things. it feels dumb and probably is, but i don't know what to do about it. it's been genuinely affecting my relationships with family and such and stresses me out as well, not to mention the overwhelming guilt afterwards but i can't seem to break through my own damn pride to say anything until everything returns to normal. i'm not all all saying i'm in the right or i didn't do anything wrong because i did. it just feels impossible to do anything about it. my motivation feels gone.",Anxiety Disorders,Schizophrenia Spectrum & Psychotic Disorders,Personality Disorders,Generalized Anxiety Disorder,Cluster A (Odd/Eccentric),Bipolar Disorders,Generalized Anxiety Disorder (Gad),Antisocial Personality Disorder,Sleep Apnea
4178,how do i get a diagnoses,"i have had so many panic attacks, i m prescribed klonopin as needed and buspar 3 times a day but apparently i m not allowed to get a form that explains that i m diagnosed because i have my psychiatrist and therapist on talk space and there s rules against it apparently? i asked my therapist and he basically said he couldn t write one for me because i don t meet him in person. i need a form that explains my anxietysomehow get a panic disorder diagnosed for school accommodations.",Anxiety Disorders,Trauma & Stressor-Related Disorders,Mood Disorders,Panic Disorders,Adhd,Cluster A (Odd/Eccentric),Panic Disorder,Alcohol Use Disorder,Restless Legs Syndrome
15686,dae feel like they re in a glass world away from society?,"due to having a personality disorder and lacking empathy, i feel very detached and disconnected from other people and the world around me. i naturally perceive other people as objects (in a sense) and being around them feels like watching fish swim in a fish tank. it s such a strange feeling. can anyone else relate?",Personality Disorders,Schizophrenia Spectrum & Psychotic Disorders,Eating Disorders,Cluster B (Dramatic/Emotional),Generalized Anxiety Disorder,Autism Spectrum Disorders,Antisocial Personality Disorder,Cyclothymic Disorder,Delusional Disorder
639,adderall question,"basically, when i started adderall xr, the first time felt great, it was a lot of the effects that yall talk about, but after only like 4 hours it went away, and every other time i felt nothing taking it. does anybody have any ideas what is going on? did i just like gaslight myself into thinking it was working the first time, or is there maybe something else going on? also, i have tried upping the dose, but still feel nothing.",Neurodevelopmental Disorders,Anxiety Disorders,Trauma & Stressor-Related Disorders,Adhd,Restrictive/Compensatory Disorders,Phobias,Attention-Deficit/Hyperactivity Disorder (Adhd),Hoarding Disorder,Body Dysmorphic Disorder
12390,peth testing,"hi there, i m in a recovery program that drug tests to ensure abstinence. i relapsed on feb 14th had some whiskey. my case manager is aware. however, she s sending me for a peth test this upcoming week. any experience with that? would i be okay after 17 days sober if i had over a month sober prior?",Substance-Related & Addictive Disorders,Anxiety Disorders,Sleep Disorders,Substance Use Disorders,Phobias,Restrictive/Compensatory Disorders,Alcohol Use Disorder,Schizophrenia,Agoraphobia
22446,just wanna eat with mom,"still struggling with this. after not being able to visit the grocery store i, begrudgingly, had to just order my groceries. as clunky as it is, home cooked meals are a big step for me. but this morning my mom wanted to take me out to eat, initially agreed to a breakfast but as soon as i did i started feeling an ugly anxiety and i had to communicate . she understands of course, even said to wait a few hours and call back but i feel terrible putting her through this. worse come to worse though we agreed to just pick up and go but the guilt is still there. hate it.",Anxiety Disorders,Schizophrenia Spectrum & Psychotic Disorders,Mood Disorders,Panic Disorders,Autism Spectrum Disorders,Insomnia Spectrum,Panic Disorder,Adjustment Disorder,Dependent Personality Disorder
5658,i struggle to get up the motivation to turn on my tv and struggle to watch things because it feels like work. is this avolitionanhedonia?,i used to love watching tv. i could binge watch shows for hours. but after all this schizophrenia stuff started it is nearly impossible. i seriously can rarely get up the motivation to press the button on my remote to turn the tv on. i don t know why this is. can this be related to avolitionanhedonia? sometimes i laugh or smile so i don t know if that means it can t be anhedonia. though it seems like it because the majority of things i used to love doing don t feel like they used to.,Schizophrenia Spectrum & Psychotic Disorders,Neurodevelopmental Disorders,Substance-Related & Addictive Disorders,Psychotic Disorders,Depressive Disorders,Generalized Anxiety Disorder,Schizophrenia,Generalized Anxiety Disorder (Gad),Post-Traumatic Stress Disorder (Ptsd)
21308,i miss my ed (the voicrs ahhhh),"hi, i haven t been on here in a while recovery was going.. well it was going. i made the decision to recover a little under a year ago and since then i ve completely physically recovered, become a high performance athlete (soon to trainalready training in national ranks), though mentally things still are iffy. it was going okay overall. going into sport wasn t detrimental to my recovery, it helped me start to eat more, understanding how much i really needed for the energy. recently however, i find myself really yearning for old habits, the restriction, the obsession. i know logically how awful it was, i spent majority of 10th grade in a dissociative state, it ruined my relationships, and myself. i know logically, realistically, i can t relapse, especially not to the state i was, with my sport now, it would kill me. even so, i find myself even craving the cold, harsh, unforgiving aspects of it all, and it s becoming harder to fight off the urges and thoughts. i don t know what to do, i literally cannot relapse without jeopardising myself, my sport, my position. it s a precarious cliff and i stand on the edge of it all. anyways yeah just needed to yell that out into the world otherwise i d go insane p. i can t tell this to people around me or anything because i know any discussion around it is unlikely to make any difference in my mind.",Eating Disorders,Substance-Related & Addictive Disorders,Trauma & Stressor-Related Disorders,Restrictive/Compensatory Disorders,Phobias,Depressive Disorders,Anorexia Nervosa,Cannabis Use Disorder,Schizophrenia
8207,not good at anything,"hey guys i m super late to this thread but something kickstarted my tumble down the realization that i m truly am not good at anything. for some months i ve been doing okay, putting effort at work and school. turning blind eyes to those who seem to have their shit figured out. with the understanding that i was mediocre at best, i decided that where i fall short, i would make it up somehow. like say if i had a group task with my friend and couldn t help because my brain didn t work, i would make it up by offering to do something (even against my convenience) for them. in this way i felt that i was repaying society somehow. like look i m not so useless after all. the thing is i m tired of running after people to make up for where my existence failed to. i can t draw, can t sing to save my life. unathlectic, not smart. i just don t have anything i can say that i m good at. you know the craziest thing about all this. my mind. it won t shut up about wanting me to execute things beyond perfection. knowing fully well i will not able to. so when my mediocrity shines forth, my mind will nag at me for weeks on end, it will take so much will power to move past that failure. i m a loser trapped in the mind of a perfectionist and my mind is a prison. i m genuinely so tired because all of these my feelings are just feelings. they don t matter because at the end of the day i am still mediocre, barely enough no amount of tears or thinking will change that. maybe really it s all my fault and i am way into my head. i mean maybe it s really not that hard, just try something and perhaps i ll be good at it. i have just become to much of a laughing stock by the people around me that it feels fake to try. i m exhausted i m pushing 23 and still don t know what i m good at. guys i m so tired of barely being enough. my heart is always heavy and i m just tired. it may seems minuscule, i mean some people don t have a place to lay at night. but a human without purpose is just idk mehn. i just came in here to rant because i am waiting for the day that it gets to be my turn. oh yeah i can definitely do that for you, that s my thing",Mood Disorders,Neurodevelopmental Disorders,Schizophrenia Spectrum & Psychotic Disorders,Depressive Disorders,Adhd,Generalized Anxiety Disorder,Major Depressive Disorder,Cannabis Use Disorder,Bipolar 2 Disorder
7185,is it anyone else or is it getting extra bad this year?,"i m starting to get extremely worried. i don t feel like doing anything. the past few days i ve been sitting around doing absolutely nothing while i have finals next week and 5 late labs due and meanwhile i m doing nothing about it. i just feel like i m not gonna last very long like this. does anyone have any ideas? i take antidepressants and a light lamp is on the way (asked for it as an xmas gift) so i m doing what i can there for now, but i also happen to have horrible insomnia (get it from my dad) and can t seem to fix it no matter what, especially now. winter sucks man.",Mood Disorders,Schizophrenia Spectrum & Psychotic Disorders,Obsessive-Compulsive & Related Disorders,Depressive Disorders,Substance Use Disorders,Panic Disorders,Seasonal Affective Disorder,Narcolepsy,Persistent Depressive Disorder (Dysthymia)
22210,join the free beta test for the vagus nerve reset program,"hey everyone my team and i are launching a vagus nerve reset program, a 180day guided journey to help you regulate your nervous system using sciencebacked techniques. what s included? daily study materials practical habitbuilding exercises techniques based on polyvagal theory and the latest scientific research why is it free? we re currently in the betatesting phase and offering full free access to our first group of testers while we can t yet share full details about our team, irb, or university affiliations due to nda restrictions, everything will be fully disclosed upon the official launch. how to join? the beta program launches in april 2025. if you're interested, fill out this form to receive an invitation [sign up here](httpsforms.gle8xurx5z3f26jhesg6) let s reset and heal together",Anxiety Disorders,Trauma & Stressor-Related Disorders,Substance-Related & Addictive Disorders,Panic Disorders,Insomnia Spectrum,Cluster C (Anxious/Fearful),Panic Disorder,Attention-Deficit/Hyperactivity Disorder (Adhd),Sleep Apnea
21929,is this really that bad ?,"it's official now i'm diagnosed with ppd, and i can confirm, it is not a mistake. a lot of the characteristics of the disorder fit me and i never reveal them to anyone, so i have fully accepted this fact. but i have a serious question for you all do you think that this is really such a bad thing? from what i understand there are some extreme forms with extreme consequences, but the majority of traits don't look all that bad to me. speaking in my own name now i feel like people want to use me and then dump me once they are finished. is this really such a bad assumption to make? the idea with ppd is that the reality of the situation gets exaggerated, but somehow i still feel like i'm not cautious enough with people around me. for example, i have known a guy a few years back and he said the following "" we (the entire group of people that were listening) will not talk to each other once university ends"". i suspect the people close to me to actually hate me. this again is a classic one and i have on some occasion confronted that person about this. the conversation was not about ""secretly hating each other"" but about ""damaging our relationship"" and as it turns out i was right about that. i don't seek a serious relationship. the idea is if you get past the stage of friendship, friend with benefits, etc. you start investing to much into the other person, investment that may not pay off. i have asked a few people that i consider to be partner material about their lives, and i was met with ""i'm not sure"" ""i don't know"" etc. again the idea is that my supposition while not correct by any means, but has pointed me in the right direction. do you feel the same? am i paranoid about my own paranoia? or any advice that you can give is welcomed.",Personality Disorders,Schizophrenia Spectrum & Psychotic Disorders,Sleep Disorders,Cluster A (Odd/Eccentric),Restrictive/Compensatory Disorders,Psychotic Disorders,Paranoid Personality Disorder,Persistent Depressive Disorder (Dysthymia),Seasonal Affective Disorder
2196,are those panic attacks???,"hi all been diagnosed with gad a few years ago, been taking zoloft for about a year. i also probably have ocd, so i'm a bit confused if what's happening is because of my gad or my ocd, it can be hard to differentiate the two when they overlap so much. basically, everything will be fine and then i might get a thought about something stressful (it's the intrusive thought part that makes me wonder if it's ocd, maybe it's both??) and i'll immediately change. i go from being fine, watching tv or whatever and then get the thought and in a second, i get anxious, extremely nauseous, dizzy, i'm sweating, etc. (the symptoms of a panic attack?) and then it makes the thoughts start running in my head and i have to actively work hard to not start thinking about bad things and make things worse. it can be distressing, especially when i do have something stressful coming out because i can't just go ""it's all in your head, this is not gonna happen."" because it will eventually happen. is this just normalclassic panic attacks? maybe a panic attack triggered by ocd?? thanks",Anxiety Disorders,Substance-Related & Addictive Disorders,Personality Disorders,Panic Disorders,Adhd,Ocd Spectrum,Panic Disorder,Social Anxiety Disorder,Schizoid Personality Disorder
18451,hard time,"i can t go back to the hospital. terrified they ll kill me there. i don t know how i fit here. work every day, pay bills, while i m under attack. sometimes i think i belong in the hospital. but i can t. i don t know how to get help. i feel pathetic.",Schizophrenia Spectrum & Psychotic Disorders,Personality Disorders,Eating Disorders,Psychotic Disorders,Phobias,Panic Disorders,Schizophrenia,Obsessive-Compulsive Disorder,Adjustment Disorder
10102,beta blocker enlightenment,"i've been on beta blockers for three years. recently doubled my dosage. only after having started this higher dose do i now realize how f'd up my life has been due to anxiety. extreme anxiety. i'm a 53m. in therapy and on meds for 33 years, and until bbs had only used ssris and a few ineffective antipsychotics during a brief scare in my late 20s. a lot of resentment and regret for not being prescribed this med earlier, but realize only recently have bbs been used for anxiety treatment. if you're a younger person struggling with extreme anxiety, resulting in agoraphobia and crushingly low self esteem, consider asking a trusted adult or caregiver about bbs.",Anxiety Disorders,Personality Disorders,Trauma & Stressor-Related Disorders,Generalized Anxiety Disorder,Substance Use Disorders,Cluster A (Odd/Eccentric),Generalized Anxiety Disorder (Gad),Bipolar 2 Disorder,Major Depressive Disorder
21252,i made a new friend but feel like if they leave i won t exist anymore,i need them to feel real. to make the future i m wanting feel possible. we have similar interests and goals so it feels so great to feel like i m this person but if they leave that feeling will go away and i ll just feel lost again. untethered.,Personality Disorders,Trauma & Stressor-Related Disorders,Neurodevelopmental Disorders,Cluster B (Dramatic/Emotional),Ocd Spectrum,Autism Spectrum Disorders,Narcissistic Personality Disorder,Avoidant Personality Disorder,Schizoaffective Disorder
16524,eating habits and weight gain,"so because of my medication on the days i do eat normally i gain like 7lbs overnight. like if i have a dinner out or something. so i eat everything like 5 chcolates an avocado cocktail a big dinner etc because im gonna gain the weight anyway then for the next 23 days i eat like 500 calories and end up losing the 7 lbs like 4lbs first day then 2lbs second day then 1lb the last day. i used to be able to eat normally without gaining weight and maintained at 48.5kgs. but now i have these crazy eating habits where i restrict for a few days then go all out one day as soon as im back to 51kgs i go all out that one day then spend the next 3 days restricting to lose it. honestly its driving me crazy i chatted with someone on reddit who used to take invega who had the same thing happen to her and it took her 2 years off the medicine for her body to stop gaining like crazy and just maintain and actually lose ive been 7months off the medicine and its getting worse i used to gain 1 pound overnight, then 3 pounds, then 5, now its 7 i wonder if itll get to the point i gain like 20lbs overnight and if i eat 700 calories i gain a pound, if i eat 2k calories i gain 2 pounds, 3k calories 7 whooping pounds. has anyone else's body had these crazy reactions or has anyones eating habits gone to shit as well? im pretty sure i have an eating disorder now it ended my psychosis but gave me an eating disorder.... any words of encouragement or experiences would be greatly appreciated does anyone else binge or restrict? or have this insane weight gain overnight ? and what medicine do you take? i recently switched to vrylar and im worried i will never get my normal body back its crazy to continue living this way.....i pray to god to give me back my old body back like that girl i chatted with",Schizophrenia Spectrum & Psychotic Disorders,Sleep Disorders,Eating Disorders,Psychotic Disorders,Panic Disorders,Depressive Disorders,Schizophrenia,Schizotypal Personality Disorder,Insomnia
19231,i am feeling like i'm going crazy,i have so many things going on in my life i feel i can't think straight anymore. my anxiety is so bad i have had moments where i felt i was losing my mind. once i woke up and i waa half in and out of sleep with a fever and a headache feeling my head was full of sand and that was the reason my head was hurting. i snapped out of it but it scared me to think that one day i wouldn't snap out of it. i feel so overwhelmed. i am a single parent no brothers or sisters dealing with my aging mom and all her poor decisions. i can go on telling you more but i won't. i honestly don't know how to deal with this panic and anxiety. i have seen a therapist but its not helping too much and my anxiety meds just make me sleep and we can see what that does.,Anxiety Disorders,Personality Disorders,Obsessive-Compulsive & Related Disorders,Generalized Anxiety Disorder,Depressive Disorders,Cluster A (Odd/Eccentric),Generalized Anxiety Disorder (Gad),Panic Disorder,Dependent Personality Disorder
17047,farted in front of entire class and ran out immediately and i don t know how i will continue existence after this honestly want to dye,yes it was slightly wet bro but i have such good grades in this class and am on point to gain certifications but i m so filled with shame dude like before this incident my reputation was perfect in that building idk how to move on like i wanna explode,Personality Disorders,Schizophrenia Spectrum & Psychotic Disorders,Sleep Disorders,Cluster B (Dramatic/Emotional),Substance Use Disorders,Ocd Spectrum,Narcissistic Personality Disorder,Attention-Deficit/Hyperactivity Disorder (Adhd),Antisocial Personality Disorder
22742,light therapy vs ssri,"i live in scandinavia, so having having sad can be tough. light therapy has really been a life saver a lot of winters. the last couple of summers have been dark and cloudy though, so i've started using the lamp this summer. my sad always creeps up on me, so i've thought about treating more permanently. i have talked with my doctor, that i could probably get some ssri (or another antidepression) prescribed, if i wanted to try it. i have tried sertraline a lot time ago, but stopped due to sideeffects. i have thought about if now might be the time to try it again, since my sad is almost year round. the light therapy works, but it's really impractical, because i need to use my lamp for at least 2 hour, to get the full effect. it also means i often don't get the 2 hours. taking a pill is just a lot faster. have any of you been in the same situation? and have any of you had great effect of ssri?",Mood Disorders,Personality Disorders,Neurodevelopmental Disorders,Depressive Disorders,Phobias,Autism Spectrum Disorders,Seasonal Affective Disorder,Schizotypal Personality Disorder,Schizoid Personality Disorder
16490,dysthymia and low income a match made in hell?,"anyone else here have dysthymia and are low income? it's like a match made in hell. not that high income earning people with dysthymia aren't suffering you are and you have my love and solidarity. but for those of us low income earners it's like an echo of constant ""what's the point??? you earn shit, you feel like shit, you're in debt, every day is gray to pastel at best. what's the point of it all?"" can anyone else relate? with how the world is going i feel like it's all a pointless effort.",Mood Disorders,Trauma & Stressor-Related Disorders,Sleep Disorders,Depressive Disorders,Ptsd Spectrum,Cluster B (Dramatic/Emotional),Persistent Depressive Disorder (Dysthymia),Anorexia Nervosa,Avoidant Personality Disorder
10416,can anyone beat my high score of most days without a shower?,"sooooooo i think i've taken like 3 actual showers this entire year it's not like i don't want to take a shower but somehow i don't have time in my day?? i literally don't even do anything all day??? i just put it off bc i'm like ""it's fine"" and next thing i know... it's just become one of those things, y'know like that old ""just girly things"" meme but dysthymia lmao. at least i wash my hair like once a month, because big tmi warning sorry i inevitably developed a chronic fungal infection on my scalp that causes more and more dandruff and itchiness the longer i go without washing my hair and apparently i only take action when the physical discomfort of being disgusting can no longer be ignored i mean i used to shower every day but my roommate moved out and then the pandemic hit soon after, so i essentially became completely socially isolated and showering just slowly started to become less and less often since i felt like i didn't need to be presentable. i see my immediate family almost every day and i've straight up asked my siblings (without revealing that i don't shower) and my best friend (who does know) if i stink because i know they'll be honest and they all said that sometimes i smell a little bit of bo but mostly not. and my mom will most definitely tell me, unsolicited, if she thought i didn't shower. so i guess i've lucked out in a horribly reinforcing way in that nobody even notices... bonus i used to only brush my teeth like once a week. the damage to my bank account from the amount of unavoidable dental work quickly changed that to...umm...almost every night. and i also used to only take my contacts out once a month but then i was shamed by my optometrist's assistant when she was horrified (to say the least) at the state of my contacts when she was inspecting them. so now i take my contacts out to clean at least once a week well that's all i can think of right now, thanks for reading this wall of text anyone else a disgusting human being or is it just me?",Mood Disorders,Schizophrenia Spectrum & Psychotic Disorders,Trauma & Stressor-Related Disorders,Depressive Disorders,Cluster B (Dramatic/Emotional),Substance Use Disorders,Persistent Depressive Disorder (Dysthymia),Social Anxiety Disorder,Bipolar 1 Disorder
11650,my entire list of mitigations for sad,"disclaimer if you have summer sad or some other type, this post won t necessarily apply to you. i don t need to tell you how bad sad can be, and how it s not in our heads. sad isn t the same for everyone, but if you re like me, you overproduce melatonin. if not woken up, i can easily sleep for 11 hours and have a very difficult time waking up with excessive daytime sleepiness all day. but only during the winter. for those without sad, imagine waking up in the morning, being forced to eat a handful of melatonin pills and then being expected to do tasks. here s my complete list of mitigations that i do. it s a lot of small things that add up for me. not all of these will work for you, but i hope this is helpful and promotes positive discussion. blue light glasses. sad lamps are frequently recommended but they make you have to sit still in one place, whereas the glasses allow you to go about your day. also i have migraine with aura and the bright directional light is a trigger. if it wasn t, i would use one. external heat sources. i use a space heater and an ir heat lamp over the sofa (like a lizard) as needed. grow lights for both me and the plants. also having lots of plants helps me feel more vibrant. going outside. it always sucks at first, but even with heavy rain clouds, it is still bright enough during the day to help me wake up. ymmv if you re even further north than me. i m in the pnw. supplements vitamin d and recently trying shilajit (not sure yet about this yet can report back later). music and bird sounds. playing music that i listened to a lot during summer helps, but don t over do it or else it will become winter music. spotify has some good options for background music with bird sounds fabio caramuru, a playlist called lofi garden , and lofi birds , etc. diet and exercise. high protein diet and weight lifting. i lack sufficient muscle mass and that s probably the reason i m cold a lot. i don t have hypothyroidism, low ferritin, or any other deficiencies. watch tv shows that take place in sunny areas. my comfort show is king of the hill. hot shop glass blowing. it s excruciatingly hot and i get blasted with intense ir from the furnaces. feels great. maybe this isn t for you, but find a hobby where you really can t tell or don t care how the weather is outside. travel. even with all of these mitigations, i would still struggle without going somewhere warm. i churn credit cards and get cheap flights to warm and inexpensive places where i do a lot of rock climbing. ignore the stuff you don t like. i associate the winter holidays with a dreary feeling of dread, intense boredom, and being emotionally abused by family. i can't stand christmas music or the general aesthetic. so i just ignore the holidays now and make my own winter traditions. i also ignore daylight savings. after the fall back , i just pretend my household is an hour ahead of everyone else. that way, it gets dark at 430 pm instead of 330 pm at solstice. i grew up in a town split by time zones so i got used to accommodating that difference. i realize how silly this seems, but sad isn t rational after all. avoid unhealthy coping i m trying to stop looking at places to live in southern california. it s just making me feel worse because i can t afford it without a major downgrade in standard of living. i m also trying to stop thinking things like how can anybody live here, it s inhuman and i m trapped here . again, i hope this helps. i m anticipating negative comments about my whole not observing daylight saving time and probably some about but that s your family i know the daylight saving time thing is silly, and you don t know my family. so let s keep the discussion positive please.",Mood Disorders,Eating Disorders,Obsessive-Compulsive & Related Disorders,Depressive Disorders,Generalized Anxiety Disorder,Bipolar Disorders,Seasonal Affective Disorder,Obsessive-Compulsive Disorder,Binge-Eating Disorder
5297,how to move past a argument around a rigid moral block.,currently having a fight with my so about something they said off hand and it just made me repulsed. i don t agree with and it she wants to keep discussing it and is pissed at my reaction. i tried to explain why i find it so bothersome but she won t let it go. i wanna move past it cause in the big picture it doesn t matter but i don t feel i m wrong at all.,Personality Disorders,Sleep Disorders,Obsessive-Compulsive & Related Disorders,Cluster C (Anxious/Fearful),Ptsd Spectrum,Depressive Disorders,Obsessive-Compulsive Personality Disorder,Seasonal Affective Disorder,Major Depressive Disorder
13175,rapid cycling is exhausting,"my hypomania is triggered almost solely by being stressed. i had two events to run at work the last week of april and went through about 4 weeks of hypomania before slowing down a bit the last week of may. don't get me wrong i like how productive i can be when i'm hypomanic but it gets exhausting feeling like i literally can't stop and chill. welp, everytime my partner goes away for a trip, and i'm solo parenting and becoming hypomanic. my partner is traveling this weekend and we are right back into hypomania. trying to make the most of it but damn am i tired.",Mood Disorders,Schizophrenia Spectrum & Psychotic Disorders,Obsessive-Compulsive & Related Disorders,Bipolar Disorders,Cluster B (Dramatic/Emotional),Cluster A (Odd/Eccentric),Cyclothymic Disorder,Schizophrenia,Avoidant Personality Disorder
21088,i have not left my house in 6 months. ( help ),i have not left my house in 6 months and any time i try i have an episode. my bathroom has asbestos and people are coming to renovate it and we cannot be in the house when it happens for obvious reasons. i don't know what to do i am so terrified.,Anxiety Disorders,Schizophrenia Spectrum & Psychotic Disorders,Neurodevelopmental Disorders,Phobias,Depressive Disorders,Psychotic Disorders,Agoraphobia,Panic Disorder,Major Depressive Disorder
20148,i feel so isolated and lonely,"holy shit i feel so bad. so i'm in a discord call with a friend and he showed me this project he is working on, he is graduating from high school and made this video about his friends, like a goodbye, its a montage of the good times he had with them, it has some game footage and some irl footage of them as well. he makes some videos as a hobby and he shows them to me all the time. and just seeing him with his friend group laughing and having a great time together made me feel so sad. he plays the guitar too and it showed footage of him playing in a band and him playing the guitar with his friends and all that stuff, and i just feel so horrible. i wish i had a friend group like him and i feel so bad for not having a friend group like he does, they were laughing wholeheartedly having fun and i wish i had that too. i guess i have friends too but i don't feel connected to them i dont have good times like they do, i used to have a friend group but we parted ways because i realised they aren't the people i thought they are. i haven't had suicidal thoughts in a while but after seeing what he showed me why am i still here, why do i bother, i should just kill myself. i wish i had a friend group like he does so much i want to connect to my friends i want to feel good. i want a friend group i can be myself with and enjoy myself. i feel guilty for not living in the us where most of my friends are, i feel guilty for english not being my first language and i hate my ugly accent. i have also seen my ex girlfriend in those videos and i feel so fucking terrible, because i still have some strong feelings towards her but shes doing so well off without me and it breaks my heart. why does everything and everyone in my life feel ingenuine? why cant i have what he does? i am really happy for him honestly and if i had gotten a video like that my heart would blow up, id feel so happy if i had gotten a video like that from a friend, i would feel so appreciated. as i said my friend plays the guitar too and hes really good at it, this made me think, why am i a useless fucking idiot? i only play games and watch shows and am practically useless. i have tried everything. ive tried doing sports, i've tried cooking, ive tried a lot of things but i suck at everything, and im currently looking into doing music but so far i suck with that too. why am i a waste of life? i used to have some good friends that i drifted apart with and that feels bad too. i barely talk with any people i know in real life and i feel like i have nobody. i just feel so heartbroken right now. i honestly don't know what to feel or do. honestly thank you for reading this.",Personality Disorders,Sleep Disorders,Substance-Related & Addictive Disorders,Cluster C (Anxious/Fearful),Ptsd Spectrum,Cluster B (Dramatic/Emotional),Avoidant Personality Disorder,Obsessive-Compulsive Personality Disorder,Bulimia Nervosa
12394,"phagophobia, tics and anxiety","hello i am 14m. i have phagophobia, tics and anxiety. because of these i am struggling to eat food (or i barely eat food), i even sometimes struggle to swallow saliva. i can't afford even cheapest therapist. do you have some tips for me? i am very scared of swallowing. thank you",Anxiety Disorders,Eating Disorders,Substance-Related & Addictive Disorders,Generalized Anxiety Disorder,Phobias,Bipolar Disorders,Generalized Anxiety Disorder (Gad),Post-Traumatic Stress Disorder (Ptsd),Restless Legs Syndrome
10054,beloved movies you just don't get,are there movies that most people love but you don't understand? one of the biggest ones for me is eternal sunshine of the spotless mind. i have watched it quite a few times and i can't understand why so many people love it. i think my schizoid (or whatever) tendencies are why since it's fundamentally about a connection to someone else. i don't feel a way into the film at all.,Personality Disorders,Neurodevelopmental Disorders,Sleep Disorders,Cluster A (Odd/Eccentric),Restrictive/Compensatory Disorders,Insomnia Spectrum,Schizoid Personality Disorder,Obsessive-Compulsive Personality Disorder,Dependent Personality Disorder
11578,"my colleagues and i were discussing vacations, and i jokingly said that i need a vacation from existence. no one understood me.","they literally didn't understand what i meant at all. and they looked at me as if i had said something in a foreign language. then one of my colleagues asked me ""in what sense? what is a vacation from existence?"". ... i honestly don't understand what is unclear here and why it needs to be explained.",Personality Disorders,Sleep Disorders,Obsessive-Compulsive & Related Disorders,Cluster A (Odd/Eccentric),Cluster B (Dramatic/Emotional),Psychotic Disorders,Schizoid Personality Disorder,Schizophrenia,Insomnia
20674,i just don't want to socialize.,"i never want to socialize. i regularly force myself to do it so that my social skills are good so that i can advance at work or at least not lose my job. anytime i socialize, i can't wait to go home or end the call. i don't enjoy it ever. usually i feel horrible after doing it. it takes all of my energy. when i encounter a toxic person, i feel even worse. is there any solution for this?",Personality Disorders,Trauma & Stressor-Related Disorders,Schizophrenia Spectrum & Psychotic Disorders,Cluster A (Odd/Eccentric),Phobias,Cluster B (Dramatic/Emotional),Schizoid Personality Disorder,Agoraphobia,Antisocial Personality Disorder
20897,i m a totally different person at social events,"i m honestly feeling pretty deflated after a night out with my work colleagues. i ve been diagnosed with anxiety and depression, and they re very likely a deep, genetic condition. but overall, and according to my doctors, i do an incredible job at living to the best of my abilities in spite of them. but tonight i was reminded of social anxiety and its relentless grip on me. personally, i really like people and actually derive a lot of meaning from being around them. this includes my work colleagues. at work, i m a cheery person with lots to talk about and have been described as always interesting and awesome to vent to. tonight we had a fairwell dinner for a colleague. there were 8 of us, at a round table with drinks and food. i had been looking forward to it, and had worked out a plan going in to prevent social anxiety i d just try to relax and focus on enjoying each individual s company by asking questions and engaging in conversations. and in fact there were a lot of conversations that interested me, and many questions coming to mind to ask and make the discussion flow. but none of that happened. instead, i shut down. i wasn t necessarily anxious (sweaty, nervous, sick etc), but i couldn t speak up. i couldn t form a coherent sentence. my voice was quiet, no matter how hard i tried. i stuttered and i couldn t intercept the conversation naturally. my quick, witty jokes didn t land and most of the time people had to ask me to repeat them. strangely, i felt relaxed. it was really awkward, and my mouth got sore from just smiling and nodding at everyone. but at work, i do so well eventually one of my colleagues spoke up didn t you sleep last night, [my name]? you re not your normal self. i replied with oh nah, i m all good. i think i m just not good with big social events, sorry. this just really sucks because i try so hard. in general, i feel like i ve really taken control of my anxiety and made so much progress in life, but events like this just throw me off. and this applies to first dates. i m a totally different person and my voice goes mute, and my communication skills become unnatural and robotic. can anyone relate? (side note there was a girl colleague who has always flirted with me, and vice versa, and i think we were both looking forward to the excuse to hang out after work, but after the whole night and absence of input from me in table discussion she just looked disappointed so yeah that feels great.)",Anxiety Disorders,Trauma & Stressor-Related Disorders,Personality Disorders,Phobias,Ocd Spectrum,Cluster B (Dramatic/Emotional),Social Anxiety Disorder,Schizoid Personality Disorder,Sleep Apnea
15234,close relatives that are similarly weird,"in reading about schizotypal disorder, i found that there are very often 1st degree relatives that also meet the criteria. however, i don't think i ever saw people mention it when talking about their own situation. do you have a close genetic relative that have symptoms in a schizodirection? how is your relationship with them? can you communicate with them in ways that you cannot communicate with others? do you have any other thoughts on the subject? it definitely is the case with me. i share a special, loving bond with my mother. it is vastly different from my relationships with everyone else except for my schizophrenic best friend. i feel like i can speak leagues more clearly and easily with both of them. is this just me, or do you recognize something here?",Personality Disorders,Eating Disorders,Mood Disorders,Cluster A (Odd/Eccentric),Ocd Spectrum,Adhd,Schizotypal Personality Disorder,Obsessive-Compulsive Disorder,Paranoid Personality Disorder
17105,fear of meds,"so i've tried around 10 or so ssri's over the last 4 years and all of them have cause some side effects that are unbearable from horrible gi problems to whole body twitches that don't stop and numb face and tounge to making my anxiety and panic wayyyyy worse. so about 6 months or so ago my doctor gave me a script of 5 ativan .5mg. i haven't taken a single one of them. i carry them in my pocket everywhere i go. i haven't taken them because i haven't had panic attacks no, i haven't taken them because i'm honestly scared to tried one. like what if im allergic to one and it offs me. sounds harsh and completely silly i agree but damn... what do i do?",Anxiety Disorders,Sleep Disorders,Mood Disorders,Panic Disorders,Insomnia Spectrum,Substance Use Disorders,Panic Disorder,Sleep Apnea,Cyclothymic Disorder
1745,anyone else going through a rough patch right now?,the last few months have been incredibly stressful and i have felt my mental health deteriorate. i've been getting less sleep as a result which worsens my symptoms. i thought i was doing really well and better than ever about a year ago...and now i'm back to square one. anyone else can relate? i get that with bpd there are bouts of highs and lows but by 33 i thought the roller coaster would be getting less intense...and it's not,Mood Disorders,Sleep Disorders,Substance-Related & Addictive Disorders,Bipolar Disorders,Restrictive/Compensatory Disorders,Ocd Spectrum,Bipolar 1 Disorder,Social Anxiety Disorder,Delusional Disorder
12084,panic attacks and emetophobia,"everytime i get a panic attack, i feel like throwing up. infact i did throw up 4 times because those happened to be times when i was drinking or ate a lot vs the panic attacks on empty stomach which helps me fight the nausea better. a lot of people don t understand and just say put a finger in trust me you ll feel better which no way will i ever do that, i d rather fight nausea for hours than make myself throw up. even though i do always feel better after throwing up. it s just hard, i feel so depressed having two major issues in my life. it s something people don t understand unless they have it or think we need to suck it up, which i tried but it s so hard, i can t. i was an emetophobiac my whole life which i was already a tad sad about but i managed to have a social life and live happily but now that i ve gotten diagnosed either panic attack disorder, i now live in constant fear. everyday i wake up thinking i will have a panic attack and want to throw up or may throw up . anytime i eat my brain goes don t eat too much, remember the time you got a panic attack after eating a full meal and threw up everywhere . when i go out with friends my brain goes you ll have a panic attack and get sick and all your friends have to stop what they re doing to cater to you, you re ruining everyone s fun . i have pepto bismal and dramamine on me at all times but it s not good to take them everyday and i just heard those two plus ativan) what i was given is a bad combination and can lead to more health problems. what can i do? i m new to this",Anxiety Disorders,Personality Disorders,Schizophrenia Spectrum & Psychotic Disorders,Panic Disorders,Ocd Spectrum,Insomnia Spectrum,Panic Disorder,Dependent Personality Disorder,Bipolar 1 Disorder
4977,how should i cope?,"hey in tgese couple of days i got into a really empt, lost episode. i feel like i dont know myself anymore. i think about drinkijg a lot recently too, but i know its not the best coping mechanism. i feel like i completly lost myself and i feel an aching emptiness most of the time these days. ialso feel the suffering need to be romantically loved, to feel wanted. how do yall cope with these feelings?",Mood Disorders,Trauma & Stressor-Related Disorders,Obsessive-Compulsive & Related Disorders,Bipolar Disorders,Cluster B (Dramatic/Emotional),Substance Use Disorders,Bipolar 1 Disorder,Post-Traumatic Stress Disorder (Ptsd),Seasonal Affective Disorder
1722,anyone else feel this way?,"i heard it s common for people with ed to either want to cover their body or hide under baggy clothes, but i feel like i m the opposite. i want my clothes to look the most flattering, especially wearing tighter or thinner clothing on top. i don t want to look bigger than i am so i hate wearing baggyoversized clothing like big tshirts or sweatershoodies. but it s gotten to the extent that if i do wear something on top that s baggy, i feel fat and larger than i actually am and will not leave the house until i m satisfied with the smallest i can look. do you think this could be part of body dysmorphia if i fixate too much on wanting to look thin and getting frustrated if i m not based on my clothing? like i could be freezing cold and will not take someone s jacket cause it will look bulky on me or i will look bigger than i actually am and i want people to perceive me as thin, i mean from restricting so much why would i want to hide how much i ve lost, what would the point be?",Eating Disorders,Mood Disorders,Anxiety Disorders,Restrictive/Compensatory Disorders,Autism Spectrum Disorders,Phobias,Anorexia Nervosa,Autism Spectrum Disorder (Asd),Social Anxiety Disorder
17661,for those who question if they ve somehow faked it all,"as i ve learned more and more about schizotypy and read through this subreddit, i ve seen so many on here who discover schizotypy, feel incredibly seen by it, and as time goes on, they wonder if they ve faked all of their experiences or are somehow exaggerating everything. this post is for those who relate to this, written by someone who is experiencing the very same thing, and how i ve managed to undo some of the constant questioning and picking apart of my experiences (if i ve commented on one of your posts beforeif you have read through those comments, lots of this might seem redundant. however, i will include some novel ideas that may help in addition to what i ve previously mentioned). i am not officially diagnosed with stpd, but i do have an ocd diagnosis (therapists have suspected something pseudopsychotic within me in addition). it was around this time last year that i was in a pretty bad spot in my life. having then undiagnosed ocd, my life was ruled by compulsions, both physical and mental. after starting therapy, i discovered what ocd is on my own. i was stunned, as i related to so much of it. i bathed in the reassurance of reading stories of those who were struggling with the same exact thing as me. i wasn t crazy or an awful person, i have ocd. after a few days of obsessively researching ocd, and feeling so very seen, a thought popped up in my mind wait what if you are faking everything? you must be exaggerating all of this for attention. as soon as that thought appeared, my new found sense of self unraveled like a ball of yarn. i started aggressively ruminating, arguing with myself constantly, and trying to prove that my behavior was mine, and not something that i ve faked. there s no way i could ve faked all of this. i have had physical compulsions since preschool yeah, but what if you just imagined it all? what if your memories are fake? i would question constantly. every meal i had, every store i went to, everything i did made me question if i faked it all. about a month later, i received an official ocd diagnosis. turns out that meta ocd exists, where you obsess about whether or not you actually have ocd, and as a result, compulsively ruminate to see if it s true. despite having something so official, i still wonder if i have faked it at least once a week. same thing has happened with stpd. i remember discovering it, being absolutely blown away by how accurate it was, and then after a few days, that same voice appeared wait what if you re now faking having stpd? are you exaggerating it all? it felt like i was finally climbing out of the pit of self doubt, but then the ladder broke just as i was about to reach the top and escape. it all came crumbling down once more. if i had a paranoid thought, magical thinking, or any symptom , it was as if my intrusive thoughts would try to reality check me relentlessly. it feels like everyone in the store is starring at me. they all hate me. what if you re just being dramatic right now? you are such a liar. the mental ping pong was relentless. if i had any fluctuations in symptoms, that was just even more evidence that i was a liar. didn t perfectly relate to every person with stpd and their experiences? i m exaggerating it all. with all of this, how did i manage to undo this thinking and live my life a bit more? something to keep in mind is that compulsively picking apart your thoughts is well, a symptom of stpd, specifically hyperreflectivity, which is an exaggerated tendency to pay excessive attention to your inner world . it is something that can never truly go away completely, so the best thing you can do is minimize its impact on your being. here are the ideas i had that drastically changed my perspective 1) the model of psychology psychology is a strange thing, and has a lot of contradictions and absurdity within its structure. the deeper you look, the more it looks like pseudoscience. psychology 20 years ago was drastically different than today, and in another 20 years, we will look back and marvel at how primitive our current understanding of psychology was. all of these disorders are just models, and no model is airtight. on an old, since deleted account, i made a post wondering if i may have been possessed by some kind of a demon or negative entity. i watched a video discussing symptoms of possession, and these symptoms sounded almost identical to ocdanxietydepression (low self esteem, thoughts that don t feel like yours, fatigue, etc.) i realized that possessions, mental disorders, etc all describe the same underlying phenomena, and all none of them are completely true or false. in this post, i likened these models to how nietzsche described the formation of different religions across the globe. he argues that the creation of different religions wasn t proof of some kind of higher power, but that religion is simply a tool to solve a problem a problem about having purpose. this is very similar to how different cultures discovered how to move heavy objects. some used the pulley, others the wheel, and so on. mental conditioncosmic giftpossessions all describe the same thing, and none are completely accurate. 2) differing symptoms i have seen some question the validity of their experiences based on having different symptoms than others. a while ago, someone made a post discussing how there is not a lot of we in schizotypal , and i highly recommend checking it out. as per dsm standards, there are 9 symptoms in total for stpd. for a diagnosis, you need 5 or more. that means that 2 people could have 5 different symptoms, but they might only have one in common. also stpd is heterogeneous, meaning the root cause vastly differs from person to person. some have had it from a very young age with family members that have traits, which points more towards a neurodevelopmental style. for others, there is a distinct onset in their teen years like that of schizophrenia. for some, they experience trauma which leads them to develop it. and then there are those that have symptoms after a bad drug experience. we are all so unique, and our experiences reflect that. 3) symptom fluctuation this is my final point. like any person, we all go through ebbs and flows, and we all change and shift around constantly. when wondering if you have a mental illness, any fluctuations in symptoms can make some question it all. the reality is that schizotypy isn t a concrete thing. it always morphs and shifts, and our environment can drastically influence our symptoms. if you look back in history, there was something known as the glass delusion in europe, where when glass was first being introduced, several had delusions that they were made of glass and might shatter if they weren t careful. in modern times, people fear that others can read their mind, that the government is spying on them, and so on. when in periods of stress, our symptoms can increase and become very intense. in times of leisure, they may shrink and not be all that intense. as someone who is botanically inclined, i like to think of ethnobotanicals (plants traditionally used by people, specifically in a ceremonial context). there are several medicinal plants that have been used for centuries. as people discovered their properties, they learned that they needed to be harvested at certain times to ensure they are as potent as possible. depending on the day, the month, or the season, their potency would change dramatically. scientists have discovered that alkaloids (the compounds) in various different plant species fluctuate multiple times a week, and some multiple times a day. their amount of magic is always changing, so why would you assume you are no different than a plant? hopefully this helps some, and isn t too jumbled up.",Personality Disorders,Trauma & Stressor-Related Disorders,Anxiety Disorders,Cluster A (Odd/Eccentric),Restrictive/Compensatory Disorders,Psychotic Disorders,Schizotypal Personality Disorder,Bipolar 1 Disorder,Insomnia
17809,full on scenarios in my head.,"sometimes i take my suspicions of friends or partners and blow them out of proportion in my head and imagine different ways said suspicions could play out if true. i can t stop it, it just comes to me. when i m in the shower or i m running or in my dreams i just have these full on scenarios where i m imagining the absolute worst happening so i can best prepare myself for when it inevitably happens. anyone else?",Personality Disorders,Eating Disorders,Trauma & Stressor-Related Disorders,Cluster A (Odd/Eccentric),Restrictive/Compensatory Disorders,Generalized Anxiety Disorder,Paranoid Personality Disorder,Bipolar 1 Disorder,Schizophrenia
759,advice for how to get out of the bottom?,"i m at the lowest feeling point in my life (with good reason). i recently accepted something that happened in my recentyetdistant past, and about half of me now wants to give up completely, while the other half is broken but optimistic about the future. also my parents hate me. i m in a supremely fragile state. i ve tried to rehabilitate by going outside and attempting to follow previous consumption goals i d set, but i m so tempted to throw it away in just a second. i normally never feel like this, and it s majorly exhausting my body in a truly unbearable way. i m thinking that i ll just have to live with it, but living is too much. (at least that s how i feel right now ^w^)",Mood Disorders,Substance-Related & Addictive Disorders,Personality Disorders,Depressive Disorders,Substance Use Disorders,Restrictive/Compensatory Disorders,Persistent Depressive Disorder (Dysthymia),Major Depressive Disorder,Delusional Disorder
18959,help my husband is convinced i m having multiple affairs very paranoid,"i m hoping someone can tell me if they ve experienced this. my husband started this last year. he out the blue started accusing me of having an affair. he was extremely paranoid prior i can recall some depression. it seems to had gone away although the paranoia was still there, but a year later it all came back again. he refused to get help he thinks nothing is wrong. his thoughts are so disorganized delusional. has anyone experienced this?",Schizophrenia Spectrum & Psychotic Disorders,Obsessive-Compulsive & Related Disorders,Anxiety Disorders,Psychotic Disorders,Adhd,Panic Disorders,Delusional Disorder,Seasonal Affective Disorder,Dependent Personality Disorder
8352,obsessed over material items not being perfect.,"ever since i was a small child, i have obsessed over material things becoming not perfect anymore. my most recent obsession (among several others), is my couch. i have 2 kids, 2 dogs, and 1 husband. we bought a brand new couch last march. the couch and love seat we had previously came from his first marriage and were disgusting from the moment they entered our house. we kept them for 4.5 years before replacing and they did not bother me, because i never considered them mine and i did not buy them new or see them at their best. when we finally decided to pick out a new couch, we went and i picked out my dream couch. a couch that i had never imagined i would be able to afford. i bought it myself with my own money, my husband didn t spend a penny on it. well, a couple of months ago, i noticed that a staple had come loose behind one of the cushions and the black netting (unsure of the actual term for the material) was open, some stuffing on the arm was exposed and could potentially come out. i got an upholstery stapler (also unsure of the actual term), and attempted to staple it back myself. well, that was easier said than done. i couldn t get the stapler flush with the couch and the staples didn t go in all the way, which i couldn t stand. i then took the staples out and mangled the black material which sent me spiraling. after brainstorming a good fix and looking online and on amazon, i ordered a piece of material marketed as a couch patch. i ve used that to secure the ripped material and close the opening that the stuffing could come out of. i m still obsessing over it. also, fast forward to today, my daughter has the flu and peed on the couch. i learned that i could remove the cushion covers and wash them (yay). so i removed them all (not just the one that was peed on), and washed them thinking that they could use a good cleaning. well upon taking one of them out of the dryer and putting it back on the cushion, i ve noticed a very very tiny (like we re talking smaller than my pinky fingernail) hole that is on the back side of the cushion that goes up against the back of the couch. i ve also put the couch patch on that. well i am still spiraling, over both things now. i ve never been diagnosed with ocd or anything. i guess my point is, i m wondering if anyone else experiences this kind of anxiety. and also i would feel better if someone would reassure me. i ve never talked about this to anyone. please, don t mock me. when i was little and would worry about things, my parents would mock me and it would always make it worse. thanks for your time if you made it this far.",Obsessive-Compulsive & Related Disorders,Neurodevelopmental Disorders,Schizophrenia Spectrum & Psychotic Disorders,Ocd Spectrum,Generalized Anxiety Disorder,Phobias,Obsessive-Compulsive Disorder,Bulimia Nervosa,Insomnia
12858,psychotic delusions,"people cannot seem to understand when i describe how i feel like i am close to disintegrating into non being at any moment. that my fantasy world in my head is literally what keeps me from self mutiliation and violence. for example when my ex cheated on me i went into temporary psychosis and forgot my name, location, and i had serious physical symptoms like a skin infection from stress and no menstrual periods for 4 months. because i had fused into him psychologically i felt this had ripped away at my very being. i beat myself and self harm when i think of any sort of abandonment or loss because it feels intolerable when you have no solid self aside from one you constructed. i am beginning to think of an assisted suicide plan for when my family goes, because that reality is literally intolerable for my body and brain , to the point i described above. i was an only child and spent most of my life locked in my room with objects toys no mirroring or empathy. the part i dissociated from is the absolute sheer terror of knowing i am non existent. i quite literally feel in my head like if my parents or grandparents die, i will die with them and cease to exist. like a baby that s thrown into traffic to survive. i physically cannot tolerate this and the thought of loss of my family is what lead me to psychosis and hallucinations depersonalization to cope with the reality of mortality. my real self is stuck at 12 age development. just merely thinking about the mortality and death of my loved ones makes me start to behave like a suicidal, rabid animal and dissociate entirely from my body. it is fucking intolerable. i don t know how to curb this. my brain cannot comprehend it or deal with it without resorting to self mutilation and psychosis like symptoms. ?",Personality Disorders,Obsessive-Compulsive & Related Disorders,Neurodevelopmental Disorders,Cluster B (Dramatic/Emotional),Insomnia Spectrum,Substance Use Disorders,Narcissistic Personality Disorder,Schizophrenia,Bipolar 1 Disorder
3681,"hey everyone,","living with schizoaffective disorder a mix of mood swings (like depression or mania) and psychotic symptoms (hallucinations, delusions) can feel like navigating a storm without a compass. the unpredictability of symptoms, stigma, and fatigue can make daily life overwhelming. but small, consistent routines and selfcare habits can create moments of calm and control. let s talk about how to build stability, one tiny step at a time. why routine selfcare matter schizoaffective disorder often disrupts your sense of safety and reality. a gentle routine isn t about rigidity it s about creating anchors to ground you during mood episodes or psychosis. selfcare isn t selfish it s a lifeline. practical tips for tough days 1. sleep winddown rituals dim lights 1 hour before bed, try a sleep podcast, or use blackout curtains if light triggers paranoia. safety first if hallucinations disrupt sleep, keep a comforting object nearby (a weighted blanket, stuffed animal, or grounding stone). 2. nutrition hydrate nourish set reminders to sip water or eat preportioned snacks (nuts, fruit, crackers). even one bite is a win. medication routine pair meds with a daily habit (e.g., take them while brewing morning tea). 3. movement micromovement stretch for 2 minutes, pace your room, or tap your feet to music movement helps regulate mood and reduce restlessness. nature breaks sit by a window or step outside briefly. fresh air can disrupt intrusive thoughts. 4. emotional mental care reality checks keep a journal to track symptoms or jot down evidence against paranoid thoughts (e.g., my friend texted they re not ignoring me ). distraction tools use noisecanceling headphones with calming playlists to drown out auditory hallucinations. support network predraft a text to a trusted friend for bad days ( can you remind me i m safe right now? ). when energy is low or symptoms flare survival mode is okay brushing your teeth for 10 seconds not at all. eating cereal straight from the box skipping meals. progress isn t linear and that s okay some days, you ll manage a walk and a shower. other days, getting out of bed is your victory. both matter. schizoaffective disorder is a marathon, not a sprint. celebrate every flicker of effort. let s crowdsource hope drop a comment with one tiny habit that helps you cope (e.g., i color while listening to podcasts ). your goto symptom storm strategy (e.g., humming a song, holding ice cubes). a reminder for someone who feels defeated today. example i keep a reality check note on my mirror. on hard days, i rewatch the office. you re doing better than your brain tells you. you are a warrior navigating complex challenges with courage. every tiny act of care is proof of your strength. you deserve patience, support, and moments of peace. disclaimer i m not a medical professional. always consult your care team for personalized advice.",Schizophrenia Spectrum & Psychotic Disorders,Personality Disorders,Substance-Related & Addictive Disorders,Psychotic Disorders,Cluster C (Anxious/Fearful),Substance Use Disorders,Schizoaffective Disorder,Narcissistic Personality Disorder,Avoidant Personality Disorder
20539,i have a cold and this is freaking me out,"can a cold cause palpitations and tachycardia? this really triggered my anxiety today and i've already thought about the worst scenarios, like this being something serious or some heart disease. also, i havent slept well today, i kept waking up during my sleep and this is another thing thats freaking me out. could someone explain if this is normal or anxiety related? i have a huge fear of dying young and a fear of having these panic attacks forever, so some kind words would be much appreciated this last month has been hell for me, i just want to get well soon...",Anxiety Disorders,Trauma & Stressor-Related Disorders,Neurodevelopmental Disorders,Panic Disorders,Phobias,Ptsd Spectrum,Panic Disorder,Obsessive-Compulsive Disorder,Narcolepsy
10109,bf basically admitted i made it easier for him to cheat in the past,"he s since tried to backtrack but i ve been stuck on this. i m far from perfect. but we didn t really have issues in the relationship until i found out he had messaged someone on of. hasn t been the same since. i initially freaked out but set a boundary that he not use it. so he then frequented a particular of model s leaked content for 2 more months. and it messed me up bad. i was not myself for some time. always assuming he was still watching her, suddenly becoming insecure of things i didn t care about before. it was rough. and it took its toll on him to the point that he had escalated the behavior by watching this model more anyway and buying her content again, messaging local people, even having sex with someone thrice. all of this over the course of a year. and i found out last september. i m sad everyday. crying throughout most days. i just feel this heaviness in my chest everytime i sit back and think about what he did. think about what about me was so easy to dismiss in the face of temptation. i try to meditate and keep my feelings on paper or tears or a scream into my pillow. but sometimes shit gets so overwhelming and i blow up and feel so horrible about it. like it doesn t even feel like it s me when it happens. and i ve been trying to work on it, i really have. i have so much more work to do. i was spiraling yesterday when he admitted that had i not been so problematic he wouldn t have escalated the behavior, which just made me feel like shit. i just can t help this feeling of self loathing. i want to be someone that can make someone happy. i don t want to be easy to cheat on. i want to mean something ig. i m just so over being this way sometimes and feel hopeless.",Mood Disorders,Schizophrenia Spectrum & Psychotic Disorders,Neurodevelopmental Disorders,Bipolar Disorders,Insomnia Spectrum,Autism Spectrum Disorders,Bipolar 1 Disorder,Hoarding Disorder,Cyclothymic Disorder
859,advise me,help me help my aspie adhd 20yr old son. he s giving up. on everything. he hates me. and the family. i ve failed him. doesn t want to be here but doesn t want to hurt himself at the moment. has been applying for jobs for 6 months and has only had one interview. doesn t want to settle for a rubbish job that doesn t use his brain either though. i wish he was the crazy lego and book mad kid he used to be. i don t know what to do. he sleeps all day. but he s always struggled with sleep. won t take adhd meds because they make him feel weird. psych appointment was cancelled in jan and haven t had a new appointment. what should or can i do ?,Neurodevelopmental Disorders,Trauma & Stressor-Related Disorders,Personality Disorders,Autism Spectrum Disorders,Cluster A (Odd/Eccentric),Cluster B (Dramatic/Emotional),Autism Spectrum Disorder (Asd),Hoarding Disorder,Histrionic Personality Disorder
9114,paranoia and dissocation,"do any of you get dissociation when paranoia is high? for example i feel simultaneously free, nauseous, disingenuous, paralyzed, guilty, afraid, ecstatic, hopeless, hopeful, out of control of my body, tired, arrogant, abject terror, ashamed, etc it can go on and on. the main reason seems to be i can t make sense of my thoughts or anything , there s nothing rational, i am being easily triggered by little things in my environment which absolutely destroy my willpower but then beneath that understand that i am more then capable of dealing with anything i have to, whether real or not. the worst and most consistent part of it is this violently numb and cold feeling i get through my nervous system, throughout my body and even moving through my jaw, and eyes. it s terrible and makes me feel like a monster, i suppose this is what by emptiness when describing pd, and not necessarily associated with stpd, but i think it is emptiness or something.",Personality Disorders,Mood Disorders,Eating Disorders,Cluster A (Odd/Eccentric),Cluster B (Dramatic/Emotional),Substance Use Disorders,Schizotypal Personality Disorder,Bipolar 1 Disorder,Generalized Anxiety Disorder (Gad)
16938,emetophobia help,my coworker got the stomach bug. everyone at work has been. i was with him tuesday and now it s thursday and i have horrible panic attacks when it comes to getting sick. one of my worst fears in the world is throwing up and i am nauseous but have gut issues so it s mixing into one and making me think i m sick. today at work i cleaned everything but still nervous bc i was talking to him a little and used the same pen,Anxiety Disorders,Substance-Related & Addictive Disorders,Schizophrenia Spectrum & Psychotic Disorders,Generalized Anxiety Disorder,Panic Disorders,Cluster B (Dramatic/Emotional),Generalized Anxiety Disorder (Gad),Antisocial Personality Disorder,Cannabis Use Disorder
11356,"most of the time, i experience euphoric episodes right after something really bad happens to me","i m wondering, is this a common experience? about one dayhalf a day later when something really bad happens to me, i go straight from genuinely not wanting to be here anymore and hitting rock bottom to get these really intense euphoric episodes that last anywhere between 2 hours to a day. i experience euphoria other times also, they can literally happen randomly any time, but they re nowhere this intense as after i experience a truly awful event. what s the science behind this, and does anyone else have a similar experience?",Mood Disorders,Anxiety Disorders,Substance-Related & Addictive Disorders,Bipolar Disorders,Cluster A (Odd/Eccentric),Ptsd Spectrum,Bipolar 1 Disorder,Avoidant Personality Disorder,Schizotypal Personality Disorder
1162,am i truly the monster?,"everyone sees me as a monster although i feel i am not such. i am a troubled man yes but a monster i do not see i see a troubled man who needs help, but i am given scorn, i am given scorn of all things i don t understand.. why me? what the hell did i even do to everyone. yes i know i haven t been the best to others in the past but why can t i ever get a second chance. it feels like i am the sin of the this earth sometimes cursed to absorb all the bad things in the world from others to cause in the grand scheme of things less sin for others since i am absorbing it all i know sounds fucking crazy lol but idk how else to describe this thought i come back to time and time again. life is shit i hate myself and you all. but at the same time, i love you all and myself. so perplexing how i feel sometimes oh well. i guess i just want someone to love me because of this black pit inside of me where a personality should be. sorry for rambling ig",Personality Disorders,Mood Disorders,Trauma & Stressor-Related Disorders,Cluster B (Dramatic/Emotional),Ptsd Spectrum,Autism Spectrum Disorders,Narcissistic Personality Disorder,Antisocial Personality Disorder,Bulimia Nervosa
16201,does sedation make you extremely distressed? (surgery),i just got surgery and they gave me so much different medications and i just can t stop crying. i got a bunch of fent and other opioids and who knows what else. feels like im gonna vomit. the pain is still there and i feels like im gonna die in my sleep so im trying to stay awake put my eyes can t seem to stay open. i hate how disoriented i feel and i feel so sick. i m asking for something to make me less sedated and they won t do anything. i want this to pass but it just feels so scary. and i m acting completely crazy and don t know what doing saying repressed emotions coming back and im dreaming while im awake. i am being monitored but just distressed and scared. my chest is very weak this some sort of adverse reaction or could it be related to my narcolepsy? anyone who had this experience how long does if take to feel okay again. i will greatly appreciate any input. also sorry if this isn t allowed i m just very desperate right now.,Sleep Disorders,Eating Disorders,Personality Disorders,Insomnia Spectrum,Adhd,Autism Spectrum Disorders,Narcolepsy,Binge-Eating Disorder,Histrionic Personality Disorder
3709,hi guys i am bipolar 1 with adhd and borderline personality disorder. if i have schizoeffective disorder does it matter whether i have it diagnosed or not?,"i'm basically asking because i'm on sertraline and quetiapine and i am in dbt, is there anything a schizoeffective diagnosis would actually do for me? for context, i do get paranoid without mood symptoms being present, however it is a lot less intense. i do not hear voices really i only used to a bit when i woke up or went to sleep. my mood is unbelievably rapid shifting and i often don't know how i feel, and my thoughts race a lot. i'm very reactive to my environment. i constantly see tv static and do have visual problems. in terms of negative symptoms i guess it's very hard to distinguish from depression. do i pursue this or leave it?",Schizophrenia Spectrum & Psychotic Disorders,Obsessive-Compulsive & Related Disorders,Neurodevelopmental Disorders,Psychotic Disorders,Restrictive/Compensatory Disorders,Phobias,Schizoaffective Disorder,Alcohol Use Disorder,Sleep Apnea
21452,i need this to stop.,"i feel like giving up my fight. i quite literally wake up everyday trying to do the right thing because i know that restricting will only make this worse but i can't win at all anymore. i will eat everything i'm craving and still am left unsatisfied. i've gained 7 pounds since march 1st. i don't know how to stop it. i've tried cutting out sweets because i mainly binge on that, made it a week and then it got even scarier (started binging 4x a week) then i tried ramadan for 4 days did well but as soon as i didn't fast for a day, the longest i've made it without a binge was 3 days but these past two weeks i've been 5x a week. my skin is tender i'm guessing due to inflammation, i want to lose weight but my brain quite literally panicks anytime it sees the slightest hunger and i cry every time i think about my life. when i wash my hands in the bathroom i refuse to look in the mirrior because i feel so low. i just want to be free of this. i want to be able to pick something when i'm out with friends not regarding it's caloric count but regarding the food i want to eat but i need to be in control. please if anyone has any helpful tips or any signs of support it'll help literally anything helps even if it's demeaning i just need help.",Eating Disorders,Neurodevelopmental Disorders,Obsessive-Compulsive & Related Disorders,Restrictive/Compensatory Disorders,Ptsd Spectrum,Depressive Disorders,Binge-Eating Disorder,Social Anxiety Disorder,Restless Legs Syndrome
12897,pure ocd,"recently coming to the realization that i ve been living with pure ocd my whole life. i don t have compulsions because i learned to suppress them when i first started having intrusive thoughts as a child. it started with not walking on the lines on tiled floorssidewalks and looking at ppls shoes all the time. how clean they were, what brand, etc. after a while of doing that i realized i was doing this a lot. i questioned myself for it and decided it was stupid and i made myself stop i was about 89. but then i would have another intrusive thought sexual in nature, other taboo themed intrusive thoughts all throughout my life. i also get musical idea intrusive thoughts, but those are welcomed. i ve never told anyone this because of how taboo it is. i also have a history of drug use which currently i only smoke weed nowadays to cope with all the stress this has been my main way of self medicating for most of my adult life. only now in my mid 40 s am i having more frequently intrusive thoughts, some suicidal thoughts in nature along with the others mentioned above. im also late life diagnosed with adhd. i have my life pretty much together, although im low income, i own my own home, work ft and i m the sole income earner for my special needs family on the spectrum. i feel the weight of supporting my family on my own and working 1.5 jobs is taking its toll on me triggering more intrusive thiughts. i ruminate alot about a lot of things especially how i hate the life i m living. i prefer to be by myself most days despite my family being home. my creative outlet is music which some days i dont get a chance to work on. that makes me very sad. i guess what i want to ask is do i sound really messed up? like would you be concerned if i were your friend and i told you all of this? idk. i feel like im slowly spiraling out of control. also does this sound like pure ocd to those that have it? tldr i think my intrusive thoughts is actually pure ocd. do i sound really messed up or just a little?",Obsessive-Compulsive & Related Disorders,Neurodevelopmental Disorders,Personality Disorders,Ocd Spectrum,Insomnia Spectrum,Depressive Disorders,Obsessive-Compulsive Disorder,Alcohol Use Disorder,Major Depressive Disorder
8960,does anyone else always fall for rage bait?,"this always aggravates me. i hate how rage bait has become a trend. i often just get pushed from a conversationdebate because someone has to end up fucking around. when i tell them how stupid their (supposedly fake) point is, they laugh behind my back because i m falling for the shenanigans. i don t understand how this could possibly be entertaining for them. do you want to have a conversation or not? usually these conversations are politic related, which i m not going to go into detail about for obvious reasons. but if you don t know something, shouldn t you just say you know what, i don t know about this topic, therefore i can not create a meaningful opinion on it instead of being immature about it? i have no problem admitting that i just don t know and that i should look into it before i discuss it. why do people resort to such a thing? it s humiliating. i really can not tell when someone is baiting me and it s frustrating as hell",Neurodevelopmental Disorders,Anxiety Disorders,Substance-Related & Addictive Disorders,Autism Spectrum Disorders,Adhd,Generalized Anxiety Disorder,Autism Spectrum Disorder (Asd),Obsessive-Compulsive Personality Disorder,Persistent Depressive Disorder (Dysthymia)
16977,facing the music,"i haven t been honest with my psychiatrist about all of my symptoms, and i haven t been totally adherent with my medication. i have an appointment coming up in 10 days and i know i need to fess up and take responsibility for my decisions. face the music, so to speak. i truly do want to get well, but i find it hard to be honest. i come from a family where mental illness is not talked about and if you re sick, you don t complain about it. so i ve been hiding some symptoms and behaviours from my psychiatrist because i don t want to seem like i am exaggerating or making up my symptoms. anyone been here before? what is your advice for my upcoming appointment? i m shaking in my boots.",Mood Disorders,Neurodevelopmental Disorders,Obsessive-Compulsive & Related Disorders,Bipolar Disorders,Cluster A (Odd/Eccentric),Cluster B (Dramatic/Emotional),Bipolar 2 Disorder,Cannabis Use Disorder,Delusional Disorder
10283,book i can read to copethrive with spouse with undiagnosed ocpdnpd and also conveniently leave out so she can find it,"my therapist and i both think she probably has ocpdnpd. of course i can't suggest it even kindly. i do think she'd be receptive to the news and even willing to work on it if she realized on her own. maybe a two in one book isn't the right idea. but i would like a book i can learn tools and benefit from but that also were she to pick it up she can find chapters that may lead to a realization she has it andor get motivated to get a diagnosis and find tools for herself. is there a book you recommend for both parties? if not, what's your recommendation for a book for me and a book for her? bonus points if it addresses how i can help our adolescent and teenage children navigate having a mom with ocpd (npd).",Personality Disorders,Neurodevelopmental Disorders,Sleep Disorders,Cluster C (Anxious/Fearful),Insomnia Spectrum,Autism Spectrum Disorders,Obsessive-Compulsive Personality Disorder,Cannabis Use Disorder,Restless Legs Syndrome
11227,miritzapine already not helping,"i have been through several different meds and none of them have helped. and i thought maybe finally miritzipine would help and yeah it did for the first night, but the last several nights i ve laid awake and i m getting really fed up. nothing is helping and i do all the sleep hygiene bullshit but nothing helps. i used to be able to sleep on the weekends at least or take a nap after work but i m literally incapable of falling asleep i m really close to a fucking breaking point",Sleep Disorders,Neurodevelopmental Disorders,Substance-Related & Addictive Disorders,Insomnia Spectrum,Autism Spectrum Disorders,Cluster C (Anxious/Fearful),Insomnia,Schizoid Personality Disorder,Bipolar 2 Disorder
5388,how to stop obsessing over my appearance?,"i m obsessed. i don t wear a ton of makeup or anything so i probably don t appear vain initially but i am. i am absolutely the vainest person alive. i spend so long staring at myself in the mirror, taking hundreds of pictures of my face and body and obsessing over how ugly i am and mourning the fact that i m not beautiful. how do i get out of it? how do people go about their lives without obsessing about being beautiful or how ugly they are? i know that it s such a waste of life and k could spend that time improving myself and my life in so many ways but none of it matters to me. i just want to be beautiful and not hideous.",Obsessive-Compulsive & Related Disorders,Trauma & Stressor-Related Disorders,Schizophrenia Spectrum & Psychotic Disorders,Ocd Spectrum,Panic Disorders,Autism Spectrum Disorders,Body Dysmorphic Disorder,Bipolar 2 Disorder,Post-Traumatic Stress Disorder (Ptsd)
4119,how do i ask for help?,"hi, i (14 ftm) have a b.e.d and idk how to ask for help. i get really sad and scared when i think to ask. my sibling pokes fun at me and once said i looked like i was ""full of water"" and motioned to my arms. even when i'm not hungry i eat to make me less scared and anxious. does anyone know how to reach for help without causing anything bad? please be kind.",Eating Disorders,Sleep Disorders,Trauma & Stressor-Related Disorders,Restrictive/Compensatory Disorders,Cluster A (Odd/Eccentric),Adhd,Binge-Eating Disorder,Seasonal Affective Disorder,Sleep Apnea
755,advice for grad student (but mostly a rant),"hi everyone tldr i am falling behind in all my work and feel like i have no time or energy for it. the quality of my work is suffering and i feel guilty for not having things done. i feel like i m just barely getting by. help pls i m a fulltime grad student and work as both a graduate assistant and tutor on campus. lately i am really struggling to keep up with my work. i m diagnosed with type 1 narcolepsy and adhd (though sometimes i think it might just be one mirroring the other), so i really struggle to focus on my work and constantly procrastinate. it s just like i m going through the motions to get through the day, then by the time i get home and makeeat dinner i am completely exhausted and it s already like 9pm. it also doesn t help that i barely have any time to eat until then. at that point i am just sitting on the couch trying to bring myself to do work, but i am so mentally and physically drained. i used to just fall asleep in these situations then i could maybe do some work after a nap (though usually it was like 20 min nap, 20 min of work so not very productive). now, idk if it s because i m medicated or what but i don t really fall asleep instead i just feel like i m paralyzed and then i feel like shit for not doing anything. this lasts hours. by the time i get myself up, it s one of two things 1. i get to work at like midnight then i m up super late trying to finish but pretty much inevitably fall asleep during it or 2. i go to bed and tell myself i ll get up early to finish (even though i know i won t be able to). either way, my sleep schedule is fucked and i get next to nothing done. i just feel so guilty, especially in group projects. and in grad school now all my classes are only a few people so i can t even fake my progress then get everything done at the last minute, which has always been my specialty. though, even that was becoming difficult to manage. any advice on how to deal with any of this?",Sleep Disorders,Schizophrenia Spectrum & Psychotic Disorders,Substance-Related & Addictive Disorders,Insomnia Spectrum,Bipolar Disorders,Restrictive/Compensatory Disorders,Narcolepsy,Schizotypal Personality Disorder,Avoidant Personality Disorder
3301,do you feel sympathy or empathy more or neithernone?,"basically the title, just curious. i can hardly define either of those though. i assume sympathy would be ""feeling bad"" for someone else whatever bad means, like you can recognize that a situation sucks but also don't care? and i'm assuming empathy is like feeling bad plus feeling sad because someone is experiencing something sad",Personality Disorders,Mood Disorders,Schizophrenia Spectrum & Psychotic Disorders,Cluster A (Odd/Eccentric),Panic Disorders,Phobias,Schizoid Personality Disorder,Narcissistic Personality Disorder,Social Anxiety Disorder
1057,always 3 central events per hour,"i have obstructive sleep apnea but during my sleep tests every night with my cpap it records about 3 central events per hour. even though they appeared in my sleep studies without my cpap, my doctor played with my automatic machine settings to see if this would reduce the central events. it did not. is this normal to have this many central events? if not, what could be causing this? i see that certain neuro conditions can cause this...",Sleep Disorders,Schizophrenia Spectrum & Psychotic Disorders,Obsessive-Compulsive & Related Disorders,Insomnia Spectrum,Generalized Anxiety Disorder,Substance Use Disorders,Sleep Apnea,Body Dysmorphic Disorder,Schizotypal Personality Disorder
10816,making myself get out and be social,"making myself get out and be social is challenging for me. it never gets easier because i never feel like i belong anywhere regardless of how long i am a member of a group or how active i am. unless i'm drinking alcohol, i feel stuck in my head the entire time and have a hard time enjoying myself. does anybody else experience this? i feel like it's either a dysthymia thing or a ""me"" thing because other people in the group don't seem to have this issue. of course i don't talk to them and ask, but i can't imagine it's normal. after a person attends a group for a while, they should at least learn to be comfortable and feel a part of that group i would think.",Mood Disorders,Neurodevelopmental Disorders,Schizophrenia Spectrum & Psychotic Disorders,Depressive Disorders,Substance Use Disorders,Cluster B (Dramatic/Emotional),Persistent Depressive Disorder (Dysthymia),Alcohol Use Disorder,Social Anxiety Disorder
15837,does anyone else obsess over men? how to stop?,"does anyone have any good coping mechanisms? i will create a whole daydream reality of a man after just one date and then he becomes my whole focus. i can t stop checking my phone if he texted me, thinking about him when i go out, wanting to analyze every conversation, even though we barely know eachother and i will assume that i m going to marry them. then when he doesn t talk to me i feel like i m worthless and there is no meaning to life, until i find someone else to hyperfixate on and the pattern continues. this is something i can t control. like i ll make plans w friends to distract me but then can t stop thinking and talking about it and they will get annoyed. if i stay home trying to focus on a hobby, i ll always stop to see if they texted me or go on their social media even though i ve literally only went on one date. if i do end up dating them, my whole life starts shifting into them, basing everything i do around how i want them to see me and like kind of melting alway unless they re paying attention or watching me in my eyes. i feel like without attention from a man that i want to marry, i will curl into a ball and die. like if i don t have any man i want, i go into a downward spiral until a new one comes along so everytime i try to take other peoples advice of being single and focus on myself, i just become super depressed and empty. does anyone else deal with this? what do you do?",Personality Disorders,Eating Disorders,Mood Disorders,Cluster B (Dramatic/Emotional),Bipolar Disorders,Autism Spectrum Disorders,Histrionic Personality Disorder,Narcissistic Personality Disorder,Seasonal Affective Disorder
6036,i want to destroy myself,"my bdd centers around my weight. any aspect of my appearance that looks even remotely large to me kills me internally. recently had pictures taken professionally i've never looked fatter. as soon as i saw the pictures i threw up. not on purpose, just i was so absolutely disgusted with myself that i couldn't hold it back. i feel i don't deserve to eat any food ever again, that i don't deserve friends or a loving family or to be successful because i'm already a failure where it really matters to me. i used to be anorexic and i'm thinking of all the things i used to do and how i should never have stopped doing them. i wish i could change this apparently i'm not overweight by societal standards 5'7 170lbs, and i workout regularly via weight training so at least some of that is muscle. i will never see myself how others seem to see me. i wish i could destroy myself and start over with the pieces. if i knew a way i could lose weight back to the point i was before i started recovering, i would do it in an instant regardless of the safety. this is absolute hell.",Obsessive-Compulsive & Related Disorders,Schizophrenia Spectrum & Psychotic Disorders,Eating Disorders,Ocd Spectrum,Depressive Disorders,Psychotic Disorders,Body Dysmorphic Disorder,Major Depressive Disorder,Autism Spectrum Disorder (Asd)
19307,i am so tired of fighting my own brain.,"i don t have bpd, or at least i haven t been diagnosed with it. i m scared to seek out help on the off chance i will be diagnosed with it and won t be able to run from it if that makes sense. recently i have been scaring myself because that little dark spot of my brain, the part of me in there that wishes to not exist, has been raging at me. especially when i m alone and i m scared that one day i ll end up taking a permanent sleep. i know i should seek out help, but really all i want is for it to stop. i m so tired of managing myself. i m so tired of making sure i m not freaking out, or splitting, making sure that all of my emotions are checked and secured and set inside their neat little boxes so i don t have a mental breakdown. i m tired of calming myself down. i m tired of telling myself that permanent sleep isn t the answer when i know it would cause all of the pain to stop. why is it just constant pain? why is it every single day? at every moment? why isn t there a moment where i just feel good and happy and like life is worth living? why do i operate on such a level, that makes life exhausting and draining? i keep thinking to myself, it s always pain. i m always in pain and i just want it all to stop. i want it to end. just the pain. i m having nightmares again too so i m afraid to sleep which really sucks because sleep is my only escape from myself. sleep paralysis is in full force again too and i haven t experienced either of these things in years. just fucked up weird nightmares and sleep paralysis. i m terrified of the dark again. i can t even walk through my own house without feeling paranoid that something is lurking around in the dark. all the lights have to be on and i have to sleep with a night light again. i read somewhere that most people with bpd commit suicide in their mid twenties and i just turned 25, turning 26 in october and i m scared that i m reaching that point i keep thinking about the type of adult i ll be later in life and i feel fear every time i think of it. i think my mom has it, and i m pretty sure my grandma did too. they were both shitty parents. i m always in pain. i m always scared. weed doesn t even stop the dreams anymore.",Mood Disorders,Eating Disorders,Anxiety Disorders,Bipolar Disorders,Panic Disorders,Depressive Disorders,Bipolar 1 Disorder,Binge-Eating Disorder,Panic Disorder
13650,revelation,"i have been diagnosed with everything from bipolar, adhd, asd, bpd, etc but never truly felt like i had a place. i mainly agreed on the asd diagnosis and adhd since i was diagnosed as a teenager but nothing else made sense. i felt evil, i was a conniving preteenteenager, i acted out to get attention, if i had a fight with a friend i would alienate them and bully them despite hating bullying due to being a victim myself. i have been seeing a newer therapist who knows her shit, psychology and personality disorders are her special interest so this isn t just a job for her. she s been studying me for a while, i brought up multiple diagnosis that i have been given as well as ones i considered having. in her words we have gone through the entire dsm already. after asking a few questions, she told me she is highly suspecting hpd which she also mentioned besides all the other diagnoses, i have never considered this one. i looked it up a while ago and thought this isn t me. i hate talking to people. until she gave a description that completely blew my mind. apparently she doesn t think i have adhd which was some kinda black mirror stuff until she brought up that hyper activity was not something that started in early childhood. my impulsive behaviors were because of attention.. supposedly the only things she sees are asd and hpd which again, black mirror. i feel like i m losing my mind bc after hearing about it from a professional psychologist who studies personality disorders for fun and not some random website, it basically wraps everything up to the t. where do i go from here? i sometimes think i m delusional because i frequently mistake any kind of conversation or looks with men and male coworkers as flirting even though that s probably far from the truth. idk where i m going, idk what to do, i can t wait an entire week to get more information. any advice?",Personality Disorders,Eating Disorders,Substance-Related & Addictive Disorders,Cluster B (Dramatic/Emotional),Adhd,Generalized Anxiety Disorder,Histrionic Personality Disorder,Narcissistic Personality Disorder,Cannabis Use Disorder
1035,almost 20 and with no high school diploma,"it's hard to believe that i once was a gifted, very enthusiastic kid who wanted to learn everything about everything and become a writer orand an astrophysicist (ambitions, i know). i will be turning 20 this year. i spent the last 3 or 4 years making amends with my teachers and counselors, taking advantage of every single accommodation possible, and then just disappearing from school. i haven't been able to study or even read one singular chapter this entire time, which is probably caused by multiple mental health factors stacked on top of each other. i did manage to finish one or two small writing assignments. from very empathetic and supportive school staff, to a life coach that they paid for, to recently therapy and meds, i'm still stuck in this very vicious cycle of avoiding life, and especially school. during my ""lost"" years i wasn't reading, writing, socializing, doing any hobbies or even watching netflix, because even watching a short episode of a fastpaced animated show was too much of a commitment. i'm left in a state where i feel as if i don't exist in the real world, i only exist in my head and with my thoughts. i don't think that in a delusional way, but i feel it in a depersonalization kind of way. i feel numb, thinking about school and my future makes me nauseous. i'm existentially afraid of most things in life and about myself. everything feels fake and i'm not sure how i would ever be satisfied in life, so why bother getting a degree? i know i am wrong. i know i'm not the only one who feels like this, but it sure feels very, very lonely.",Personality Disorders,Substance-Related & Addictive Disorders,Anxiety Disorders,Cluster C (Anxious/Fearful),Cluster B (Dramatic/Emotional),Cluster A (Odd/Eccentric),Avoidant Personality Disorder,Delusional Disorder,Bipolar 1 Disorder
19443,i can t stop hoarding baby clothesitems but mostly clothes.,"i can t stop hoarding and buying baby clothes in case i have another baby . this is not like a cute, ahahaha i have so many clothes, no i have bags upon bags of clothes, like it s hoarder level stacking up against the wall level bad. i grew up in the system from 1418 and before that lived in extreme poverty. i used to food horde even when the food went bad..i d still eat it cause i just couldn t throw it away, i mean picking off mold on bread bad. anyways i m afraid because i purchased almost everything myself for this baby, the only thing we ve received in terms of baby items was from a coworker and it was clothes so so so many clothes on top of what i buy. so i m sitting here trying sooo hard to sort through the mountain to donate them, i only ever wanted one kid but i just can t let go? can someone help me lol. i also horde diapers, wipes and diaper cr me but i buy a size bigger just incase..because i had nothing for my baby and acquired everything myself it s so important to me to give back. i know this is rambling but like someone help me hahah.",Obsessive-Compulsive & Related Disorders,Trauma & Stressor-Related Disorders,Eating Disorders,Ocd Spectrum,Adhd,Depressive Disorders,Hoarding Disorder,Schizophrenia,Schizotypal Personality Disorder
21047,i m only functional with drugs,"i can only be partially functional with drugs, to be more specific clonazepam and alcohol. i know that in the medium and long term this will cause me enormous damage, but what other alternative do i have when all healthy and recommended forms of treatment have not worked? risk losing everything or continue the same way forever? i don't know, but with each passing day the first option has been calling my attention.",Anxiety Disorders,Substance-Related & Addictive Disorders,Neurodevelopmental Disorders,Phobias,Cluster A (Odd/Eccentric),Autism Spectrum Disorders,Social Anxiety Disorder,Seasonal Affective Disorder,Insomnia
9438,balloons blowing at which time should we do it?,"hi all, as the title says. i'm pretty sure i do have a sort of apneauars and will do a sleep test. i tried raising my pillow and it worked but what worked a lot for me was blowing up balloons (now i do it 15 min per day) and also singing, along with other soft sleep apnea exercises, i do before bed, that should help. since i blow up some balloons 1h or so before sleeping, i noticed i wake up with a mild nausea, and thought if i should do it maybe at other parts of the day. does anyone know if that might have the same positive effect on sleep? might seem weird, but these techniques worked for me and as i read for other people, there's also some research on it thanks",Sleep Disorders,Personality Disorders,Eating Disorders,Insomnia Spectrum,Panic Disorders,Cluster A (Odd/Eccentric),Sleep Apnea,Avoidant Personality Disorder,Autism Spectrum Disorder (Asd)
6700,im giving up,"im so tired of this constant anxiety and panicky feeling. its been like this for two months now. im on zoloft cipralex and xanax but nothings helping. for example, id make a spelling mistake and i get a zap feeling. idk how to explain it???? like why am i constantly feeling like ill collapse or die. its so damn tiring going through it everyday. i just want it to end",Anxiety Disorders,Personality Disorders,Trauma & Stressor-Related Disorders,Panic Disorders,Cluster B (Dramatic/Emotional),Restrictive/Compensatory Disorders,Panic Disorder,Dependent Personality Disorder,Delusional Disorder
5087,how to deal with anger at work,i'm a diagnosed antisocial who is having psychological support since 2021. i'm working at a movie set and there's so many miscommunications and chiefs and coordinators not doing a sufficient job and result of it is overwork for juniors like me. i've practiced mindfulness and even turned to christianity to teach me about love and patience in the times of stress like these. but today i just can't help but being annoyed by everyone and wanting to fight people i hate for no reason. i'm really about to ruin this job for me and lash out to somebody. how do you guys deal with anger at stressors that you can't escape?,Personality Disorders,Substance-Related & Addictive Disorders,Sleep Disorders,Cluster B (Dramatic/Emotional),Adhd,Psychotic Disorders,Antisocial Personality Disorder,Schizophrenia,Obsessive-Compulsive Personality Disorder
21171,i m so sorry mom,"i feel like such a shitty daughter. i can be such a bitch at times. i m so sorry for being such a pos mom. i m so sorry. i m so sorry for things i say and do. i m sorry i failed you. i m sorry for being a little bitch you almost died and i know i seem ungrateful and i m so sorry, i love you i m glad you survived i m sorry for getting mad at you and saying mean things i m so sorry, i m such a pos i feel so bad you took me shopping yesterday and bought me some things, i feel so terrible because i don t know how to wear the clothes i picked out, i don t know how to do this i feel so terrible mom i m so sorry, i don t know who i am anymore and i feel so empty, i m so sorry, why am i so lost, i m so fucking sorry what is wrong with me what is happening",Mood Disorders,Anxiety Disorders,Eating Disorders,Depressive Disorders,Autism Spectrum Disorders,Restrictive/Compensatory Disorders,Major Depressive Disorder,Post-Traumatic Stress Disorder (Ptsd),Antisocial Personality Disorder
12811,prozac and adderall combo,"is anyone here experienced with this combination? after my attempts with a nonstimulant failed, i've been taking prozac for the past month, which has significantly improved my mood but no executive function improvement. i haven't received any prescriptions for adhd yet. my doctor intends to add adderall xr very soon. while i'm not particularly concerned about the rare serotonin syndrome, i do want to learn from others who have used this combination. there are a few forums discussing it, but details are sparse.",Neurodevelopmental Disorders,Eating Disorders,Sleep Disorders,Adhd,Panic Disorders,Substance Use Disorders,Attention-Deficit/Hyperactivity Disorder (Adhd),Hoarding Disorder,Post-Traumatic Stress Disorder (Ptsd)
3123,do my symptoms sound like rls?,"it started a couple of years ago. i feel it almost always at night, but also sometimes at work during the day if i ve been sitting without moving for a long time. my legs just feel antsy. not itchy, not jittery,nothing painful or really uncomfortable, they just feel ready to go. like all of the muscles in my legs are in a constant state of being almost tensedflexed, but not quite. i ve described it to people as feeling like i just drank a lot of preworkout, and it all went to my legs. every night before i go to bed i have to go through a routine of leg stretches like i m about to go on a long run. my doctor wasn t super familiar with my symptoms, but she said it might be rls, and she prescribed me ropinerole to help. i m not 100% sure yet if it s actually effective. some nights after i take it, and go through my stretching routine, my legs still get tense before i fall asleep. do these symptoms sound familiar to anyone? does it sound like no yeah, you def have rls, you might just want to talk to your doctor about increasing your prescription , or does it sound like i might have something else? and if anyone does experience the same symptoms, is there anything else that you do that helps, besides medication and stretching?",Sleep Disorders,Personality Disorders,Schizophrenia Spectrum & Psychotic Disorders,Insomnia Spectrum,Bipolar Disorders,Cluster C (Anxious/Fearful),Restless Legs Syndrome,Post-Traumatic Stress Disorder (Ptsd),Antisocial Personality Disorder
8527,olanzapine valium,"hello all my psychiatrist just put me on olanzapine for sleep. it worked the first night but not the second night. please don t tell me all the negative side effects lol i can also try olanzapine trazodone or olanzapine valium. has any one ever done either of those combinations? if so, what dose? just curious. edited to add that i ve taken it once.",Sleep Disorders,Trauma & Stressor-Related Disorders,Anxiety Disorders,Insomnia Spectrum,Depressive Disorders,Adhd,Insomnia,Schizoid Personality Disorder,Cannabis Use Disorder
8878,"it's hard when you realize there's no higher power and everything could go wrong at any point, no matter how much you try and put on a fake act it's possible nothing will come out of it still","im not very sharp, i have never been the studying type, barely read any books in my life, but lately i've been watching some stuff on youtube and i try to grasp whatever i can understand i saw a video of this philosopher slavoj zizek and this saying stuck with me ""the only way really to be an atheist is through christianity. christianity is much more atheist than the usual atheism, which can claim there is no god and so on, but nonetheless it retains a certain trust into the big other. this big other can be called natural necessity, evolution, or whatever. we humans are nonetheless reduced to a position within the harmonious whole of evolution, whatever, but the difficult thing to accept is again that there is no big other, no point of reference which guarantees meaning"" i realize that although i call myself an atheist i still believed in the ""big other"" , i still felt like for some reason it would get better if i just acted, if i just forced myself to do things and have a cute little routine ,forcing myself to talk, forcing myself to socialize etc, but nope, pointless, everything, i can't decide if the comfort of not doing anything is better or worse than experiencing the pain that comes out of doing things, even the only pretty thing in life hurts, love, why is it so difficult? the only thing that shows pure love without walls are animals, and you can also show your full love to them without any restraints, no ifs or donts, not buts or fear. just pure love.",Mood Disorders,Substance-Related & Addictive Disorders,Trauma & Stressor-Related Disorders,Depressive Disorders,Generalized Anxiety Disorder,Ocd Spectrum,Major Depressive Disorder,Narcolepsy,Antisocial Personality Disorder
10571,can someone please explain it to me?,i was diagnosed with it in november but i don't understand it. they didn't give me any papers or anything explaining it. when they tried the only thing about adjustment disorder in teens was about losing a parent and grief. can someone just explain the basics to me? any help is greatly appreciated.,Trauma & Stressor-Related Disorders,Substance-Related & Addictive Disorders,Schizophrenia Spectrum & Psychotic Disorders,Ptsd Spectrum,Ocd Spectrum,Adhd,Adjustment Disorder,Major Depressive Disorder,Social Anxiety Disorder
13214,"realistically, how much damage has stress done to me and is there any hope of reversing it?","basically this. around 5 years of stress, 1924, just around the time college started to really mess with me, then graduation and job hunting and first couple years of work. it got pretty bad at some point and i was on medication but i m trying to manage my stress currently as best as i can. however, my main source of stress rn is that all the stress i experienced permanently messed with my brain and literally shrunk it. i ve heard it can really mess you up if you experienced it at a very young age, but it was later for me when the anxiety really kicked in. should i be worried? is this amount of time spent under heavy stress enough to cause irreversible damage?",Anxiety Disorders,Mood Disorders,Obsessive-Compulsive & Related Disorders,Generalized Anxiety Disorder,Cluster C (Anxious/Fearful),Depressive Disorders,Generalized Anxiety Disorder (Gad),Sleep Apnea,Obsessive-Compulsive Disorder
16697,everything is scary and difficult,"i live 15 minutes away from the city and just recently began to drive. i thought evrything would be better then. fuck this shit. i'm scarred out of my life to drive this big highway. i can't bring myself to do it and stay home all day alone in this fucking box when i'm not working. meeting other young people is so hard. how do you even meet people before it's dark outside and you just want peace at home ? how ? is everyone a night owl ? i just need reassurance, i just need comfort, and most of all, please, tips. (the lpt redditors were absolutely awful when i asked).",Anxiety Disorders,Trauma & Stressor-Related Disorders,Sleep Disorders,Phobias,Psychotic Disorders,Cluster C (Anxious/Fearful),Social Anxiety Disorder,Body Dysmorphic Disorder,Schizoid Personality Disorder
13121,random but do you feel the effects of caffeine,"i ve never noticed any effects from caffeine my entire life. i thought it was probably something to due with adhd or how my body metabolizes it but recently i also wonder if it has anything to do with being so out of touch with my body. personally i m usually not aware of when my heart is racing or when i m panicking around people, i wasn t even able to recognize that i was an incredibly anxious person until the last year or two. up until then i just walked around with a daily regular heart rate of 100 beats per minute and for the life of me could not understand why it was so high. (it was always low and healthy when i was sleeping though). i got tested for so many things until i eventually came to terms with the realization that i was genuinely just anxious at almost all waking moments of my day, but usually just too disassociated to notice. so maybe i am affected by the endless diet soda and just have no idea lol. i ve always been jealous of the people that can actually drink a cup of liquid and feel noticeably more alert",Personality Disorders,Neurodevelopmental Disorders,Trauma & Stressor-Related Disorders,Cluster A (Odd/Eccentric),Ocd Spectrum,Bipolar Disorders,Schizoid Personality Disorder,Panic Disorder,Obsessive-Compulsive Personality Disorder
13760,routines and practices to get better,"what are your daily practices and activities relating to curing your dpd? what should i do or change to cure myself. what were your first steps. i just found out i might have dpd. i do not need professional diagnosis as i do not believe in this kind of stigma, i admitted to myself this might be the cause of my frustrations and anxiety, but what do i do now? i would like to become a better version of myself.",Personality Disorders,Trauma & Stressor-Related Disorders,Substance-Related & Addictive Disorders,Cluster C (Anxious/Fearful),Generalized Anxiety Disorder,Cluster B (Dramatic/Emotional),Dependent Personality Disorder,Alcohol Use Disorder,Schizotypal Personality Disorder
10490,can i move on to have a healthy relationship if i was consistently physically abused by my father as a child?,"hi guys, i am looking for some hope. as sad as it sounds, i was physically abused by my dad a couple times a week for 8 years. the verbal torture was also another thing i dealt with. i have been functional for the most part of my life, moving onto becoming educated and a good person not resorting to drugs or alcohol as coping mechanisms. however, i ve noticed in the area of intimate relationships i struggle the most. i have seen a therapist for a couple of years now (i m a 33 year old female btw). that has been really helpful. now onto the fun part, i m in a new relationship where my boyfriend is kind, loving, secure and respectful. due to my past, i am having a hard time getting physically close to him because of my deep rooted fears. my therapist says i have a fearful avoidant attachment style and i m terrified of men getting close to me because they will hurt me. my boyfriend would never hurt me and i consciously know that but it doesn t stop the anxiety when he s close. i ve tried so many coping mechanisms and i still can t shake it. i m looking for some hope from the community. has anyone overcome this and been able to form a healthy relationship? how did you do this?",Personality Disorders,Substance-Related & Addictive Disorders,Neurodevelopmental Disorders,Cluster C (Anxious/Fearful),Adhd,Panic Disorders,Avoidant Personality Disorder,Narcolepsy,Obsessive-Compulsive Personality Disorder
3863,hopeful media ideas for the winter,"one of the things that helps me get through the winter is reading, watching, listening to, and playing optimistic stuff. for example, i love the tv show ted lasso. it s about a folksy, wholesome american football coach named ted lasso who was hired to be a football coach in london despite not knowing anything about the game. (since what the u.k. calls football is called soccer in the u.s.). you do not have to be a sports fan to enjoy this show. there are many other layers to it involving stuff like healing from the past, expressing empathy, believing in yourself, finding the humour in tough times, befriending people from all walks of life, etc. what i like most about it is that it doesn t shy away from tough topics or give pat answers. many of the characters have genuine struggles in life that can t be solved in a single episode or season .and yet they still keep trying. that s the sort of durable hope that i really like seeing examples of in the depths of winter. what are some of your favourite hopeful books, tv shows, films, video games, songs, andor other similar pieces of media?",Mood Disorders,Trauma & Stressor-Related Disorders,Eating Disorders,Depressive Disorders,Phobias,Ocd Spectrum,Seasonal Affective Disorder,Cyclothymic Disorder,Sleep Apnea
22437,just turned 20 at prestigious university,"hi, i am a 20 year old from the uk, who writes to my fellow alcoholics seeking advice. i attend a university which is very good, and has a very prominent networking culture, including many events infused by alcoholic intakes, namely lots of red wine. my history of alcohol has lasted around 2.5 years in the concerning range, going from drinking every day (serious amounts, often between 35cl to 50cl of vodka), to now having relative periods of sobriety (be that 2 weeks or whatever) followed often by a belief i can attend an event, hair of the dogging it the next morning, next thing i know it s 5 days later (often consuming around 2.5l of vodka), followed by 23 days of brutal hangover and then i ve lost a week, followed by another 2 weeks of sobriety. i have no idea how to balance this expectation. the only foolproof method i have to combat this is to be with my girlfriend, who i plan to marry. when i wake up next to her i feel the strong urge to be the best man possible, however on my own i feel this need for myself simply dissipate. i feel as though i cannot balance the culture of this university regardless of my approach, and my studies are suffering any advice? much would be appreciated",Substance-Related & Addictive Disorders,Eating Disorders,Neurodevelopmental Disorders,Substance Use Disorders,Autism Spectrum Disorders,Insomnia Spectrum,Alcohol Use Disorder,Schizotypal Personality Disorder,Obsessive-Compulsive Personality Disorder
23017,lost nearly half my body weight now i can t leave the house.,"hello, i used to weigh 18 stone, and am now weighing in at 10 stone. i got super into the gym, and my diet slowly changed with that. and it became my life. no hobbies aside from gym, and food is my every thought. i got where i was due to a lack of portion control and binging and emotional eating. and i then got smaller. yet im still not happy. i had surgery three weeks ago for hystorectomy. and obviously cant go to the gymfor six weeks. it s hell. the guilt is immense and i ve gone back to binging vast amounts of anything ever other day due to gym and food guilt being too much. i can t work either and i feel so alone in all that im handling and feeling. i ve tried to reconnect with older hobbies like painting, drawing, readingyet i can t stop the binge. and these awful guilt thoughts. any help or advice or just anyone to talk to would be cherished right now. many thanks",Eating Disorders,Anxiety Disorders,Trauma & Stressor-Related Disorders,Restrictive/Compensatory Disorders,Adhd,Cluster A (Odd/Eccentric),Binge-Eating Disorder,Delusional Disorder,Agoraphobia
11673,my experience with quiviviq (as female on oral birth control),"i am using a throwaway for this because i'm revealing personal information and don't want to doxx myself... i've had insomnia for over a decade and i am dealing with it more or less. i've been taking trazodone 75mg for years now and that helps me to fall asleep, but unfortunately i wake up around 25am (i fall asleep around 1011pm) often and have trouble falling back asleep. when that happens, i take triazolam, which is a benzo with a short halflife so i'm not hungover the next day. but i also have valium which i sometimes take. i am tracking how often i use benzos because i don't wanna overuse, and it's about 34 days per week. i have heard about the new drug class dora and thought this would be perfect for me, so i got it prescribed (and had to pay a fuckton of money for a package) and started taking 25mg about 10 days ago. and it really helped me stay asleep i still had to take 50mg of trazodone to fall asleep, but with quviviq i slept all night and got up at 7 completely refreshed. feeling this natural state of tiredness was a bliss, i would wake up for a second and then just turn around and fall back asleep. though over the course of the following week, some concerning things happened first, i am also on oral birth control (drovelis or nextstellis, which is estretol and drospirenone). according to the information i found online, there should be no major interactions. daridorexant (quviviq) is a weak cyp3a4 inhibitor, so it might increase drospirenone, since that is the enzyme that breaks drospirenone down. which might increase side effects of drospirenone, but shouldn't be too big of a problem, or so i thought. though a few days into taking quviviq i started spotting, which then progressed into a breakthrough bleed as strong as a menstruation, accompanied by cramps which i normally never experience. i don't know whether this means that somehow those medications might be interacting in a way that the birth control loses its effect, but i reduced quviviq to 12,5mg (which didn't stop the bleeding) and completely stopped yesterday. today it seems the bleeding stopped, so i'm quite sure it is quviviq. i'm quite disappointed that this doesn't seem to work for me, but i just wanted to share my story for anyone who is maybe experiencing the same, since i haven't found anything about doras with oral birth control. what is now a bit weird is that i have a tinnitus since yesterday. i felt that my ears were ringing since i started quviviq, but it was nothing major so i ignored it. today the tinnitus is definitely there and it's annoying. i hope this will also subside after a few days off quviviq. also, i do have headaches quite often and i definitely had to take a lot more pain killers while on quviviq. so i would have loved for this medication to work because i slept sound, but it definitely interacts with my birth control and i can't keep on taking it. maybe anyone on birth control can share their experiences taking quviviq or any other dora (belsomra, dayvigo). for me, i guess it's back to trazodone and benzos as needed, which sucks but i don't see any other way for now.",Sleep Disorders,Substance-Related & Addictive Disorders,Neurodevelopmental Disorders,Insomnia Spectrum,Cluster C (Anxious/Fearful),Depressive Disorders,Insomnia,Obsessive-Compulsive Personality Disorder,Major Depressive Disorder
1267,antidepressant,"someone taking antidepressants, how long does it take for them to take effect? what do you feel? i've been taking venlaxin xr for about three months now and so far i haven't felt anything, no difference. i went to the psychiatrist and she increased the dose, but so far nothing has changed.",Mood Disorders,Sleep Disorders,Neurodevelopmental Disorders,Depressive Disorders,Phobias,Psychotic Disorders,Major Depressive Disorder,Bipolar 2 Disorder,Agoraphobia
16266,does time flow weirdly to you guys too?,"yesterday was the 14th. and i know it was the 14th because i remember checking my phone and it said the 8th but it couldn t be the 8th so yesterday must have been the 14th and today is whatever comes after 14. i don t remember what i did on the 14th but im so confused. why is two weeks, 14 days? what have i been doing this entire time? i ve spoken to people and i ve done things i just don t remember when, i just know that i ve done things because i always do them the marking period is soon but that doesn t make sense, i ve only been gone for two weeks it s not that long. we aren t even that far into the school year, i don t know how long it s been but it can t be the marking period yet",Personality Disorders,Neurodevelopmental Disorders,Anxiety Disorders,Cluster A (Odd/Eccentric),Ptsd Spectrum,Depressive Disorders,Schizotypal Personality Disorder,Paranoid Personality Disorder,Schizoid Personality Disorder
11894,other people dieting and working out,"how do you all deal with other people around you dieting and working out? with people at work, it s not such a big deal for me because i wfh so i don t have to be around the talk really. sometimes it ll come up in the chat, but it s always short lived. but my partner just started training for a long distance walk the way they talk about the walks, needing to walk a certain distance or for a certain timeframe, it triggers me so much. i feel competitive and like shit basically because i m not working out at all. i talked to them yday about it, but i don t have a solution for it. i can ask them to not talk to me about it, but it s important to them and i know they re doing it anyway, so i ll still be triggered and i ll know things are being kept from me i am trying to get into recovery, but the healthcare system is shit and it s been over 2yrs and i ve still not actually started therapy properly. i don t have any support really, and i think i d be able to better handle it if i had a treatment team or something. but atm i m in limbo, waiting for treatment and idk how to handle this.",Eating Disorders,Substance-Related & Addictive Disorders,Trauma & Stressor-Related Disorders,Restrictive/Compensatory Disorders,Psychotic Disorders,Panic Disorders,Anorexia Nervosa,Schizoid Personality Disorder,Obsessive-Compulsive Personality Disorder
23004,lost creativity,"ugh... this is a ventrant. i'm a fairly creative person as many of us are. i've written a lot of things in various forms (music, poems, songs, lyrics, short stories..). i don't claim to be great. it's an outlet. sometimes things are pretty cool and people like them. sometimes i write crap. anyway... i went to the bathroom and while i was peeing, i had a really cool idea for a story. inspiration comes at weird times. i excitedly washed my hands and ran downstairs to my office to write it. i had already formulated the opening sentences in my mind, i knew exactly wanted i wanted to say, where the story was going, and how it was going to end. all of this manifested completely while my bladder was being emptied. i raced downstairs and opened up a blank document and my mind was as blank as the page. i have no recollection of what i wanted to write. all the details and all the words that danced around in my brain are gone. the entire concept has completely vanished. i'm so sad and angry.",Neurodevelopmental Disorders,Trauma & Stressor-Related Disorders,Sleep Disorders,Adhd,Depressive Disorders,Panic Disorders,Attention-Deficit/Hyperactivity Disorder (Adhd),Delusional Disorder,Insomnia
9577,please help,"hi everyone. i m gonna keep this quite short, sweet, and to the point. i was in the best shape of my life mentally and physically not so long ago. i used to weigh 240 lbs but ended up losing 100 and got to 140 through weightlifting and some cardio. i was so happy. today, i m 173 or so because i ve binged so, so much and every time i see food i feel like it controls me and i m forced to eat. i fucking hate it. i train in amateur boxing so i need to trim down anyways for a fight, but right now what i believe to be an eating disorder is not helping. i ve been like this since october or november or so of last year where i ve binged countless times and make silly excuses to binge. birthday parties, rare pizza nights, rewards for a tough workout. i m so over it and with being foods bitch and i need some guidance because what i m doing is not working.",Eating Disorders,Schizophrenia Spectrum & Psychotic Disorders,Anxiety Disorders,Restrictive/Compensatory Disorders,Generalized Anxiety Disorder,Adhd,Binge-Eating Disorder,Bipolar 2 Disorder,Body Dysmorphic Disorder
19784,i don't know anymore,fellas all i've done is drink an work and frankly idk what else to do. frankly it's gotten to the point that i have to fight myself to not drink before work. i don't know what to do with myself after work besides getting drunk. while i'm at work all i want to do is go home and drink and after i get home and drinkni hate that i did. i don't want to get further but i don't know how not to.,Substance-Related & Addictive Disorders,Eating Disorders,Trauma & Stressor-Related Disorders,Substance Use Disorders,Depressive Disorders,Adhd,Alcohol Use Disorder,Schizotypal Personality Disorder,Restless Legs Syndrome
19956,i feel invisible,"i'm extremely introvert and i have been a recluse for 7 years, i even became depressive and used to do self harm. i'm trying to be more sociable and maybe finally get a girlfriend, but i still can't connect with people. i maded 4 friendswhen i entered college and they are really cool, but i feel really distant to them, they always talk about their creative projects, while i have no one yet, they are always so energetic and extroverted, i almost don't say anything and when i say it, i overthink if said something funny or just weird. i'm trying to talk with the rest of my class, i try to look more open to talk and smile more, giving good morning to my classmates, but when they reply (if they reply) it doens't feel like they want to, they don't smile or anything. there was this girl that was really cool when i entered college, she always said hi to me with a smile and was really supportive about my shyness, but now she doens't reply my mensages, doens't talk to me and don't even smile to me when i say hi to her, that maked me feel sad and rejected. i'm trying a lot to date, meeting girls in the real world it's really hard for me, because i'm really anxious, so i mostly try the internet. i used a lot of dating apps, it's hard to find a girl who i find attractive and have things in common with me, but sometimes i find one that looks intresting, i try to send a message to talk to this girls, but they never answer me, that happens on instagram as well. i don't know what this happens, do i look ugly in my picture? i didn't start the conversation well? i really don't know what i'm doing wrong, i'm trying my best to more sociable, but people still ignore me, it's like i have a weird aura or something. i feel lonely, i just want to be like everyone else and be loved ir at least be noted by people. i want my existence to mean something.",Anxiety Disorders,Personality Disorders,Schizophrenia Spectrum & Psychotic Disorders,Phobias,Generalized Anxiety Disorder,Cluster A (Odd/Eccentric),Social Anxiety Disorder,Adjustment Disorder,Anorexia Nervosa
22158,its never going to go away is it.,"ive had crisis after crisis, with police intervention and sections by them. ive had a short psych hospital admission for my safety, and ive tried mutiple ssris at high does for long periods of time. ive tried benzodiazapines, and sedativies, ive had intensive community treatment, and cbt in the community. my care team think theyve exhausted all options , apart from structured erp. except im deemed too unsafe to begin it because the exposure causes me intense distress which leaves me to engage in harmful behaviours.. its been like this for 2 years now. its only gotten worse, its never gong to stop. im trapped, drowing in safety plans and risk assessments. its never ending. ocd has ruined my life. i feel hopeless. i dont want to be alive anymore. but i cant end up in the psych ward again, after another failed attempt. im autistic so that place really isnt helpful for me. so i cant have therapy in the community that i need, my meds dont help, and i cant even go to the bathroom without causing my parents to worry that im harming myself. i hate my brain. i hate myself. sorry for a negative post but im really finding it difficult atm.",Obsessive-Compulsive & Related Disorders,Personality Disorders,Neurodevelopmental Disorders,Ocd Spectrum,Adhd,Substance Use Disorders,Obsessive-Compulsive Disorder,Autism Spectrum Disorder (Asd),Post-Traumatic Stress Disorder (Ptsd)
11660,my experience being back on meds for 4 months,"month 1 2mg abilify 50 mg zoloft adjusting to the abilify was absolute hell. i felt like i was on the verge of throwing up and the hot flashes made me feel like i was burning alive. after that, i felt fucking amazing. i felt like i was on top of the world and like i could conquer anything. i made some really, really stupid and risky decisions. that lasted for about a week or 2 and i realized that i was probably in a manic episode. psychosis wise i did notice a decrease but the voices were still there and they were still hurting me month 2 5 mg abilify 50 mg zoloft dosage got upped to hopefully counteract manic cycling. therapist now believes i might be schizoaffective bipolar or bipolar with psychotic features, only time will tell which one i am. adjusting to the meds all i got was hot flashes, which were less severe this time. voices become less and are less critical, a massive success. i am noticing how hard it is for me to sleep though, not sure if this was due to meds, bipolar, just me, or a combination of these things month 3 5 mg abilify 50 mg zoloft 10 mg hydroxyzine i get prescribed hydroxyzine as needed to help me sleep, and i don't experience much side effects asides from dry mouth. it is then that i experience a sudden manic episode with psychosis. i believe that there are demons in my hydroxyzine and that i will be harmed if i take it when i don't need it. i am also starting to experience extreme drowsiness and i am sleeping in all of my classes. i am also experiencing some facial twitching, but it's not visible month 4 (now) 7.5 mg abilify 25 mg zoloft 10 mg hydroxyzine i am now taking my medications at night to hopefully counteract the sleepiness that i feel. so far, i do think that it's working pretty well. my psychotic symptoms have gone down severely and i hear almost no voices except for 1 who is nice to me (a first). adjustment wasn't so bad except i felt depressed for a few days and had hot flashes overall, i'm very happy with my medicine experience, even if i developed antidepressant induced mania. i feel like a massive boulder has been released off my back and i'm so grateful to my doctor for giving me these medications",Schizophrenia Spectrum & Psychotic Disorders,Substance-Related & Addictive Disorders,Anxiety Disorders,Psychotic Disorders,Cluster C (Anxious/Fearful),Generalized Anxiety Disorder,Schizoaffective Disorder,Social Anxiety Disorder,Adjustment Disorder
15756,does anyone else get anxiety attacks like this?,"it feels so easy and calming to just space out and stop blinking and it s like a warmth calling to me, my hands and legs gets shaky, i feel weak, my heart rate goes up, i feel like i might actually faint if i push myself to keep going, speaking feels delayed and yet somehow i don t feel like i have anxiety but i know i do.",Anxiety Disorders,Sleep Disorders,Mood Disorders,Generalized Anxiety Disorder,Ptsd Spectrum,Phobias,Generalized Anxiety Disorder (Gad),Histrionic Personality Disorder,Obsessive-Compulsive Disorder
11543,my boyfriend dumped me for another girl because his mom didn't like me. how do i set boundaries without making it sound like an ultimatum?,"so it happened. my boyfriend, patrick, dumped me for another girl he met on tinder. i've cut contact with him out of respect for his new girlfriend and because i know i can't trust him. the reason we broke up is because his mother (who does not like me) refused to eat and cried for 3 days unless patrick accepted going on tinder dates. she even cut power to his room (he's living with them). i told him ""i don't like this idea, please don't"" and should've run for it when he insisted on following through with it. but i was a stupid and desperate person who wanted to be loved and accepted that he'd stay loyal because he said i had set a high bar. apparently, i didn't set a high enough bar. so as i recover the shattered pieces of my broken heart and try to lick my wounds in peace, i'm trying to decide what i want. i know i want to be someone's only choice. i want someone who is willing to stand up for me when someone disparages me. i want someone who looks at me and says ""i want you. you're more than good enough"" and not only means it but i believe them. i want someone who believes the same things i do and wants a family as much as i do. this means that if this happens again, i'll cut it off much sooner. that i'll say ""i don't want you seeing other women when you call me your girlfriendwife"" and if he tries calling my bluff, i follow through. what i really don't want is to make it sound like an ultimatum. my father set ultimatums and he was a master of using them to get whatever he wanted. how do i set boundaries with people that don't sound like ultimatums?",Mood Disorders,Eating Disorders,Trauma & Stressor-Related Disorders,Bipolar Disorders,Depressive Disorders,Panic Disorders,Bipolar 1 Disorder,Paranoid Personality Disorder,Post-Traumatic Stress Disorder (Ptsd)
21552,is it possible to date with this condition?,"serious question. i lost most of my 20 s to this illness and now that my symptoms are more manageable, i ve found myself wanting to get back out there and find the love of my life. the question do any of you guys date with this condition? if so, how has it been?",Schizophrenia Spectrum & Psychotic Disorders,Mood Disorders,Trauma & Stressor-Related Disorders,Psychotic Disorders,Cluster C (Anxious/Fearful),Phobias,Schizoaffective Disorder,Restless Legs Syndrome,Delusional Disorder
1985,anyone know how i can collect disability? i live in nc,"i have not had a job since 2018, diagnosed around 2019 or so with panic disorder gad agoraphobia. idk how or what my options are here in north carolina for collecting disability or some sort of income while i try to get myself working again. i was on food stamps or ebt but they only allow that for 3 months after that they cut me off. am i just screwed to where there is no option for me? if there is id like to know but have no idea where to start.",Anxiety Disorders,Schizophrenia Spectrum & Psychotic Disorders,Trauma & Stressor-Related Disorders,Phobias,Ptsd Spectrum,Depressive Disorders,Agoraphobia,Post-Traumatic Stress Disorder (Ptsd),Hoarding Disorder
9847,bloating after binge,"hello this weekend i binged two days in a row, and i believe i consumed well over 7,000 calories each day. now it's 3 days later and i still feellook bloated and i just wonder when it will go away? or if anyone has any idea about how long it usually takes. i know it depends on how much you binge and such but i have been drinking a lot of water and i have been working out.",Eating Disorders,Sleep Disorders,Neurodevelopmental Disorders,Restrictive/Compensatory Disorders,Panic Disorders,Generalized Anxiety Disorder,Binge-Eating Disorder,Schizophrenia,Panic Disorder
738,advice changing sleep schedule,"edit just realized that probably seems like i'm giving advice... no, i need advice. sorry for the bad title. i have been really struggling with being awake until 57am most days and finally going to sleep then. i have wanted to change it back to a normal sleep schedule but can't no matter what it seems. i have tried using prescription medications but nothing i was being prescribed worked at all and due to other circumstances i basically had to give up trying. it was through the government so idk if that made it more restrictive or she just didn't want to work with me in the ways i tried to articulate to her that i was in need of. i've tried otc stuff too like melatonin, zzzquil, unisom and nothing helps, not even a little bit. i have stayed up all night to try and sleep the next one but i will just be so tired that i literally can't make it through the day without caffeine, but once night time comes around my body is awake again even on no sleep. i have tried inching the bedtime back an hour at a time but i just miserably fail at either not being able to sleep or maybe getting like 11.5 hours and again not being able to fall back asleep until 57am or later. i have tried inching the bedtime forward and staying up until say 9am, then 11am and trying to just move in that direction but that also doesn't work. and i can't even remember how that played out but basically i ended up right where i started. i can't recall ever being locked into such a flipped sleeping schedule like this but i'm desperate. today i woke up at 8am, had to use some caffeine but tried to keep it as low as possible, was extremely tired where i'm shocked i didn't pass out around 47pm, and i fell asleep from 10pm until 1130pm. couldn't fall back asleep after and here i am awake in the middle of the night. i will yawn a bunch and feel tired at night in a way (i kind of always do 247), especially when i stayed up all night or barely slept, but can't sleep no matter what position i try or what tweaks i make to my situation. has anyone gone through this experience and recovered back to a normal bedtime? i am technically getting some sleep but zero progress on any change to the schedule of it. i'd guess this has been going on since early to mid january but i have zero recollection of how long. for a while (i think weeks or longer) i was literally just lying in bed listening to asmr with my eyes closed from like 9pm until 5am without any screen time or distractions. idk what to do. and i basically don't have health insurance so i can't really try a new psychiatrist. it was one that provides to my surrounding area and i was assigned to her through the government basically. any help, advice, whatever is appreciated. thanks.",Sleep Disorders,Neurodevelopmental Disorders,Personality Disorders,Insomnia Spectrum,Autism Spectrum Disorders,Phobias,Insomnia,Generalized Anxiety Disorder (Gad),Cyclothymic Disorder
22107,it was a good winter. how about you?,"this was the first year in recent memory where i didn't have at least a month of sad.... lack of motivation, trouble getting out of bed, consuming more alcohol, not being proactive at work.... did anybody else have a similar winter season? i don't know what to attribute it to.... there was a lot of snow this year where i live so it was brighter during the day... and i had a bad cough from christmas day till just last week... so i was taking care of myself a little better.",Mood Disorders,Substance-Related & Addictive Disorders,Eating Disorders,Depressive Disorders,Insomnia Spectrum,Panic Disorders,Seasonal Affective Disorder,Narcissistic Personality Disorder,Schizoid Personality Disorder
2283,ash wednesday is this week. i'm going to do my best to give up fear for lent feel free to join me and we can encourage one another.,"it's part of an overall push for spiritual growth, and i'm a work in progress and god knows that but i'll keep praying and putting one foot in front of the other. there will undoubtedly be ups and downs on the journey, but faith and perseverance are the key. surrender is a component of anxiety recovery, letting go of the tight need to control. it's a discipline, a learning process, and a way of having the suffering have purpose rather than just being meaningless torment. it's real and meaningful, not merely positive clich s and platitudes, because it is a spiritual battle not to give in to discouragement or become irritable to those around us when we struggle. my context is catholic but i know other people do lent too and it can be a time of reflection and letting go of what drags a person down and makes us closed in on ourselves. a time of sacrifice and courage, and preparation for something really good. so if this appeals to you, give it some thought and join in.",Anxiety Disorders,Mood Disorders,Neurodevelopmental Disorders,Phobias,Substance Use Disorders,Insomnia Spectrum,Agoraphobia,Hoarding Disorder,Social Anxiety Disorder
6284,"i'm disgusted by how antivaccine conspiracy theorists use autism as a scapegoat to justify saying vaccines are bad. ah, the antivaxxers","those enlightened geniuses who one day saw a blurry youtube video and decided they knew more than decades of scientific research. but what turns my stomach the most is how they use autism as their trump card of terror ""don't vaccinate your child, or they'll end up autistic"" as if that were worse than, i don't know... a real disease that can kill you. of course, because for them, being autistic is so terrible that they'd rather risk measles outbreaks. such impeccable logic, huh? thank you for making it clear that for you, our existence is your worst nightmare. seriously, what a compliment. they don't care about science, or public health, or respect. they care about having an excuse to feel special and rebellious while they throw us under the bus as if we were a medical error instead of people with courage and dignity. but hey, what can you expect from people who believe bill gates wants to put chips in our blood? with that level of critical thinking, it's no surprise that they don't understand autism. the sad thing is the damage they do along the way.",Neurodevelopmental Disorders,Personality Disorders,Eating Disorders,Autism Spectrum Disorders,Cluster B (Dramatic/Emotional),Substance Use Disorders,Autism Spectrum Disorder (Asd),Persistent Depressive Disorder (Dysthymia),Cyclothymic Disorder
5783,i think i might be anorexic,"hi. so i m a 15 yo female, and lately i ve been obsessed with food. i can t stop checking cals, my weight is like 247 on my mind, all i want is to lose weight. idk if i should consult my therapist about this, because i m not like super underweight",Eating Disorders,Anxiety Disorders,Mood Disorders,Restrictive/Compensatory Disorders,Cluster B (Dramatic/Emotional),Autism Spectrum Disorders,Anorexia Nervosa,Alcohol Use Disorder,Histrionic Personality Disorder
20383,i hate all my friends (an anger filled vent),"all of my friends are bitches. yeah sure they re funny and generally seem excepting but guess what? they re fucking lying i can tell. whenever they re around somebody else they just talk to them and i have to practically do a strip dance with clown makeup to get a glance. they enjoy making a mockery out of me. they re still friends with this absolute cunt who spread straight up false information about me in an attempt to ruin my life. how can you be friends with me and be friends with her? i know they re faking being my friend because they also take so long to message me back when i talk about serious shit. never telling anyone about my sensory issues ever again, fucking fake ass snakes. also also, they talk about people to me. it s never outwardly malicious, but you can tell that there s bad intentions behind it. how do i know they don t do the same to me? it s very clear that i tend to miss out on people s tone, so they re most likely just insulting me when joking . i hate them.",Personality Disorders,Schizophrenia Spectrum & Psychotic Disorders,Obsessive-Compulsive & Related Disorders,Cluster A (Odd/Eccentric),Adhd,Cluster B (Dramatic/Emotional),Paranoid Personality Disorder,Social Anxiety Disorder,Schizotypal Personality Disorder
13209,realising how binge eating and its induced mental health issues have taken away my happiness completely.,"it s so interesting every time i think about the fact that i ve been struggling with eating disorders for seven years already formerly anorexic, now? binge eating. it struck me how i ve lost interest in the things i used to enjoy. i used to genuinely like playing sports, watching movies, and stuff like that, but over the past couple of years, i don t enjoy them anymore or at least not as much as i used to because most of the time, all i can think about is food and losing weight, or how to not binge.",Eating Disorders,Schizophrenia Spectrum & Psychotic Disorders,Mood Disorders,Restrictive/Compensatory Disorders,Phobias,Ocd Spectrum,Binge-Eating Disorder,Schizophrenia,Body Dysmorphic Disorder
8921,feeling awful tw abuse,"it s christmas eve and i just want to cry. i feel like i need to say to someone how bad i feel but it s not appropriate to start crying at my kids ( ). i hate how every year i can t enjoy this time because of my seasonal depression. i think i can remember one good christmas, about 10 years ago, when i had been using my light lamp properly and going on the sun bed regularly. i remember thinking omg is this what everyone else feels at christmas? it s actually quite nice never managed to get it again. i do wonder if another factor in that one good year was that i hadn t been regularly depressed in the summer and that set me in a slightly better standing when sad hit. has anyone else found that? i almost have this moment in september each year, when i know i m already feeling a bit downstressedanxious from whatever life has thrown that year, where i think oh shit this is going to be a bad one again because i m already not ok this year i have left an abusive partner. temporarily (because of his manipulation and abuse) lost relationships with two of my three teenage children. they have come back so to speak but my son still lives with his dad because, as he explains it, he feels sorry for his father as everyone else has left him. had to try and help my youngest, autistic child through her trauma from her dad s abuse (once she managed to get away from him and see what was happening). moved hundreds of miles away so my ex doesn t know where we are to try and start a new life. realised none of my family are really there for me though out this. it was probably always going to be a bad winter this year. all i know is that around augustearly september i was really feeling i was healing and finding myself. i didn t feel perfectly fine, but i was starting to get there. i d lost about 3 stone in all of the rubbish with my ex and around that time i d put on a bit of weight again and felt a bit better, not amazing, but as though i was starting to get back on track. then october came and i start feeling bad, but i think i can handle it, by december, i throughly hate myself. the weight i ve put on is now a problem to me. i feel awful about myself in every way. it has to be the low self esteemworth from sad that i get every year. but fuck. it s really bad and i m so disheartened that i am this depressed and self loathing after all that progress. sad you are evil and i really resent you warping my mind like this. although i am grateful there s some part of me that knows it s you and that i can still remember that a few months ago i felt a bit better, which i am clinging onto for life. thanks for coming to my ted talk",Mood Disorders,Sleep Disorders,Neurodevelopmental Disorders,Depressive Disorders,Autism Spectrum Disorders,Cluster A (Odd/Eccentric),Seasonal Affective Disorder,Post-Traumatic Stress Disorder (Ptsd),Antisocial Personality Disorder
14861,some artworks i did about schizophrenia during this current psychosis episode,"i ve been painting to get through these symptoms. a lot of my artworks i ve done recently have been disorganized and not good. though i have been able to make some good ones too, so here are those lol. the first one is about feeling something behind you and on your back. this one is heavy on how it feels to have tactile hallucinations. the second one is about feeling watched. third is how i think my schizophrenia would look as a being. fourth one is about delusions of grandeur and self victimization tied to those delusions. fifth one is how i feel like i m mentally melting. anyways, i decided this would be an appropriate place to post them lol.",Schizophrenia Spectrum & Psychotic Disorders,Eating Disorders,Obsessive-Compulsive & Related Disorders,Psychotic Disorders,Cluster C (Anxious/Fearful),Phobias,Schizophrenia,Post-Traumatic Stress Disorder (Ptsd),Bulimia Nervosa
15893,cosmic jokes and sweet dreams are enough for my whole existence,"hi, i was thinking about sharing this nice conclusion of mine from one of those internal monologues. since i had stpd manifesting in my 16, lot of stuff happened, first the hardcore part of psychosis, then the painful symphony of a broken mind, and slowly the combative spirit of having a life i am satisfied with, overcoming the tribulations. and here i am now, standing in front of nothingness. all the things i once thought lost forever rebuilt piece by piece. and i have nothing to fight against anymore. nothing i feel missing, or wrong within myself, i am just done with this burning chaos of revenge against my own life. still, i have so much to live left, and here is the link with stpd it is one of the thing i won't try to compensate my whole life. but how could i live properly if i let myself be taken away from reality all the time ? what kind of life is it to only be a empty shell hosting a wandering mind ? i think this may be the only asset of schizotypal cosmic jokes and sweet dreams are enough for me. on this sub i see (and rightly) many people sharing the unmeasurable pain of this personnality, but i am happy to know that thanks to this, as i ever wanted even very early in my childhood, my bond to my mind is so strong that only a free, non material, only intellectual (spiritual, but i don't like the supernatural connotation of it, so virtual would be the term i'll use) will be enough to fullfill my existence. this idea already matters a lot to me, because if i wouldn't have realized it, i am afraid i would have spent many years to look for a purpose i don't even want to but am to coy to get rid of. tldr see title post scriptum the fact that every post here is always ridiculously long keeps me laughing all the time, even though i can't help but do it to. it is very clich somehow. but how funny.",Personality Disorders,Eating Disorders,Mood Disorders,Cluster A (Odd/Eccentric),Panic Disorders,Ocd Spectrum,Schizotypal Personality Disorder,Dependent Personality Disorder,Avoidant Personality Disorder
6743,im so sick and tired of believing everyone hates me,"i have bpd and ppd, my doctor noted that the ppd related symptoms might be part of the bpd but i meet all of the quantitative criteria and had an 8 out of 8 point score in personality testing in regards to ppd but thats not the point. i am so sick and tired of believingknowingthinking?? that everyone fucking hates me. im so tired of not being able to talk to anyone about my mental health because i distrust them, because i believe they will leave me, because i believe they will use that information to my disadvantage even though, rationally, i know that my so called ""friends"" dont give enough of a damn to hurt me in such a well thought out way. im tired of still holding grudges regarding people i dont even know by name. i believe some of the grudges i hold are absolutely valid but maybe thats just because of the extreme hatred i feel towards them due to the black and white thinking?? everything confuses me. im so drained from feeling stared at in disgust by everyone at work. i enter the room and instantly feel uncomfortable because i feel as if they 1. fucking hate me 2. want me gone 3. are all generally dishonest. i hate it when we have to do some stupid group activity and they act ""neutral"" towards me even though i know they absolutely detest me and believe i can see their microagressions towards me or look behind their facade. i am so so so tired of constantly thinking about the fact that theyre talking badly behind my back, that every second im not in the room they talk shit about me and judge me. i believe that they even have entire group chats dedicated to gossip about me. it makes me feel so small but also big at the same time. i want to hide and never be perceived again and never be in contact with another person again and just be with my cats. i barely get out of the house because everytime someone looks at me i feel judged and like they want to harm me. everyone tells me ""not to think about it"" or that ""no one cares that much about you"", ""nobody would go out of their way just to hurt you"", ""stop holding such intense grudges it only occupies your mind, you gotta let go"" but they dont understand and they have absolutely no idea about how my distrust has protected me both in the past and present. i will not let go of my grudges because those people have wronged me and i want them dead. i firmly believe those people dont deserve anything good in the world after crossing me the way they did (even tho it mightve been an objectively small thing they did). but im so so so fucking tired of living in a society and interacting with people. i feel utterly disabled by my mental illnesses because i cant just go and live a normal life, go to work, go outside and all that jazz. its tiring and im exhausted and frustrated. idk this doesnt have any sort if conclusion, i just needed to get this out of my mind and possibly get some feedback from people who can relate to what im going through. thank you for reading if you got this far",Personality Disorders,Eating Disorders,Schizophrenia Spectrum & Psychotic Disorders,Cluster A (Odd/Eccentric),Cluster C (Anxious/Fearful),Restrictive/Compensatory Disorders,Paranoid Personality Disorder,Alcohol Use Disorder,Hoarding Disorder
18973,help please,"if anyone is awake please help me feel better. i m 26f, fairly healthy but have anxiety depression and am medicated. i ve had anxiety for probably 12 years or something like that now. i m very accustomed to panic attacks and what they feel like, but right now my chest is feeling super weird and so is my heart. i ve grown super sensitive to caffeine and had maybe around 130 milligrams today. i m absolutely overthinking. but someone please tell me if i m actively dying like i think i am.",Anxiety Disorders,Obsessive-Compulsive & Related Disorders,Substance-Related & Addictive Disorders,Panic Disorders,Substance Use Disorders,Cluster A (Odd/Eccentric),Panic Disorder,Bipolar 2 Disorder,Body Dysmorphic Disorder
15041,cardiologist tomorrow morning,"so i have an echo tomorrow morning at 730 and i m terrified. i m scared of how long it s gonna take, how long i have to be out of the house, and that it s somewhere completely new. also, the last time i was out of the house so early was when my panic disorder started so i m scared i m gonna have a really bad panic attack. is it okay to take klonopin before an echo? or if anyone has any advice in general i would really appreciate it.",Anxiety Disorders,Eating Disorders,Substance-Related & Addictive Disorders,Panic Disorders,Phobias,Adhd,Panic Disorder,Generalized Anxiety Disorder (Gad),Schizophrenia
14821,social nightmare,"i can't recall of a single conversation where i didn't have to force smiles, nod repeatedly or manually do other facial expressions. it's tiring. people exasperate me. each conversation feels like a challenge imposed on me to not fall asleep on the spot. people talk to no end about trivial and useless, boring topics, mostly concerning themselves. with some, it's like they speak another language entirely and they're impossible to follow. some others act so sensitive and overly sweet that i could legit throw up or risk diabetes. there's a lot of variety, but they're all predictable and they don't have to lie to be themselves. that's the first principle everyone tries following, but i can't even do that, because the real me is against most social rules. instead, i have to keep up a fa ade (which disgusts me and irritates me) of a humble and empathetic person. even with the mask on, i can't prevent my head from twitching in anger in some cases, like when i have to ""bend the knee"" to someone to avoid confrontations that would likely result in me losing control and getting charged for physical assault.",Personality Disorders,Substance-Related & Addictive Disorders,Neurodevelopmental Disorders,Cluster B (Dramatic/Emotional),Ocd Spectrum,Substance Use Disorders,Narcissistic Personality Disorder,Agoraphobia,Bipolar 1 Disorder
13769,ruminating over a trauma from a couple of years ago,"back in 2022 i unfortunately had a miscarriage at around 8 weeks. i ended up having a d c procedure. i had lots of support from my husband, and we grieved together. since it happened now and then i would think about it but just what i would class as general 'normal' grieving. however, for the past couple of months i've not been able to stop thinking about it. i wake up and it's in my mind, i'm at work still in my mind, home making dinner still in my mind. i cant stop it, i cant make it quieter. it's driving me insane. from the ultrasound scan where i found out the heartbeat had stopped, from leaving the hospital after the d c its just replays and goes over and over and over and over. everywhere i look people are announcing their pregnancies, announcing their births and prior to the last couple of months i'd be able to think aww thats nice, but now it just sends me spiraling even worse. worse. how do i shut my brain up. how can i focus on something else. its just there all the bloody time. i'm presuming it's ocd related as i suffer with ocd in other ways, but i've never had it quite so bad about an event and it's never been over the course of months. i just want to move on and put it out my mind.",Obsessive-Compulsive & Related Disorders,Eating Disorders,Trauma & Stressor-Related Disorders,Ocd Spectrum,Generalized Anxiety Disorder,Cluster B (Dramatic/Emotional),Obsessive-Compulsive Disorder,Attention-Deficit/Hyperactivity Disorder (Adhd),Narcolepsy
12316,people tell me that my problem is my pessimistic state of mind and tell me to change my views from giving up to growth.,"in order for me to change my perspective about the world and pick up the growth perception, something really good needs to happen to me or the world that i experience. i need to win the lottery, or see the emergence of third world countries turning to first world ones, or see an immense process of people who were in the bottom of society reaching the top, like, in the sense that 60% of world population has to lead a good, happy, calm, relaxed, stress free and fulfilling lives. unfortunately, the statistics of world population's survival, health, labor and happiness, is very grim. and the fact that my past experiences that shaped my views may happen to me or my loved ones again, and may even happen to me or my loved ones every day for the rest of our lives, will forever hold me back from ""realizing my potential growth"".",Mood Disorders,Substance-Related & Addictive Disorders,Anxiety Disorders,Depressive Disorders,Bipolar Disorders,Panic Disorders,Persistent Depressive Disorder (Dysthymia),Sleep Apnea,Social Anxiety Disorder
9891,be aware of food texture triggers,"this may not be applicable to you bit im sure weall habe certain snacks meals treats that trigger easy binging. for me it crisps, specifically corn puff bacon fries crisps uk chips us its not just the flavour , its the crisp texture the puffed air filled corn that feels like your snacking on basically nothing and ability to put away 100s of calories in minutes. i just preplanned to break a diet for a day which i had arranged with myself to sustain longer term which i think is important everyonce in a while and stop binging as a crutch...... i pickes up a pack of these and again the texture ""flavour"" trigger binging if you strugglle with binge eating at least begin to.thinl about your ""trigger"" foods and what it is that triggers a binge for you and then think about replacing those ""snacks"" with something else..... you cant stop cold turkey?... take appropriate steps to minimise the potential i will replace these vhios woth carrot sticks and hummous and discipline myself",Eating Disorders,Personality Disorders,Anxiety Disorders,Restrictive/Compensatory Disorders,Psychotic Disorders,Bipolar Disorders,Binge-Eating Disorder,Generalized Anxiety Disorder (Gad),Sleep Apnea
6490,i'm very socially anxious and don't have any friends in school.,"so i have genuinely no friends in highschool, and additionally get verbally bullied for being special needs. i use to be at least somewhat sociable (although being shy and softspoken was my thing since being born), but the quarantine and bullying really made me socially anxious. i additionally have trouble communicating. i'm really bad at starting conversations, and actually engaging in them. particularly if they're in my native language which ironically, i'm pretty bad at. i overthink a lot and care a lot about what people think of me which also contributes. i'm also awful at presentations, i remember having to give a school presentation this year where i essentially just whispered and stuttered the entire time while nearly crying. i enjoy solitude, but there do come times often where i wish someone actually like cared about me or something... i think that i'm like not a bad person or anything, i'm empathetic, good at listening, and i'm not arrogant. which are all good traits i think. i'm just super shy. i've tried a bunch of things to try and clamber out of my comfort zone. doesn't really do much though. i'm apart of my school's art club. but i mostly just do the work. and don't talk to anyone because they all already have their predefined friend groups. today i tried greeting a minimum of 2 random people, the first one was a random girl, i just kinda mumbled out 'hi' and she didn't even hear. i didn't greet anyone after that. i just really don't know what else to do. sorry if this is kinda badly formatted or written or something, i'm just kind of writing trying to get everything out. thank you for reading. if you have advice please give me some )",Anxiety Disorders,Substance-Related & Addictive Disorders,Mood Disorders,Phobias,Adhd,Autism Spectrum Disorders,Social Anxiety Disorder,Histrionic Personality Disorder,Dependent Personality Disorder
9718,anxiety vs delusions?,i have had a few episodes of what i thought were anxiety but i am now wondering if it was delusions. the first one was me being convinced that the world was going to end because the sun had suddenly disappeared but because it takes 8 minutes for the light to get to earth we just didn t know it yet. the second one (and this has happened more than once) is me being convinced that i am going to no clip into the backrooms and the only way i can stay in reality if i start no clipping is to hold onto a human. (i don t engage with backrooms content anymore bc it tends to trigger this) during both of them i logically understood that it wasn t possible for those things to happen but i still was really stressed about it and i would act accordingly. i m not sure if it would be a delusion because i could tell it wasn t logical but i also still believed that it would happen enough to hold onto people when i could and ask ppl in my life what we would do if the world ended.,Schizophrenia Spectrum & Psychotic Disorders,Obsessive-Compulsive & Related Disorders,Trauma & Stressor-Related Disorders,Psychotic Disorders,Phobias,Cluster C (Anxious/Fearful),Delusional Disorder,Anorexia Nervosa,Antisocial Personality Disorder
9427,new here,"update i got the pneumatic compression sleeves i ordered from amazon same day just like it said and i love them i was worried they wouldn t fit my legs but they do i dont even need the strap extenders i love how they squeeze and release they also have vibration, heat, and micro currents with 3 intensity settings for each this is the link httpsa.cod6tbqscl and there s a $10 off coupon for it you can use rn so happy i found something that i think is really gonna work hi, i m new to this sub... i ve been suffering with restless legs off and on for about 15 years now but it s gotten extremely bad in the last year. i m 25f. i broke my right ankle when i was 20 and they put an intermittent pneumatic compression sleeve on my left leg since i was bed bound after 2 emergency surgeries on my ankle. i loved it. it was so comfortable and soothing. i haven t stopped thinking about it since. i ve been wanting to get something like that for at home but between some of the devices being extremely expensive and me being obese i didn t think i d be able to find any that fit my budget and legs. however, i found a pair on amazon today that look promising. $89, and they come with extended straps to extend to a 43 leg, which is more than i need. with prime i got free same day shipping so i really hope it comes today. i m so tired. rls keeps me awake so bad. i have regular calf compression sleeves but they re just not cutting it anymore. at least for my right leg which is randomly worse than my left. with my right leg it feels like i need to stretch but i stretch it as much as humanly possible and it just won t let up. i also get lash extensions every 3 weeks and it s brutal. it takes like 3 hours every time (it s a new girl and she works sooooo slowly) and it s nearly unbearable laying there with my legs feeling like this. i actually have a lash appointment tomorrow and really hope they come today so i can try them out and hopefully wear them to my lash appointment tomorrow",Sleep Disorders,Substance-Related & Addictive Disorders,Anxiety Disorders,Insomnia Spectrum,Ocd Spectrum,Bipolar Disorders,Restless Legs Syndrome,Schizoaffective Disorder,Generalized Anxiety Disorder (Gad)
21956,is this what engulfment is? what are your nightmares like as a schizoid?,"i just read about how it s surprisingly common for narcissists to dream about shit, like getting shit on or being absolutely humiliated in some way. i found it fascinating that their fears of feeling shame could run so deeply. so as a schizoid i was trying to remember the kinds of dreamsnightmares i ve had of being engulfed since that s the main fear with schizoid and it s always been hard for me to fully understand. or i ve even read that a schizoids biggest fear is one of being destroyed . which sounded kind of extreme to me, until i remembered this dreamnightmare from last year that i thought to write down, and it went like this in the dream, i am standing in a single line of people, and we are all waiting outside in some kind of batting cage. we have nothing except the clothes on our back. on the other side across from the line is some kind of huge, single person, covered in defensive gear and weapons, and one by one, everyone in line has to charge towards this huge person, knowing fully well they are defenseless and will be completely overpowered. every one takes their turn, one by one, as everyone in line is anxiously awaiting their own. when it gets to be my turn, i am completely terrified, but i know i have no choice but to run and charge at this thing. so i brace myself, begin to run at them, and then wake up at the very last moment, sweating in a panic. but my looming destruction feels inevitable until i finally wake up. i don t have nightmares very often, but when i do, other common things in them are someone trying to get me, me feeling trapped and unable to scream, me trying to run and while my legs feel like heavy weights that are almost impossible to move. do you think this could represent fears of engulfment? edit you guys have the most interesting dreams after i made this post i found another dream i had written about a couple years ago, when i was actually at a really good place in life for the firstonly time ever, and i feel like it totally represents the opposite version of the dream i just described, or an ideal state of mind for the schizoid. it s one of my favorites it happened sometime around when i had finally moved into my own apartment to live alone for the first time, ended my relationship, and started a new job that i genuinely loved. i had a dream that i was in some kind of huge, anonymous building with so many different rooms. but as i opened the door to each one, instead of being met with a physical room, i was met with a beautiful ocean on the beach. each room contained a completely different kind of ocean, but all of them were beautiful. one ocean was in the tropics with clear blue water and white sand, another was identical to the beach i would travel to with my family every summer, another resembled the black sand beaches in hawaii, and all of them felt like perfect choices, despite none of them looking alike, and i remember how easily it felt making my choice of which beach to lay on. there was no guilt or second guessing or doubt, just full confidence that every single beach would have brought me peace and freedom",Personality Disorders,Substance-Related & Addictive Disorders,Schizophrenia Spectrum & Psychotic Disorders,Cluster A (Odd/Eccentric),Cluster B (Dramatic/Emotional),Generalized Anxiety Disorder,Schizoid Personality Disorder,Schizoaffective Disorder,Cyclothymic Disorder
2768,diagnosed one week ago,"hello i (28, m) went to a psychiatrist after around 10 years of depression, suicidal thoughts, anxiety, and other symptoms. i was at first ok with being diagnosed with something, but in the last days i've been starting to feel sad about it being real and chronic. to think that it can only be mitigated but not eradicated leads me to have little confidence in the future. i've questions about the prescriptions (sertraline and olanzopine) and how they are gonna affect the rest of your life and your judgment on things. another big issue is whether i should tell everyone, nobody, or just family and close friends, maybe it could help my past behaviour, but i'm also afraid it would label me quite a bit and i'd feel under scrutiny. i'm not asking specific questions, it was more of a rant",Mood Disorders,Trauma & Stressor-Related Disorders,Sleep Disorders,Depressive Disorders,Substance Use Disorders,Cluster C (Anxious/Fearful),Persistent Depressive Disorder (Dysthymia),Obsessive-Compulsive Disorder,Delusional Disorder
7757,need help with brother,"i am 99% sure my brother has some bipolar disorder. the 1% is because it s not been professionally diagnosed. i ve filled out surveys and researched with him on my mind and it all tracks to my family s experience with him. once again, 99% sure he has bipolar disorder and anosognosia. he cannot see that his actions are destroying my family and our patience is truly running out to be able to stand him any longer. he finally agreed to see a family therapist with us but thinks that our eyes will all be opened because he is the most rational, logical, humble person who has never made a wrong decision in life . at this point he s going to be facing 2 months of unemployment and probably homelessness because he is unwilling to abide by our boundaries we set and we cannot handle the mania and episodes. he says he feels unsafe with us (i think it s kinda to shift blame or just get pity) but honestly he creates what i feel is an unsafehostile environment. what advice would you give on how to approach it? or questions to ask? in my unprofessional opinion, he needs meds. i feel his eyes probably won t be opened ever even if a therapist or doctor tells him he is bipolar. does it make sense to say if there isn t anything wrong chemically with you, i do not want to be part of your life if you re truly choosing to be like this. i know that s maybe insensitive but i know if he is actually bipolar he can t help it. and if he isn t i don t want to be part of his life based on how he treats the only people (his family) that he hasn t burned bridges with (he s burned our bridges but we re stuck with him because of being related at this point). sorry again we are new to this and kind of scared so i don t mean to cause any offense if any of the stuff i said does offend. it s truly not intended. any and all advice welcome",Mood Disorders,Neurodevelopmental Disorders,Schizophrenia Spectrum & Psychotic Disorders,Bipolar Disorders,Panic Disorders,Insomnia Spectrum,Bipolar 2 Disorder,Paranoid Personality Disorder,Avoidant Personality Disorder
767,advice for picking up (picking out?) the machine once the insurance goes through?,"hi all i was diagnosed with severe osa last week. my order is for auto pap, setting 420, restraxx epr 3, 30 min. ramp time, heated humidifier, patient preference for mask. i don't know what all that means. but it looks like i have some say about the mask type. any advice or questions i should ask the machine provider? fyi, i usually breathe through my mouth due to enlarged turbinates. just feeling a little lost. thanks for your help. (f62, obese, full time desk job, if that makes a difference.) edit time to get my machine and get educated i read through all the responses to this postagain. thank you all",Sleep Disorders,Mood Disorders,Personality Disorders,Insomnia Spectrum,Psychotic Disorders,Restrictive/Compensatory Disorders,Sleep Apnea,Binge-Eating Disorder,Panic Disorder
6782,impostor syndrome hitting hard,my condition has been worsening lately and with it somehow comes more fear that none of this is real and that i'm faking it all for attention. what if i was misdiagnosed? what if i'm just a super autistic narcissist? what if my increasingly frequent and severe psychosis is a complete placebo caused by my diagnosis and increased belief that there's something wrong with me? how do i know that i'm not a faker? how can i be reassured that this illness which affects every single facet of my life is real?,Personality Disorders,Obsessive-Compulsive & Related Disorders,Trauma & Stressor-Related Disorders,Cluster A (Odd/Eccentric),Substance Use Disorders,Phobias,Schizotypal Personality Disorder,Insomnia,Schizoid Personality Disorder
14493,sister with schizoaffective,"my sister is 65 , her husband passed away seven years ago, they had no children. she lives alone in a paid off condo on widows benefits. about two years ago she stopped taking her meds, i had had her three times , i will not do it again, because she stops her meds when she gets home. she has never driven a vehicle, i like 25 miles away, and i am only a year younger than her. i work 35 miles away from her, and 27 miles from my efficiency i live in. i am a life long depressive, but treated. i have offered to pay for a cell phone for her, but she refuses, she refuses a grocery delivery service, she does not cook other than frozen meals in the microwave. i bring her groceries every week or two, she doesn t let me in far enough to use the bathroom. she doesn t trust me. she is extremely difficult, and has more rage and anger than we have ever seen. my pastor tried working with her years ago, he was a doctor of psychology also. after three meetings he said he couldn t help her. her teeth are rotten and most are ground down to the gums. she is going to start getting tooth aches. i can t take off work for her, as i have my own issues. she has two rides per month thru medicare, i called her three times to bring her groceries last saturday, but she refused saying she wasn t in the right frame of mind. i can t just show up with them because she will just throw them in the dumpster. she no longer has appointments with her psychiatrist, whom she loved. i can t deal with this anymore. her husband was the only person she ever trusted. but, i think him constantly sacrificing for her led to his heart failing. he was only 60 when he had a massive heart attack at work. we miss him so much. she is self centered, every word that comes out of her mouth is about poor her. no one calls her, but me. she has no food, but refuses to walk to the grocery store, and her neighbors are fed up and have contacted an attorney to evict her. she belongs in a home with other people, and will be made to take meds. she is in pinellas county fl. if anyone knows anything, please help. i have dealt with pehms, and a couple online groups. no one can point me to the correct person, group, etc to get her help. i m sorry this is so long thank you",Schizophrenia Spectrum & Psychotic Disorders,Sleep Disorders,Eating Disorders,Psychotic Disorders,Restrictive/Compensatory Disorders,Phobias,Schizoaffective Disorder,Narcissistic Personality Disorder,Bipolar 1 Disorder
14474,silent panic attacks,"are there such things as silent panic attacks? you just feel paralyzed cannot do anything, can t talk to anyone, avoid everything that walks. feeling nothing but everything at the same time is overwhelming. i overthink and was not taken to the doctor growing up, mental disorders were not taken seriously tough it out . which makes me second guess myself, that i m faking panic attacks. i am still struggling to find a doctor, i m afraid of rejection or them accusing me of making things up in my head.",Anxiety Disorders,Neurodevelopmental Disorders,Trauma & Stressor-Related Disorders,Panic Disorders,Phobias,Generalized Anxiety Disorder,Panic Disorder,Obsessive-Compulsive Personality Disorder,Narcissistic Personality Disorder
6807,in few hours my brother will move abroad and i'm terrified of loneliness,"it's just a very bad period of my life, probably the worst one. depression is back in full power, and overall feeling very unwell, physically and mentally. i don't have good friends and my family is my only support. my parents are getting older and now my brother is moving abroad again. i always had the phobia of them dying or abandoning me. once, a person told me that while they were depressed, their world got little and little. i feel this way. i wake up every day already tired, i don't want to face the world outside. every day is the same shit. now my terror of remaining alone and in pain is intensifying. i wish my brother the best, he has to go to find a better life, but i will miss having him nearby, being able to count on him in case of crisis. staying with him an afternoon or over dinner was comforting and the thought of this was always uplifting me, allowing me to keep going. i will move to live on my own soon, as i did in the past. and i'm terrified that i will fail, that i won't be able to face loneliness and stay all the time with myself and my thoughts only. i often tend to isolate from everyone and everything. i don't go out much, events and parties are a no no lately. anxiety, fatigue and derealization make socializing extremely difficult. but at the same time i feel so lonely. and i'm terrified of loneliness and the fact that taking care of myself would become too much. i'm playing scenarios in my head, of when i used to have dinner alone while crying, or too tired to buy groceries, to face problems with the house and neighbours. hopefully i will be able to start living again, to have a job and take care of myself. and stop hating and destroying myself. i really hope so.",Mood Disorders,Sleep Disorders,Schizophrenia Spectrum & Psychotic Disorders,Depressive Disorders,Cluster A (Odd/Eccentric),Ptsd Spectrum,Persistent Depressive Disorder (Dysthymia),Avoidant Personality Disorder,Generalized Anxiety Disorder (Gad)
15917,could my ed be making food taste and smell spoiled?,"i've had bulimia for about 34 years now, which is why i'm unsure if this new thing is related. milk and dairy products have always smelled spoiled to me, even if they're perfectly fine. however, the past couple weeks, i've had to turn away spaghetti, burritos, and other foods because i just can't shake the feeling that they smell and taste spoiled. i don't know if it has anything to do with purging and the smell of the vomit or what, but i'm so confused right now. i've checked all expiration dates, and there's no reason the food would be rotten. the part of my brain that wants me to restrict is happy, but the part of me that loves chipotle and knows i need to eat is so pissed right now.",Eating Disorders,Mood Disorders,Personality Disorders,Restrictive/Compensatory Disorders,Phobias,Depressive Disorders,Bulimia Nervosa,Attention-Deficit/Hyperactivity Disorder (Adhd),Schizophrenia
2264,"artist with sd. trouble in crowds, no exhibitions.","hi, i am 40yrs and have schizoaffective disorder. i am an artist who makes paintings and illustrations, not for a living, as of yet, but wish to. i have severe nervous onsets when in crowds which makes having exhibitions troubling. im just so nervous as i ""feel "" everyone around me(at least thats what my body and mind tells me). this has made me withdraw from exhibiting my works and its taking a toll on my confidence and sense of self worth. anyone else who makes paintings and having trouble with exhibitions because of this disorder? how do you manage to sell and have social contact with potential buyers? (i also feel like a fraud when pricing my work as part of me believes they are priceless, while the other half of me say im worthless and dont deserve getting payed for what i do.) my mind is feeling its about to split open when writing this( i guess i just need som encouraging words and hear someone else and how they deal with this?",Schizophrenia Spectrum & Psychotic Disorders,Anxiety Disorders,Obsessive-Compulsive & Related Disorders,Psychotic Disorders,Autism Spectrum Disorders,Ptsd Spectrum,Schizoaffective Disorder,Narcissistic Personality Disorder,Cyclothymic Disorder
5313,how to plan without getting compulsive,"i basically bounce between over exerting myself and doing absolutely nothing because i don't know how to aim for the middle. i want to make somewhat of a week plan so i have a guideline for what to do (and what to leave for later), but i know myself and there's a big chance it will cause me to do those plans in a compulsive way that isn't healthy for me. or that i will feel major guilt if for whatever reason i'm not able to do what i had set out to do that day. ideally i'd want the planning to help motivate me to do things without it causing me to go into \that\ mode (i think you guys know what i mean lol) do you guys have any advice for how to create structure in my week without it becoming another bat to hit myself on the head with? or is that something i can only really work on separately because that's just the effect planning has on us?",Personality Disorders,Eating Disorders,Anxiety Disorders,Cluster C (Anxious/Fearful),Bipolar Disorders,Adhd,Obsessive-Compulsive Personality Disorder,Persistent Depressive Disorder (Dysthymia),Avoidant Personality Disorder
16836,extrem painful intimacy,"i just met a guy a few month ago and we are getting close very fast. it seems all fine but after every time we see each other, i feel almost hangover and like a bandage is ripped off my heart. the feeling make me doubt if i can actually be with him. even though i think this might be the first healthy start of a relationship, we talk very open and i am sure he would be good for me. does anyone experiences this?",Mood Disorders,Neurodevelopmental Disorders,Sleep Disorders,Bipolar Disorders,Restrictive/Compensatory Disorders,Generalized Anxiety Disorder,Bipolar 1 Disorder,Hoarding Disorder,Histrionic Personality Disorder
12614,possible narcolepsy or hypersomnia? need advice insurance help (netherlands aon student insurance),"hi i'm an international student in the netherlands using aon student insurance. i ve had persistent daytime sleepiness since i was a teenager. even with full sleep, i often feel extremely tired during the day. i fall asleep easily in loud environments (classrooms, public transport), and i can sleep without having to adjust for jet lag while crossing continents. other symptoms occasional sleep paralysis episodes of loud exploding noises in my head when falling asleep (mainly during naps) history of falling asleep quickly and sleeping deeply (hard to wake) diagnosed with adhd, taking methylphenidate bupropion, but still very sleepy no clear cataplexy, but i used to feel weak when laughing hard. does this sound like narcolepsy type 2 or idiopathic hypersomnia? should i see a sleep specialist? also, does aon insurance cover sleep studies (psgmslt) and meds for these conditions? thanks a lot for any help",Sleep Disorders,Mood Disorders,Anxiety Disorders,Insomnia Spectrum,Bipolar Disorders,Ocd Spectrum,Narcolepsy,Cyclothymic Disorder,Bipolar 2 Disorder
4216,how do i help my estranged aunt?,long story short my aunt has hoarded stuff for a long time. she also has some mental health concerns that she needs help with. her father passed away after sudden decline in health and after that her hoarding got worse. also the family broke apart and my aunt thinks my mother is the great evil now. my aunt refuses to see any issues with her mental health and thinks my mom is trying to turn every one against her. now my mom and grandma are super worried about my aunt's hoarding but can't connect with her. the hoard has taken over most of the house and has spread to the garden. her children refuse to see anything wrong with her mental state or living conditions (propably bc they have grown around it). my aunt has opened up to me and listens to me. how should i voice my concerns and help her with out her turning against me too? pls help.,Obsessive-Compulsive & Related Disorders,Mood Disorders,Eating Disorders,Ocd Spectrum,Psychotic Disorders,Bipolar Disorders,Hoarding Disorder,Body Dysmorphic Disorder,Adjustment Disorder
1369,anxiety and anorexia advice needed,"do any of you guys have a really strong anxiety related to anorexia ? i ve (f26) been diagnosed with anorexia ten years ago and bipolar (type ii if any of you is in my team lmao) and recently i had a loooot of anxiety attacks out of nowhere and unexpected tears breakdowns. ama ? if not, how do you handle this please ? thank you for reading",Eating Disorders,Schizophrenia Spectrum & Psychotic Disorders,Mood Disorders,Restrictive/Compensatory Disorders,Bipolar Disorders,Phobias,Anorexia Nervosa,Obsessive-Compulsive Disorder,Hoarding Disorder
12799,propranolol side effects,"hi guys asking here even tho my anxiety is from bipolar w psychotic features not anxiety on its own. but we re trying to treat some leftover symptoms my mood stabilizer doesn t help. i used to be on ssris for ocd but i had to go off those cuz of the bipolar we re trying propranolol first. my psych doesn t know if it ll help too much but she says it will help the physical anxiety symptoms and maybe that will help my mental as well. i picked them up yesterday but i m really scared to take my first dose. i have a pretty low resting heart rate (30s50s at night, 6070 during the day) and good bp that drops really easily if i stand up too fast, stay in the heat for too long, don t eat enough salt or drink enough water etc. the pharmacist said i ll be fine but that i should take it easy for the first week or so and that has me nervous. has anybody else taken propranolol and did you notice the heart effects messing with you?",Anxiety Disorders,Substance-Related & Addictive Disorders,Obsessive-Compulsive & Related Disorders,Generalized Anxiety Disorder,Adhd,Phobias,Generalized Anxiety Disorder (Gad),Persistent Depressive Disorder (Dysthymia),Major Depressive Disorder
18914,help interpreting data after breathing scare,"hello, i am new to this (sleep apnea, cpap and this subreddit) so i hope i am doing this correctly. tldr felt like i was forgetting to breath the other night, woke up gasping and feeling like my breath was held. only wore my cpap for 1 hour and it felt scarier than anything i felt from osa before getting a cpap. backstory and data below. i got my cpap machine about a week ago. i started with a nasal pillow mask and the first night i wore it all night with minimal issues. i woke up to my nose feeling a bit irritated, similar to when you wipe it too much while sick. the next night i could only wear my mask for 3 hours and then ripped it off because the irritation on my nose was way too much. very painful and uncomfortable. also i had a chinstrap to help keep my mouth closed, couldn't stand that either. i went to switch out my mask and got the resmed f20 full face mask in hopes that it would be much more comfortable in all aspects. the first night with the full face mask was awkward, my nose felt like it was stuffed while wearing it so i was exclusively breathing through my mouth, and i felt suffocated. i looked through this thread for some answers and found that most people found the 515 pressure range too low, and recommended adjusting the low number to around 7 instead of 5. so i adjusted my range from 715 and changed the ramp to also start at 7. i slept so much better, wore the mask all night and had a great score (besides it saying there was a leak rate of 57ml.) now that the backstory is out of the way that brings us to last night. i wore the mask for only 1 hour because i kept waking up feeling like i had forgotten to breath. its hard to explain but it almost felt like i was holding my breath in my sleep and i would wake up with the feeling of holding my breath for too long and have to gasp for air. i ripped the mask off and slept the rest of the night without it. my ahi was 16h on my sleep study with most of the events being hypopneas, and last night with cpap felt worse and scarier than any night i had without it to begin with. i was hoping someone can look at my data and tell me where im going wrong. (715 pressure) last night [httpssleephq.compublic7913376ac6da4905bfd715694d213e54](httpssleephq.compublic7913376ac6da4905bfd715694d213e54) (715 pressure) night before [httpssleephq.compublicdade17b1b81b470d8e5ed0112df4ecb2](httpssleephq.compublicdade17b1b81b470d8e5ed0112df4ecb2) (515 pressure) two nights ago [httpssleephq.compublicf954b316f9134676bac9d0f0a0abf5bc](httpssleephq.compublicf954b316f9134676bac9d0f0a0abf5bc) for reference (first night with nasal pillows) [httpssleephq.compublicf954b316f9134676bac9d0f0a0abf5bc](httpssleephq.compublicf954b316f9134676bac9d0f0a0abf5bc) i also have the oscar data but not sure the best way to put it here. let me know and i can share that as well.",Sleep Disorders,Mood Disorders,Substance-Related & Addictive Disorders,Insomnia Spectrum,Ocd Spectrum,Autism Spectrum Disorders,Sleep Apnea,Obsessive-Compulsive Personality Disorder,Autism Spectrum Disorder (Asd)
23157,emptiness,"anyone else just feel empty, like the kind of emptiness that makes them completely unphazed to everything. i feel so fucking empty all the time. even when i hit more goals it feels like i m just getting even more empty. i guess the honeymoon phase is over, like i just stare at my ceiling or my wall. i ll have the tv playing something random and that is how i spend my days. staring into space, i don t even feel sad anymore or depressed it s just empty.",Eating Disorders,Schizophrenia Spectrum & Psychotic Disorders,Anxiety Disorders,Restrictive/Compensatory Disorders,Substance Use Disorders,Cluster A (Odd/Eccentric),Anorexia Nervosa,Cyclothymic Disorder,Bipolar 1 Disorder
14347,should i confront her the fact that she is hpd?,"hello if i tell the girl that she has hpd in an understanding and accepting way, far from being accusing, will this make her angry? or upset? i dont know if she already know that she is hpd. maybe my confrantation will help a little? and i dont really care she is hpd. i am just trying to be very sincere in my relationships with other people and i dont want to pretend like i dont know the fact that she is hpd.",Personality Disorders,Mood Disorders,Anxiety Disorders,Cluster B (Dramatic/Emotional),Cluster A (Odd/Eccentric),Phobias,Histrionic Personality Disorder,Avoidant Personality Disorder,Insomnia
11872,options to treat ocd that don't worsen rls?,"i'm in a psych ward right now, and they're going to keep me here for a very long time if i don't try medication. so tonight i finally said yes, and i took it. sertraline has worsened my rls tonight and i get electric shocks from rls, so it's torture. i can't take sertraline again, but they desperately want me to be on medication and want to keep me until they find a medication that works. (i do not want to be here at all). this is killing me. please help if you know of any.",Sleep Disorders,Personality Disorders,Neurodevelopmental Disorders,Insomnia Spectrum,Ptsd Spectrum,Phobias,Restless Legs Syndrome,Schizotypal Personality Disorder,Bipolar 1 Disorder
11937,overlap with other pds? what is ppd's core content?,"i'm exploring a possible ppd diagnosis with my therapist and i'm trying to sort out whether bpd and ppd share similarities outside of paranoia. for example my paranoia dates back to childhood (more of a ppd thing?) but i definitely relate to bpd more for its selfharm, dissociation, fear of abandonmentrejection, emptiness, anger and mood swings... is it common to experience any of those issues with ppd or is it totally different? also i'm wondering, what is the ""core content"" (main fear or belief) of ppd for you? like bpd's is fear of abandonment.",Personality Disorders,Eating Disorders,Mood Disorders,Cluster A (Odd/Eccentric),Phobias,Ptsd Spectrum,Paranoid Personality Disorder,Cannabis Use Disorder,Social Anxiety Disorder
18681,having to avoid and perhaps lose friends because i can't drink alcohol.,"i don't mind or ever demand someone else who isn't an alcoholic and can handle a drink having one. but f almighty, those who tell me i can or should join them for a drink when they no i can't ... i can't. cannot. ever again. and have explained it to some of these people and yet they don't get it. is just having less or no friends better? i guess it is. and i have a couple of aa friends who are ok and very nice people. i guess what i'm asking here is for advice on just leaving the life behind and making peace with the past.",Substance-Related & Addictive Disorders,Mood Disorders,Schizophrenia Spectrum & Psychotic Disorders,Substance Use Disorders,Restrictive/Compensatory Disorders,Cluster B (Dramatic/Emotional),Alcohol Use Disorder,Insomnia,Paranoid Personality Disorder
9244,my dependent personality disorder in college,"i'm in college, which is really hard for me. i have social anxiety disorder, but also depend on other people a lot, but also am autistic and get very overwhelmed around people. going to classes is very emotionally taxing, expecially science classes where there isn't a structure. keeping up with classwork is very hard for me. i don't know if it's just because i'm a freshman (1st year), but i have a really hard time keeping up. my math tutor (who i heavily relied on) last semester was an older woman who made me feel really safe (i love older women who are a similar age as my mom). this semester, i won't have her as a tutor. it makes me really sad. i know that i probably didn't mean much to her, but she was really special to me. for my chemistry lab, i was supposed to buy lab equipment. i knew what i was supposed to do, but i felt really confused about it, and i just wanted someone else to tell me what to do. there were two places i could have bought it front, and the decision was really hard to make. so, i didn't buy it. then, in the first week of class, i didn't do the online orientation for my chemistry lab. i got dropped from my class, and i emailed my instructor asking to be back in the class. he said that because i didn't do the online orientation or buy the equipment, i couldn't be in the class. now, i'm going to be under twelve credits, which is going to mess with my financial aid. also, this is probably going to push off my chemistry classes (i'm premed) for a year. i just need someone to tell me exactly what to do. i always worked really hard in school to overcompensate for not having a family. now, i feel like i'm just a sucky student that's graduating late. i feel like i can't do everything alone anymore. i need a caretaker. i need someone to tell me what to do.",Personality Disorders,Obsessive-Compulsive & Related Disorders,Anxiety Disorders,Cluster C (Anxious/Fearful),Restrictive/Compensatory Disorders,Autism Spectrum Disorders,Dependent Personality Disorder,Bulimia Nervosa,Agoraphobia
17570,first time on here,"i first experienced rls type stuff while pregnant with twins. i used to just get up and do some squats and stretches. a decade later i take 3 kinds of magnesium, rub magnesum lotion on my legs and still get the feeling. sometimes i just refuse to let them move and then a feel this pain run down the legs (or arms) that are have he rls sensation. my ferritin has been pretty low for years, and now i'm in my 40s and my periods come every 2326 days (used to be 35 average). ferritin was around 20 last two times. i also ahve been on low dose (34 of a 50 mg pill) of trazodone a night to fix my long lyme insomnia. would iron infusions solve this? thanks",Sleep Disorders,Eating Disorders,Schizophrenia Spectrum & Psychotic Disorders,Insomnia Spectrum,Psychotic Disorders,Adhd,Restless Legs Syndrome,Major Depressive Disorder,Adjustment Disorder
15116,channeling positivity,"what do you all do to channel any shred of positivity throughout the day? going through the day without channeling your positive is debilitating, and exhausting. i express my positive moments with food. not for me to eat, but for others. i replaced a meth addiction with a culinary addiction. i'm not good at all at connecting with others (my misanthropy gets in the way) but giving somebody a home cooked meal, speaks more than any words can.",Schizophrenia Spectrum & Psychotic Disorders,Obsessive-Compulsive & Related Disorders,Personality Disorders,Psychotic Disorders,Phobias,Depressive Disorders,Schizophrenia,Attention-Deficit/Hyperactivity Disorder (Adhd),Insomnia
23020,lost trust in the healthcare system,"it's been exactly a year since i'm in north america. i still don't have a family doctor or a psychiatrist (because apparently this is just how it works in canada..? minimum wait time is a year). i was hospitalized once, and went to the hospital to ask for help one other time. normaly when you get hospitalized they match you up with a psychiatrist for followup. they didn't do it for me, and i didn't even know this is how it should work. 2 months ago i called the hospital to get that followup, and nothing happened. today i called again, they said the wait time is 34 months. in the meantime, i really need to check my medications because they're not working for me anymore. 34 months for a person like me is a really long time. and of course they count the 34 months from the time i called, not when i was actually hospitalized. the problem is that i've lost my trust in the medical care system here.. last time i was at the hospital the emergency psychiatrist told me ""you're here to study, if you're feeling so bad that you can't study maybe you should just go back to your country"" i don't even know what can help me anymore. the other night i drank cough syrup for my flu, and i almost died because of interactions with my bipolar meds that the pharmacist said would be ""minor"", and when i called 911 they took an hour to send an ambulance and in the end i was so angry that i called back and cancelled the ambulance and they were happy. i'm still alive so i guess the interaction did end up being ""minor"" if that's how you define it... i'm just so tired of begging the doctors to help me like i'm a worthless, poor human on the streets that needs their attention to just be worthy of living.. and my friends and family, no matter how kind they are, are not equipped enough to actually help me.. before coming to canada hospitals were actually my safe space but now it's all ruined..",Mood Disorders,Personality Disorders,Sleep Disorders,Bipolar Disorders,Substance Use Disorders,Autism Spectrum Disorders,Bipolar 1 Disorder,Schizoaffective Disorder,Cannabis Use Disorder
10711,breakup and loneliness ex was only person i felt close to,"my boyfriend of six years broke up with me today. it was my first relationship and my first breakup. it was only a couple of hours ago. maybe i shouldn't be posting on here, i probably should be processing things differently, but i don't know what to do with myself. it still feels surreal, like we might talk later tonight and go back to how things were only a couple of hours ago. and somehow that's the worst part about all of this to know that the next couple of months are going to be so much harder than it already feels. because right now, it hasn't even fully sunk in yet and it already feels pretty shit. one of the things that scare me the most is the fact that i'm going to lose him, who is kind of my only confidant. i have dealt with social anxiety since my teenage years and without him, i'm going to be so lonely. my friends are mostly his, and while they're all great people and i can imagine that they won't choose sides, but try to stay in touch with me, because i'm so socially anxious, i don't have anybody that i'm truly close with. he was that person for me. i don't want to lead a life in which he is not the first person i'm going to message when something exciting or upsetting happens, or in which i can't hug him at night, i don't want to have to go to bed and wake upwithout him. i don't want him to become a stranger. i'm going to be so alone, it's such a big city and i don't have anything that keeps me here. i'll have to give up our apartment, because i can't afford it on my own and i'll probably have to let go of our cat too, because our cat loves my boyfriend more than me and i don't want the cat to suffer. already i alternate between being so sad and so mad and so numb. it's only been ca. 4 hours. what do i do with myself? how do i survive the next weeks? i feel so lonely already.",Anxiety Disorders,Eating Disorders,Obsessive-Compulsive & Related Disorders,Phobias,Cluster B (Dramatic/Emotional),Bipolar Disorders,Social Anxiety Disorder,Cyclothymic Disorder,Antisocial Personality Disorder
10554,can someone explain the pipeline between going to catholic school and becoming anorexic?,"specifically people that went to all girls catholic schools? i was talking to a girl from my work about how majority of the girls in my year had an eating disorder and she looked at me in shock and basically said that was unheard of at her school. i ve heard a few people touch on the presence of eating disorders in catholic schools in media and stuff but it kind of got me thinking, why is it so prominent in catholic schools specifically? is it a catholic guilt thing? i d love for someone to explain",Eating Disorders,Schizophrenia Spectrum & Psychotic Disorders,Mood Disorders,Restrictive/Compensatory Disorders,Phobias,Cluster A (Odd/Eccentric),Anorexia Nervosa,Avoidant Personality Disorder,Panic Disorder
20142,i feel so flawed that i couldn't explain more.,"how could i love myself and stop condemning my body when i do not see a single inch of me to be normal acceptable? i feel like my bdd has worsened over time. recently i no long look in the mirror when i take off my clothes, never went shopping for clothes and bodywear because i feel i will look ugly in everything. i feel that i cannot carry any clothes, any cutting. i change my clothes in the dark. i choose to not try on clothes when i buy them since it will trigger me ( i had rather not know what i look like and let other people to be the eyes for me after i purchased the clothes). i feel disgusted and triggered walking by lingerie stores. i used to love short skirts and pants and sleeveless tops, but it is another way round now. right now, my clothes are mostly long sleeved, full length, loose fitting, mock neck. i perceive myself to have very unattractive calves, dark knees with scars and bruises from work. i don't even bother to buy something that will form an ""hourglass"" bodyshape since i have thick waist, small chest, overly bulky arms and saggy thighs. i don't even look people in the eyes to keep myself from comparing with other people. i feel like however i eat healthier is useless. i still weigh the same if not heavier, new acnes occur and my physique has never absorbed any goodness from the food but fats and toxins. the only things that i am grateful for right now is that i have a stable family, do not have a disease.",Obsessive-Compulsive & Related Disorders,Schizophrenia Spectrum & Psychotic Disorders,Neurodevelopmental Disorders,Ocd Spectrum,Psychotic Disorders,Adhd,Body Dysmorphic Disorder,Generalized Anxiety Disorder (Gad),Hoarding Disorder
20134,"i feel so alienated from the species of humans, it's beyond weird","first of all, if you opened the post and took time to read it, i really appreciate that, thank you. i feel very alienated from humans, world, life. i feel like a total stranger in every sense. i don't want to sound rude or like an egoist at all but i just don't know how to explain it differently.. i feel like i am surrounded with animals. like i live with other nonhuman apes. the more i live, the clearer it is to me that we are nothing but animals. this long lasting illusion of us humans ""being different"" is radically falling apart for me(and has fallen apart already). but when i say that, i don't just mean something like violence, greed, jealousy, etc. exist so, ergo humans bad. no, no. complete human life and society is nothing more than a animalistic tribe and this is profoundly scary and alienating for me. i've wrote before about my disgust towards everything i do basically, including food, hobbies, my body, pleasures, emotions... here are few real life examples i just think about everyday 1. sex i walk down the street or go to workbuy groceries and i see a lot of couples and children. i cannot comprehend that people (same species as me) have sex and do that. i cannot comprehend breeding. i cannot comprehend how is this so normal to everybody.. like, people will just talk about parenthood, partners, while at the same time claiming they are different than animals. how do they incorporate being human and nonchalantly having sexbreeding?? and everyone just act normally, like i cannot imagine how did those ordinary ladies at the street had sex or those workers at the store, or how parents talk to their grown up children knowing that they have sex (and have children too). this is all wild to me. i cannot understand that. other humans are so weird, they somehow manage to make those animalistic behaviours seem competely normal (which they are for biological beings) but at the same time they act like they are separate than animals.. i am really sorry if this is all messy, i am struggling to put it in the words. i just can't understand how are people satisfied with those lives. get a partner, spend time together, have sex, probably children, teach offspring that same tribalism you learned to ""prepare them for living"" and the cycle goes on.. 2. actually having will for anything how do people immerse themselves into this life so much? how do they care so much about their job for example? i just walk down the street and everyone are on their phones, talking about some corporative projects, interpersonal relations, meaningless things..i just can't understand no matter how hard i try. how do people have will to build companies, go to meetings with friendsother people? everyone seems like a bee to me, just buzzing endlessly doing what they are supposed to do without any selfconsciousness at all. i feel extremely alianated. and the weirdest part is, i don't understand the concept of ""getting treatment"" for this. i don't understand why is this a medical condition. my psychiatrist always assumes how i want to actually become like everybody else, become ""normal"", but i don't. i just don't. getting better is actually becoming more of that animal i never wanted to be. but others somehow enjoy this animalistic nature, they are satisfied and crave it. they crave relationship, sex, pleasure...and they are okay with that. how don't they disgust themselves?? (this is a genuine question, not offensive at all, i really want to know how do they manage to avoid being disgusted) i run away from people, i run away from relationships, friendships, collegues... i just don't wanna be human but i have to be.",Personality Disorders,Obsessive-Compulsive & Related Disorders,Substance-Related & Addictive Disorders,Cluster A (Odd/Eccentric),Bipolar Disorders,Substance Use Disorders,Schizoid Personality Disorder,Bipolar 2 Disorder,Obsessive-Compulsive Disorder
10091,best soothingrecovery activities for after exposure?,"obviously the best way to recover from agoraphobia is exposure, so the goal is to push yourself bit by bit to go out, but after coming home from today's recent outing for exposure, i just crashed and was hit with a wave of moreintensethanusual nausea, fatigue, slight dizziness, shakes, the works. i did my best to cope by drinking water, eating a small meal, watching some light youtube videos, and doing a hobby i enjoy, but it made me curious what people's goto tips or activities after going outside or exposure therapy are to help regulate yourself and even back out. i'd love to hear what works for others and add a few to my toolbox, and maybe serve as a good guide for others who may need the advice, too",Anxiety Disorders,Trauma & Stressor-Related Disorders,Obsessive-Compulsive & Related Disorders,Phobias,Cluster B (Dramatic/Emotional),Substance Use Disorders,Agoraphobia,Generalized Anxiety Disorder (Gad),Obsessive-Compulsive Personality Disorder
8114,no sleep,"i m on 3 days of almost, no sleep, does this happen to anyone else and when it does what do you do? i m on ropinirole 1mg and have tried valium and ativan, melatonin and magnesium for muscle spasms and a few other meds prescribed by a dr to try and cause sleepiness. by the way, i ve gotten to up to almost 20 days with barely any sleep because of this before so i m desperate for answers.",Sleep Disorders,Obsessive-Compulsive & Related Disorders,Personality Disorders,Insomnia Spectrum,Phobias,Ptsd Spectrum,Restless Legs Syndrome,Cyclothymic Disorder,Schizoaffective Disorder
18818,"hello, id like some encouragement and advice on negative synchronicities and coincidences.","and i know these just reinforce fake delusions and paranoia. but theyre so frequent and everyday that it does take its toll. i have fear every day at some point. if you deal with something similar, please tell me how you personally cope. or if you dont, any encouragement is appreciated, you can even vent too about your own life if youd like thank you, lord jesus bless yall. john 316 for god so loved the world that he gave his only begotten son, that whoever believes in him should not perish but have everlasting life.",Schizophrenia Spectrum & Psychotic Disorders,Neurodevelopmental Disorders,Trauma & Stressor-Related Disorders,Psychotic Disorders,Cluster B (Dramatic/Emotional),Generalized Anxiety Disorder,Schizoaffective Disorder,Bulimia Nervosa,Binge-Eating Disorder
17508,"first dose of xywav right now, i m a bit worried if i m being honest. do i just drink it? like chug in one gulp? is there a possibility i could put myself in a coma somehow?","i m afraid of putting myself in respiratory depression or coma or something honestly i m freaking out. this is going to be my first night drinking it, it s 3g once with 14 cup water. anything you guys want to say to a starter? i m not going to accidentally put myself in respiratory distress am i? i hate the idea of not being in control of myself the first hour or two.",Sleep Disorders,Mood Disorders,Anxiety Disorders,Insomnia Spectrum,Substance Use Disorders,Bipolar Disorders,Narcolepsy,Dependent Personality Disorder,Schizoaffective Disorder
22311,"just found this thread, here s my story","i ve been agoraphobic for 6 years and 3 months. my symptoms started in the late summerfall of 2018. i was in an abusive relationship for 4 years with a girl(she was physically abusive towards me), so i think this is how it started. my last day of work was nov. 30th 2018, since then i ve been home unemployed. i m 31, this started when i was 24. i still live with my ma and younger brother. i had other weird fears develop since i ve been home, fear of not being able to swallow food, fear of freaking out when i m home alone, shit like that. i do get around but only locally, and mostly with my ma as a passenger. my radius right now is only about 56 miles max. i m doing better with being home alone which is awesome but i used to trip the fuck out when my family would leave for vacations. i don t know why this happened to me but i just attributed it to my crazy exgirlfriend, i also lost my dad in the september 11th attacks, but i was fine for 17 years after that tragedy. i m relieved to see i m not the only person who is dealing with this. without tapping into each of these threads, does anybody have any tips on what they did to be able to drive again? i m trying to make it a goal to get my life back this year, i have my bachelors degree, i m going for my masters (online), i have cash in my pocket, i just want to meet a girl and get the fuck on with my life. i ve tried every medication under the sun, i see a shrink and i do keep trying the exposure therapy but it s fuckin awful. any helpadvice would be appreciate , i m pretty desperate. looking forward to meeting new people through this apparently common disorder. anthony",Anxiety Disorders,Neurodevelopmental Disorders,Trauma & Stressor-Related Disorders,Phobias,Autism Spectrum Disorders,Cluster B (Dramatic/Emotional),Agoraphobia,Persistent Depressive Disorder (Dysthymia),Avoidant Personality Disorder
20406,i hate eating but can t stop myself,"i haven t been diagnosed with binge eating disorder. i m too scared to even talk about it with my therapist. i m embarrassed by the way i eat. anytime i m alone, i ll just eat and eat and eat until i feel sick. i don t even like the food anymore. food doesn t satisfy me in any way and even looking at it makes me feel sick. still, anytime i m alone i just can t stop myself. and i know that i should just not keep food in my dorm. if i didn t have anything in my dorm, i wouldn t be able to binge, but if there s nothing in my dorm, i just go buy more to keep. i hate myself for it so much and i even tried using an app to count calories thinking i could watch myself and maybe it would stop me but it didn t help. i have no self control and i don t know what to do. im so lost but i am too scared to actually talk with my therapist about it. im not sure what im hoping to accomplish by this post. maybe just see if other people can relate or if anyone has any advice on what to do, that would be great.",Eating Disorders,Schizophrenia Spectrum & Psychotic Disorders,Personality Disorders,Restrictive/Compensatory Disorders,Adhd,Panic Disorders,Binge-Eating Disorder,Cyclothymic Disorder,Obsessive-Compulsive Personality Disorder
22196,job oppurtunities,"hey guys as a recovering agoraphobic myself, i kept looking for remote jobs this year. i ve been looking for like 67 months now. i finally got one and there s one more vacany so i d like to help one of us as a part time job. i know how hard it is cuz i had to actually quit my job cuz of this damn panic disorder. so yeah if anyone is interested you re welcome to dm me. (us only)",Anxiety Disorders,Trauma & Stressor-Related Disorders,Personality Disorders,Phobias,Cluster C (Anxious/Fearful),Autism Spectrum Disorders,Agoraphobia,Generalized Anxiety Disorder (Gad),Sleep Apnea
16707,ew,"i dont even know what to say. i just feel sad and disgusting. i want to throw up my food and relapse so bad. i dont even purge. i cant even talk to anyone cause my family basically just lecture me and dont try to sympathise at all, and it makes it worse my mum literally started dieting like after i got diagnosed with anorexia so thats well triggering. i cant even tell my friends cause theyre so vunerable and i dont wanna give them an eating disorder. i just wanna cry. i just like hate myself i literally dont deserve to eat like ever.",Eating Disorders,Personality Disorders,Obsessive-Compulsive & Related Disorders,Restrictive/Compensatory Disorders,Insomnia Spectrum,Ptsd Spectrum,Anorexia Nervosa,Bulimia Nervosa,Narcolepsy
14239,sexual arousal and violent fantasies,"i have aspd, bipolar iii, and anger issues and i'm trying to figure out why i'm sexually aroused by torture, rape, gore, and death. to put it bluntly, watching someone powerless in the face of excruciating pain as their life slowly slips away, images of actual mutilated corpses, and videos of violent deaths turn me on. my sexual fantasies frequently involve torture and strangulation in other words, they're all about murder. i know it's not normal, but these sexual urges are so intense that i honestly don't give a fuck, i can't stop myself. to me, it's just like watching porn. the only issue is that it's taking me much longer than usual to find what i'm looking for lately, and even when i do, it's not always enough. i began masturbating at a young age to deal with stress, and i acted sexually inappropriately a few times when i was 10. when i was around 13 or 14, i accidentally injured a girl with a stick, nearly ripping her finger off, and felt aroused by it. as i grew older, i progressed from regular porn to bdsm, and finally to violence and death. but now i'm wondering why i'm so fucked up. can anyone relate?",Personality Disorders,Schizophrenia Spectrum & Psychotic Disorders,Substance-Related & Addictive Disorders,Cluster B (Dramatic/Emotional),Insomnia Spectrum,Bipolar Disorders,Antisocial Personality Disorder,Post-Traumatic Stress Disorder (Ptsd),Schizotypal Personality Disorder
9946,been struggling at work,"i feel pathetic lol. i m considering stepping down from my position but i feel so stupid for doing it. does this apology message to my boss seem okay? hey, about my recent performance. i've been dealing with some personal issues that have affected my work as you have noticed big time. i take full responsibility for not meeting expectations, and i'm committed to doing better. i appreciate your patience and understanding, especially since you've been easy on me for a long time. i know it doesn t make up for it but i ll keep working hard to stay focused and meet what you guys need. thank you for the opportunity to improve. sorry it s been affecting my work, i ve been trying to keep it on the down low. i m not trying to use this as an excuse, it s just what s been happening. my apologies i have bipolar 2 but i ve also been dealing with school and family issues edit typos lol",Mood Disorders,Sleep Disorders,Trauma & Stressor-Related Disorders,Bipolar Disorders,Adhd,Cluster C (Anxious/Fearful),Bipolar 2 Disorder,Narcolepsy,Paranoid Personality Disorder
22716,life postnpd,"(to the folks who have recovered) i've been wondering what does life feel like after you heal from npd and no longer meet the criteria? do you still experience grandiositynarc collapse etc. but now know how to deal with them? or maybe these feelings are gone? what do you feel when you receive a compliment? what do you feel when you don't receive attention? do you feel like you react to triggers like healthy people do? do you still feel this immense boredom (i personally struggle so much with it)? what was the thing that changed your mindset, do you have any helpful tips for recovery? before my current narc collapse i enjoyed my narcissistic traits (some of them i'm still fond of, they're pretty useful), but now i'm really determined to change because this pain that comes with it just can't continue. i don't want to lose important people in my life, too (i've been told to change multiple times and i feel like this is my last chance). i want to change myself but i'm afraid of the new reality. if i won't have my intense, emotional moments of grandiosity anymore that make me high, would i still enjoy my life?",Personality Disorders,Eating Disorders,Neurodevelopmental Disorders,Cluster B (Dramatic/Emotional),Ptsd Spectrum,Bipolar Disorders,Narcissistic Personality Disorder,Agoraphobia,Social Anxiety Disorder
19568,i cant tell if i have aspergers or i'm just weird.,"i've lived a pretty lonely life and i dont have a lot of family so i really cant tell if there is something off about me or i'm just a product of my upbringing never felt like i was part of society. but i have a lot of problems with making friends and even being abusedbullied and i always felt there was something inherently wrong with me. i also have a friend who mostly likely has aspergers but its pretty obvious for him. all he talks about is hatsune miku lol and that even annoys me at times. so i honestly dont think i have it but i'm going to vent just for fun and cause i've been wrestling with these feeling for my entire life. going thru some of the symptoms, 1. i cant tell if i have trouble with eye contact but it does make me uncomfortable a lot of the times especially when i'm feeling ugly. i feel like i do recognize emotions and facial expressions. i can tell when someone's sad or mad usually. but tbh, its been a while since i've talked someone face to face and its not something i think about. 2. i always feel pretty awkward in social settings and a lot of the times i do put on a mask and i dont really act like myself but i'm not too sure what myself really is? doesn't everyone put on a mask? i even took acting classes so i can better fit in with people. sometimes i feel like i can get along with people pretty well and i can be really funny but its almost always just surface level. other times, it just feels like people treat me like a complete werido. i cant get any deeper connections. i have almost no friends and very few i feel close too. i'm very selective with the people i talk too and can hit it off with some people but appear extremely socially inept and awkward with other people. 3. i'm extremely clumsy absolutely useless at any sport i play. my fine motor skills are lacking too. my gait is awkward. my body can be strong and i have a lot of stamina from working out a ton but when it comes to sports or anything requiring precision i'm useless. it took me till highschool till i could ride a bike. 4. i'd say i have a pretty wide variety of interests but i tend to obsess with anime and video games... i like to read about the lore in games and worldbuilding is very interesting too me and i've pretty much seen every animemanga you can think of. i also like reading random wiki pages usually history or technology. i just enjoy acquiring information and learning. i've always been pretty curious. 5. i do get upset with routine changes. as a kid, if my mom told me we had to go somewhere today it really would upset me and going to a doctor or something is such a hassle for me. it'd be really hard for my parents to pull me out of the house once i was home i didn't want to go anywhere else. i locked the door to my room one time and my dad had to kick it down lol. i was extremely stubborn. i dislike change a lot. 6. i'm sensitive not as much anymore but when i was younger i couldn't wear jeans only sweats pants up till the beginning of highschool. i was very picky. also emotionally i feel like i have a lot of empathy which i dont think is an aspergers trait. i'd cry a lot and feel bad for people and i noticed a lot of injustice in the world. i always wanted to help people and treated everyone equally. i tried to be friends or at least nice to the people considered ""outcasts"". it always felt like things affected me more than others. some sounds would be really irritating too me as well like air coming out of a toothpaste bottle but it doesn't really affect me as much anymore. 7. i always liked doing things by myself. i'd disappear for weeks and reappear. it would annoy people. i do crave social interaction but in short bursts. i need my personal time. i tend to run away from people esp if they pressure me. i dont like to be around people constantly it can be draining. there was really only one person in my life who made me feel alive and i always wanted to be around. other friends i like hanging out with sometimes but a lot of the time i'm just waiting till i can get home and really start enjoying myself. honestly, after writing this all down... i dont think i have it. i think i'm just developmentally stunted a bit eccentric. i feel like i'm missing a lot of the core symptoms that a lot of people with asperger's share. i was just a very shy person. i have a lot of anxiety and human beings genuinely terrify me. i'm gonna post this anyway cause idk i'm just venting. its frustrating i just want to be normal or at least understand myself better.",Neurodevelopmental Disorders,Anxiety Disorders,Schizophrenia Spectrum & Psychotic Disorders,Autism Spectrum Disorders,Insomnia Spectrum,Restrictive/Compensatory Disorders,Autism Spectrum Disorder (Asd),Obsessive-Compulsive Personality Disorder,Delusional Disorder
22755,linear thinking,"this have been on my mind for a while could it be that our inheriting lack of working memory force us to be linear thinkers? we could be force divide information into small chunks that will be process in a linear manner, while regular folks just gulp down the whole thing and build their precious mental maps.",Neurodevelopmental Disorders,Substance-Related & Addictive Disorders,Sleep Disorders,Adhd,Generalized Anxiety Disorder,Insomnia Spectrum,Attention-Deficit/Hyperactivity Disorder (Adhd),Obsessive-Compulsive Personality Disorder,Schizophrenia
10664,can you ever feel normal again?,my battle with panic has been a very slow one that has ramped up over time. it started with one initial one that i didn t think too much of and i would then get them every few weeksmonths. 2 years ago working a swing shift at work and going to school (leave for school at 630 a.m then go straight to work 212a.m) my panic attacks got 100x worse. i would get one while driving home 3 out of 4 nights a week which turned into having them while walking around work or random moments throughout the day. sometimes when i just look out into the horizon or look around my surroundings it will send me into panic for some reason. i had a heavy sense of derealization for a while but it s gotten better. i moved to day shift around a year ago and figured that would solve my problems but it didn t i still was getting them but mainly on my drive to work or home or walking around at work. i tried to not let it affect my life as i have kids and a wife but i found myself not leaving at night or any time i didn t need to and even canceled a family vacation. i will say that in the last few months i went from 34 a day to around 1 or 2 a week but i am always on the edge of one. i can tell when i m about to get into a bad mindset and it s really hard to pull out of one. what has helped any of you to get over these or atleast help make them better. i feel i owe my kids a fun childhood by going out and vacationing and going out and doing things but it s so hard to just do them. i have stayed away from medication because medication makes me get into my own head and will make me panic. even just ibuprofen. it s horrible,Anxiety Disorders,Neurodevelopmental Disorders,Schizophrenia Spectrum & Psychotic Disorders,Panic Disorders,Bipolar Disorders,Adhd,Panic Disorder,Avoidant Personality Disorder,Adjustment Disorder
8822,did you think you had bipolar before getting diagnosed?,"did anyone here think they had bipolar and bring it up to their doctor rather than being surprised after a diagnosis? i have been depressed on and off for years and it's not getting better on antidepressants. just started on a different one and now feel amazing but my mum mentioned i seemed like her bipolar friend and now i'm wondering if this super productive couple of weeks is not normal. after reading a lot about bipolar 2, i'm suspicious but not sure so i want to bring it up to my gp. not sure whether they'll laugh me off though. wondering if anyone else has had a similar experience and how it went? edit thanks so much for all your responses i spoke to my gp today who's referring me for an assessment )",Mood Disorders,Neurodevelopmental Disorders,Anxiety Disorders,Bipolar Disorders,Panic Disorders,Cluster A (Odd/Eccentric),Bipolar 2 Disorder,Avoidant Personality Disorder,Cannabis Use Disorder
4183,how do i get a test,"i m in the north hill california area, and don t have medical insurance or primary care physician or therapist. any testing centers or suggestions? do i need to get a referral? money is not a problem, but time is. i m leaving the country at the end of may, and i want to get it done before i leave.",Neurodevelopmental Disorders,Personality Disorders,Substance-Related & Addictive Disorders,Adhd,Depressive Disorders,Autism Spectrum Disorders,Attention-Deficit/Hyperactivity Disorder (Adhd),Schizotypal Personality Disorder,Alcohol Use Disorder
6524,i've defeated sleep insomnia,"my problem since i was a child i had problems falling asleep resulting into daytime sleepiness, concentration problems, low motivation etc. (which worsened my adhd). at the moment i hit the pillow my mind began racing, i saw pictures pictures with my closed eyes tellling the wildest stories. it seemed as if my mind tried to fight the boredom at any cost. the solution i take 25 mg trazodone (trittico delayed release) and 7,5 mg mirtazipin (stada) around 30 minutes before i go to bed. in my case it is important to combine those 2 medication one alone couldn't achieve the same effect. disclaimer always talk to a health professionel (psychiatrist) before taking these medications. this is no advice. what's the best solution for your indiviual problem can only be assessed by your doctor. this post should just demonstrate that there are solutions for sleep problems out there. don't give up",Neurodevelopmental Disorders,Anxiety Disorders,Mood Disorders,Adhd,Ptsd Spectrum,Autism Spectrum Disorders,Attention-Deficit/Hyperactivity Disorder (Adhd),Restless Legs Syndrome,Obsessive-Compulsive Personality Disorder
11105,meeting people i only know online for the first time,"hey guys, i'm having trouble with the fact that 3 people i only know online are gonna be in my country soon and i'm supposed to take them out on a tour for a full day, they have never seen how i look and luckily were polite enough not to ask me to do so. x200b i'm dreading meeting them like nothing else, i'm terrified of what they might think of how i look, i mean they might think i look normalaverage, sure, but i don't want just that, i want them to think i look prettycuteattractive, the thought of them not thinking i'm attractive makes me want to die and just cancel out on the whole thing even though we've had been planning it for so long. x200b i don't know what i can do to help with this, i wear makeup and i'm scared it might start to look crappy during the day and i'd be unable to fix it, or how it'd look under different lightings. x200b if anyone had any similar experiences or has any advice at all, please don't hesitate to share with me, thank you.",Obsessive-Compulsive & Related Disorders,Eating Disorders,Sleep Disorders,Ocd Spectrum,Panic Disorders,Generalized Anxiety Disorder,Body Dysmorphic Disorder,Social Anxiety Disorder,Attention-Deficit/Hyperactivity Disorder (Adhd)
2714,derealization came back,about 2 years ago i had my first year long battle with disassociation and derealization. it was consistent all day and led to many panic attack. it finally started to go away this last year (with the occasional feeling it at night). but now for the first time in a year i m feeling it when i wake up. during the day. and then at night (which is normal). i m so exhausted and sick of this. i have made a lot of progress since last year as i m not longer crying or having hour long panic attacks about it. but it s so debilitating. i don t know what i m supposed to do now. my medication hasn t been changed or anything. (this was the cause last time) i ve been wanting to get off switch my medication as i am not loving this one i ve been on for 8 years. but i m scared that it ll make everything worse . sorry just a little rant. just wanted to put it here and see if anyone has anything to say or anything helpful,Anxiety Disorders,Obsessive-Compulsive & Related Disorders,Personality Disorders,Panic Disorders,Cluster C (Anxious/Fearful),Ptsd Spectrum,Panic Disorder,Obsessive-Compulsive Personality Disorder,Sleep Apnea
6555,"ichspaltung, or the isplit.","i was wondering if anyone here has experienced the phenomenon of ichspaltung, an experience of simultaneous conflicting ideas, thoughts and emotions. it is essentially a form of extreme ambivalence, though instead of the typical ""flipflopping"" observed in cases of splitting, the opposites coexist simultaneously in consciousness. this leads to a great deal of confusion and ambiguity in the self, particularly regarding one's own true values, interests, feelings and beliefs. doublebookkeeping is an example of this ambiguity, where the psychotic individual maintains a grasp of the concrete ""commonsensical"" while simultaneously holding certain delusional or magical ideas as truth. hallucinations or perceptual disturbances may also be kept away from concrete reality and seen as spiritual visions or glimpses of alternate dimensions.",Personality Disorders,Substance-Related & Addictive Disorders,Obsessive-Compulsive & Related Disorders,Cluster A (Odd/Eccentric),Generalized Anxiety Disorder,Substance Use Disorders,Schizotypal Personality Disorder,Schizoid Personality Disorder,Delusional Disorder
20683,i just found my car keys in the fridge. what s the weirdest thing adhd has made you do lately?,"no lie spent 20 minutes panicking because i couldn t find my car keys. gave up, went to grab a snack out of the fridge and there they were, next to the hummus. adhd wins again. so, in the spirit of laughing through the chaos, what s the most wtfbuttotallyonbrand thing your adhd brain has made you do lately? let s make each other feel seen and mildly concerned.",Neurodevelopmental Disorders,Personality Disorders,Mood Disorders,Adhd,Cluster C (Anxious/Fearful),Generalized Anxiety Disorder,Attention-Deficit/Hyperactivity Disorder (Adhd),Cannabis Use Disorder,Panic Disorder
4768,how hard it's to like a person when you're avoidant,"the guy i like generates insecurity and anxiety in me, even though i would love to have the opportunity to see him facetoface. for some reason, i have been avoiding getting close to him, and this has caused us to move away from each other. x200b i find it hard to even look directly at him, and now i'm constantly looking for him among the guys with glasses at my college. i recognize that it may seem a little ridiculous, but i fear that he will realize how much i like him. x200b today i thought i saw him with a girl who makes him genuinely happy and can give him affection and love. truly, he deserves that kind of love, where the other person is not afraid to show his interest openly. he deserves to be with someone who can look him straight in the eye and doesn't want to hide. x200b i have made the decision to stay away from him and make sure we never cross paths again, especially for my sake, because being around him creates a lot of sadness in me. x200b i am sorry for having been interested in you, especially because i'm only a stranger to you, while you were everything to me. x200b you're wonderful and my true wish is to see you happy next to someone special who values you as you deserve. x200b for that reason, i firmly believe that we were never meant to be together and it's time to accept it. x200b i cherish you from the bottom of my heart and wish you the best in life. x200b it's time for me to say goodbye properly. thank you for tolerating this very negative person, i'm sorry for being this way. x200b (these are words for the person i liked and i let him go).",Personality Disorders,Sleep Disorders,Mood Disorders,Cluster C (Anxious/Fearful),Adhd,Ptsd Spectrum,Avoidant Personality Disorder,Schizoid Personality Disorder,Autism Spectrum Disorder (Asd)
13731,rolling technique,"i'm italian and every stoner i know rolls how we call ""a bandiera"" which means like a flag, i believe it's called backstrap in other countries, many people told me how it's ""healthier"" this way because it burns less paper and it supposedly burns better and improves the taste too. i thought this was the standard way experienced people roll but i recently found out not many people do it in the usuk (only sure about these countries but probably others too). is it just a cultural difference or does it actually matter?",Substance-Related & Addictive Disorders,Neurodevelopmental Disorders,Mood Disorders,Substance Use Disorders,Ocd Spectrum,Adhd,Cannabis Use Disorder,Obsessive-Compulsive Personality Disorder,Dependent Personality Disorder
19914,i feel bad for taking care of my appearance. it feels like i'm faking others.,"i genuinely enjoy taking care of my appearance. it's fun. working out, experimenting with fashion.. feels like characterizing myself. i do get comments from people like being well built or asking for information about my clothes. it also reassures me that i'm seen as a 'normal' person, but this also becomes problematic. maybe i seem to be more structured, mature, and have stronger personality than i actually am, so people get faked by intiution that i might be a chill person to talk with. but internally i'm very uncertain and ashamed about myself, making the conversation awkward. they become very disappointed with me being socially immature and leave. it becomes especially miserable when women talk to me. they come to talk smiling but eventually show a disgusted expression of ""i made a terrible mistake of talking to this guy"". they also seem uncomfortable encountering me afterward, which i almost feel guilty of being creepy, (as if i'm intentionally disguised as a normal person to deceive them) even when i'm not the one initiated the conversation or having intention to socially interact. i know i'm ugly as hell and might be just overconfident and too selfconscious. maybe people only talk to me because they feel sorry for me and being polite. i never approach or initiate a conversation first because i don't want to disappoint people and feel miserable and ashamed. i also never felt to like anybody romantically.",Anxiety Disorders,Trauma & Stressor-Related Disorders,Neurodevelopmental Disorders,Phobias,Bipolar Disorders,Ptsd Spectrum,Social Anxiety Disorder,Insomnia,Paranoid Personality Disorder
19562,i cant shake the feeling im just annoying,"i'm not even sure i can blame my adhd, being that i'm the predominantly inattentive type. but it does feel like i'm just an annoyance, like my adhd makes me such a freak. or that it's a fundamental, uncureable flaw in who i am. my symptoms made me feel like such an outsider for my entire life, like feeling lazy and dumb and incompetent. when im hyperfixated, its all i talk about, because its all i think about, and i think others hate me for that. i thought having the answer to why i'm this way would finally make me feel better. but post diagnoses, it really doesn't feel much different. now i'm annoying with a diagnoses. awesome recently, i've been thinking i'm blending in much better. i've got acquaintances, which is entirely new for me. i'm in my schools band which ive been in for four years, and i'm just now getting that sense of community. i got shushed earlier today by someone in band, which i know i shouldnt take to heart, but it does really sting. i dont like how loud i get when i'm excited. i dont even know if thats just me or a symptom. i was just happy to be playing my instrument with my friends around people who might like my company. its so small, but it hurt so bad.",Neurodevelopmental Disorders,Eating Disorders,Substance-Related & Addictive Disorders,Adhd,Cluster B (Dramatic/Emotional),Ocd Spectrum,Attention-Deficit/Hyperactivity Disorder (Adhd),Schizotypal Personality Disorder,Seasonal Affective Disorder
4462,how do you deal with the why me? question?,"for me especially, i feel it since my siblings are at better places in life than me. it s just so sad sometimes to look what i could have been. i also look back to when this disorder hadn t taken over my life and think about how much potential i had that was taken away. i wish i could go back.",Mood Disorders,Neurodevelopmental Disorders,Obsessive-Compulsive & Related Disorders,Bipolar Disorders,Cluster B (Dramatic/Emotional),Ocd Spectrum,Bipolar 2 Disorder,Bulimia Nervosa,Avoidant Personality Disorder
15252,coffee and meds,i'm going in for an assessment shortly and i have a few health concerns that make me hesitant of taking stimulants. long story short the main reason i don't is i have heart problems including an arrhythmia that i have an icd for. i have no desire to start with stims but if i must i will. my question is if stims are prescribed does that mean i have to quit coffee? i very much enjoy my coffee for the flavors so i could go decaf if i had to but i would rather not.,Neurodevelopmental Disorders,Obsessive-Compulsive & Related Disorders,Personality Disorders,Adhd,Cluster A (Odd/Eccentric),Ptsd Spectrum,Attention-Deficit/Hyperactivity Disorder (Adhd),Social Anxiety Disorder,Dependent Personality Disorder
2398,"augusta, arkansas tried to force me to be a sex trafficking mule","i just left the state of arkansas and have moved, but i need to express what happened. i moved to augusta, arkansas to heal from my last experience with trafficking and once i began to do so, the people of augusta arkansas tried to force me to become a mule for sex trafficking. they even tried to offer me underage victims, which disgusted me. i've accepted that i cannot change what is going on there, but i needed to say what happens there. it broke my heart to see the abuse the women of this community are forced to undergo. i wish i could have saved them, but i am powerless.",Trauma & Stressor-Related Disorders,Eating Disorders,Mood Disorders,Ptsd Spectrum,Substance Use Disorders,Insomnia Spectrum,Post-Traumatic Stress Disorder (Ptsd),Cannabis Use Disorder,Avoidant Personality Disorder
18872,help,"so the days before my period i feel low and all i wanna do is order 3 fast food portions and eat, bake cookies and eat loads of carbs and chocolate. just be by myself and eat. normally i never crave carbs and sugar. had been thinking of pasta for 3 days and yesterday i binged almost 4k calories. had been doing really good for 8 days but relapsed. also i m so hungry, i have no stop beside my stomach is aching. do any of you have suggestions how to cope with all cravings and low self esteem and bad mood the days before period? those days always turn me to binge eating.",Eating Disorders,Trauma & Stressor-Related Disorders,Sleep Disorders,Restrictive/Compensatory Disorders,Generalized Anxiety Disorder,Cluster C (Anxious/Fearful),Binge-Eating Disorder,Attention-Deficit/Hyperactivity Disorder (Adhd),Cannabis Use Disorder
2943,disability surveillance fucking terrifies me. anyone else feel the same?,the idea that a company can just hire someone to stalk me and cherrypick information to try and prove i'm not disabled terrifies me. i feel like one day if that happens i'll think they're trying to hurt me and then fight them and go to jail because this is somehow constitutional. does anyone else feel the same? how do you cope with this?,Personality Disorders,Schizophrenia Spectrum & Psychotic Disorders,Eating Disorders,Cluster A (Odd/Eccentric),Phobias,Generalized Anxiety Disorder,Schizotypal Personality Disorder,Cyclothymic Disorder,Schizoid Personality Disorder
14323,should aspies marry other aspies?,"there is the theory that people lacking in a certain trait will be attracted to partners who are extra high in that trait, for example a person lacking certain immunities being drawn to the opposite in order to compensate and balance it out for their offspring... but it also seems true that some traits are so important that both partners need to have it in order for the relationship to function (for example, certain personality differences cannot be too extreme). so the question is, is aspergers one of those essential traits that both partners need to have, or is it too broad of a category and it doesn't really matter, or is it even better for an aspie to marry a neurotypical (or some other option)? i'd love to hear some thoughts",Neurodevelopmental Disorders,Obsessive-Compulsive & Related Disorders,Schizophrenia Spectrum & Psychotic Disorders,Autism Spectrum Disorders,Adhd,Depressive Disorders,Autism Spectrum Disorder (Asd),Schizoaffective Disorder,Seasonal Affective Disorder
9683,did someone painfully experience the development of their ego through their life?,"i remember, when my ego became solid it was december 2007. we celebrated my birthday at grandma s house, because out house was under repair. during this time, i remember my consciousness became solid. in past, it was liquid state, everything was like a fever dream and cloudy and i liked this state. when my consciousness became solid and i became more selfaware, i started to feel much more pain, responsibility, awareness and i felt like i can t escape the reality in my fantasy. i had good life in 20082011, but after we moved to other city, life got really bad i was bullied at school and i missed my home. my life till 2022 had its own good and bad, but mostly it was bad, because i felt like alien everywhere and i wanted to exit life, because i couldn t handle the reality and the pain and anxiety i experienced. looking back then i feel like my life was determined more by my brain states than reality. i feel like my ego development was sabotaged and the values society had never bothered me truthfully. i just wanted to experience my mystical liquid consciousness i had back then. in 2022 i experienced the series of psychosis and meltdowns, which leaded me to the dissolution of ego and big relief. my life became a mess, but i feel much happier than ever before in my life, because no shit from reality made me ever that happy than alteration in perception. i am aware, that this is probably unhealthy, but i have never was interested in mainstream way of life, like the materialism and interactions with world. it was always extra and not changing me things. i don t know, did you experience similar things?",Personality Disorders,Eating Disorders,Substance-Related & Addictive Disorders,Cluster A (Odd/Eccentric),Adhd,Ptsd Spectrum,Schizotypal Personality Disorder,Delusional Disorder,Attention-Deficit/Hyperactivity Disorder (Adhd)
14584,sleep schedule f up for over years,"since i was a little kid, i loved nba so much. by that time, the games were late at my location (0000 east games, 0300 west games) so i would end up going to sleep at 3 or 5 o'clock in the morning. my parents never knew that i was staying up this late. know, with 19 years old, i can't sleep when is dark. i've been wondering if medication is necessary in my case. maybe a pill before normal bed time? thus, little by little, i will be able to change my biological clock. or, should i radically put up with the narcolepsy that comes over me during the day. maybe by finding an afterschool activity, like going to the gym. i've always wanted to build discipline in me, but trust me when i say, a good sleep is the 75% of a great routine. i don't know, maybe is not that deep. but i wanted to get this out of my chest. i should talk with a professional about it. anyways thank you for reading this.",Sleep Disorders,Obsessive-Compulsive & Related Disorders,Substance-Related & Addictive Disorders,Insomnia Spectrum,Substance Use Disorders,Adhd,Insomnia,Hoarding Disorder,Autism Spectrum Disorder (Asd)
2447,avpd and dpd traits,i have personality disorder not otherwise specified. i have avpd and dpd traits. are there also some people here who have the same. i feel like they are both fighting to eachother. like my avpd makes me want to hide and run away and push people away and my dpd wants to cling to someone. it is so tiring and i just want to change it.,Personality Disorders,Trauma & Stressor-Related Disorders,Neurodevelopmental Disorders,Cluster C (Anxious/Fearful),Depressive Disorders,Insomnia Spectrum,Dependent Personality Disorder,Narcolepsy,Hoarding Disorder
3657,helping my sister's friend,"cfriend b sister d c boyfriend my sister has a friend who has been diagnosed with hpd through her therapist. (i have bpd, so i try to help as i can) c has been wanting to move out of her parents house, and she wants d and b to live with whatever place they find and like. they found one, and were in the beginning process of buying it when b decided she wanted to fix up her house, rather than settling in they fight often, and cd may end up moving out, leaving responsibility to b only. b wants c to move in with her, but it would be a slow process. c wants out of her house now. c has made passive aggressive comments to b because d also wanted out he wasn't ready. my sister has had to cut off communication with c multiple times due to her behavior. b told me c is on mood stabilizers, but doesn't seem to help. c does not like talking about her having hpd, and seems to be in denial about it. the mood swingspassive aggressive textsvictimizationattention validation has caused my sister to put boundaries, but c doesn't seem to understand how hurtful her actions are affecting the one who care about her. i know part of having a personality disorder is reconizing the symptoms and how to deal with triggers in a healthy way. i don't know who to talk to, or how i can help. i don't know how to help my sister because i will be by her side to rebuild the house we were given from our grandparents. any form of help is accepted",Personality Disorders,Trauma & Stressor-Related Disorders,Obsessive-Compulsive & Related Disorders,Cluster B (Dramatic/Emotional),Insomnia Spectrum,Generalized Anxiety Disorder,Histrionic Personality Disorder,Alcohol Use Disorder,Social Anxiety Disorder
12381,personal hygiene bipolar,"edit wow i'm a tool. i originally posted in bpd thinking it meant bipolar disorder. my bad. here's my post in the correct sub reddit. oy, it's been a rough ride and still is. being on work disability a few times for several years, tried a cocktail of medication and the list goes on. but the purpose of this post is about personal hygiene for people with bd who couldn't give a crap about taking care of themselves. for the longest time i didn't care at all for showers, literally hated them (maybe once a week when i felt really gross) and taking care of my oral health (maybe brush my teeth once a week too). i've found something to encourage my selfcare. what i did was manage to find products i love to use and make me feel good. for me, what worked was tea tree shampoo. it smells so good and the mint in it leaves your scalp with a cool, fresh and tingling feeling. kind of like noxema does on your face. i then have the classic scent ivory body wash. i love the smell. i use either dove or goats milk on my privates. for my oral health, i bought the hello toothpaste. omg i love it it's strong and leaves my mouth so fresh and clean. i'm now brushing my teeth every morning, aiming for morning and night. i have comfort flossers on my living room table and use them about twice a day. doing all of this actually makes me feel better. it makes these tasks easier for me. some kind of psychological twist? well, i hope this can maybe help a few that have the same issue. it might not work for all, i know how hard it is even to get out of bed in the morning. if you try and it works, pls comment now, if i can only find medication that doesn't make me eat like a pig or, the opposite, give me daily nausea. good luck to all. we shouldn't have to suffer",Mood Disorders,Neurodevelopmental Disorders,Personality Disorders,Bipolar Disorders,Ptsd Spectrum,Restrictive/Compensatory Disorders,Bipolar 1 Disorder,Obsessive-Compulsive Personality Disorder,Narcissistic Personality Disorder
6279,"i'm currently day 7 off weed. i'm having some really weird dreams, is this normal?","i'm not used to dreaming, i usually never dream, but for the past 4 or 5 nights i've had crazy dreams all 4 nights in a row wich that never happens to me, usually my dreams are kind of a slice of life, boring, everyday escenario kind of thing. but holy shit this night was a rollercoaster, inside my dreams i did some crazy shit i never would have done inside a dream (my mind thinks the dream is real life, so it reacts accordingly to each scenario) im unable to make lucid dreaming, ever, but yesterday i had this feeling of just ""fuck it let's do it"" and everything just popped off in my dream idk if it was lucid because i wasn't really in control, but i'm confused rn are dreams supposed to feel that real? is there a way i can make the most of my dreams? have you guys dream crazy shit whenever you stopped smoking?",Substance-Related & Addictive Disorders,Trauma & Stressor-Related Disorders,Mood Disorders,Substance Use Disorders,Autism Spectrum Disorders,Adhd,Cannabis Use Disorder,Insomnia,Panic Disorder
19090,hydroxyzine constantly,"hey guys. i suffer from panic attacks daily, sometimes multiple times a day, and nocturnal panic attacks as well. i take hydroxyzine 25 mg, and i take it as needed, but my panic attacks are so constant and severe, that i pretty much have to take them each time i'm having one. i do have health anxiety and so i worry about my heart and all that, i was just wondering maybe if you guys raw dog it and let the panic attacks just hit full force, or if you take something to help you? am i doing too much with the hydroxyzine? it's the only thing i have rn for my panic attacks since i can't take antidepressants yet due to some weight issues i've got going on. thanks edit fixed spelling errors, sorry",Anxiety Disorders,Substance-Related & Addictive Disorders,Neurodevelopmental Disorders,Panic Disorders,Generalized Anxiety Disorder,Insomnia Spectrum,Panic Disorder,Schizotypal Personality Disorder,Bulimia Nervosa
14005,searching for empathetic friendships,"hi i m a 22f, i m so insomniac atm (more than usual) and i wanted to talk to some people at night, maybe to build a long friendship ) i love reading, writing, poetry. i sing in a band. i also adore dumb tv shows, cats, any kind of music write me",Mood Disorders,Eating Disorders,Neurodevelopmental Disorders,Bipolar Disorders,Adhd,Ptsd Spectrum,Bipolar 2 Disorder,Cannabis Use Disorder,Post-Traumatic Stress Disorder (Ptsd)
12067,panic attack?,"so i've had the regular few minute panic attacks but i had one recently that lasted almost 24 hours. my heart rate came down enough for me to sleep but even when i woke up, still had that horrible feeling of fear and dread for no reason. is it possible to get stuck in a really long panic attack?",Anxiety Disorders,Neurodevelopmental Disorders,Schizophrenia Spectrum & Psychotic Disorders,Panic Disorders,Insomnia Spectrum,Cluster A (Odd/Eccentric),Panic Disorder,Antisocial Personality Disorder,Alcohol Use Disorder
16027,does anyone have trouble learning?,"hello everyone, 36f. i have schizoaffective disorder, bipolar type, and adhd. i'm currently looking for work, but i've struggled with selfconfidence and my ability to learn new things ever since i was diagnosed with schizoaffective disorder and adhd. i don't know if medication has anything to do with it or if it's both the illnesses and medication, especially schizoaffective disorder. i have to complete a virtual interview soon, and i need to practice interview questions. i know i should get a list of questions and write down each response, but i feel i can't memorize all of my responses and don't even feel confident learning a new skill on the job. i've been avoiding practicing questions for a few days now because i have no idea how to structure myself mentally, and it all seems daunting. i've always had learning difficulties and struggled a lot in school, but i did do well in college even when i was entirely symptomatic. however, it feels like mental illness made learning problematic over time. what are your experiences with learning?",Schizophrenia Spectrum & Psychotic Disorders,Obsessive-Compulsive & Related Disorders,Eating Disorders,Psychotic Disorders,Adhd,Generalized Anxiety Disorder,Schizoaffective Disorder,Post-Traumatic Stress Disorder (Ptsd),Autism Spectrum Disorder (Asd)
8794,is it possible to pursue a great career?,"so i've been working as a product analyst for two years. it's not a very demanding job. but this questions been popping up in my mind ""why not be more? honestly i don't have any drive in my to be more at some level i am just happy that i manage to get through the day without any fuckups. but some days i wonder about what i thought i would be and am not? can i even think about being more (yes i can) but practically this is something everyone faces. it's just that i might be making ""it"" my crutch",Mood Disorders,Schizophrenia Spectrum & Psychotic Disorders,Anxiety Disorders,Bipolar Disorders,Depressive Disorders,Adhd,Bipolar 1 Disorder,Restless Legs Syndrome,Social Anxiety Disorder
626,ad(h)s,"i suffered from depression for many years and tried literally every available antidepressant. some years ago i was diagnosed with ocpd, but the treatment never lead anywhere. last year i got suspicious about maybe having a form of adhd, which made me create all these compulsions over the years. i compulsively keep order in my home, i clean compulsively, i compulsively safe money and i immediately write down every task that comes up. a screening last year showed a lot of evidence that i might struggle with ad(h)s and so i was able to try medication (ritalinelvanse) the last months. since then i rarely suffer from depression anymore, and i have an easier time ignoring my compulsions. i'm also finally able again to follow my hobbies. also the ability of just forgetting little tasks and duties sometimes and being ok with that is a huge relief. the effect the medication has on me, is not 100% what you would expect with a typical adhdsufferer. but in the moment it feels a lot like nearly 30y of suffering have an end. are there any other people in this sub that suffer from ocpd and adhd at the same time, or get even treated for adhd? p.s.excuse my rocky english",Personality Disorders,Neurodevelopmental Disorders,Sleep Disorders,Cluster C (Anxious/Fearful),Panic Disorders,Insomnia Spectrum,Obsessive-Compulsive Personality Disorder,Schizoaffective Disorder,Body Dysmorphic Disorder
4276,how do i snap out of a hyperfixation??,"this is a recurring problem for me. i get hyperfixated on something, and i can do nothing but that thing for hours of every day. right now im hyperfixated on minecraft and i have been playing until my neck and arms hurt from sitting in the same position for so long. it stops me from working on things i have to work on, and i feel wracked with guilt while im playing because i know i should be working on writing my script right now, or putting away my laundry, or literally anything else. i intended to bake something yesterday but i forgot to because i spent 7 hours playing minecraft. i hate it when i get like this and i just need to snap out of it. i dont even feel happy while playing, i just cant focus on anything else. is this something more people struggle with? anybody have any tips? im seeing my therapist tomorrow and my psych on wednesday so hopefully they will be able to help.",Mood Disorders,Anxiety Disorders,Neurodevelopmental Disorders,Bipolar Disorders,Insomnia Spectrum,Cluster C (Anxious/Fearful),Bipolar 1 Disorder,Delusional Disorder,Generalized Anxiety Disorder (Gad)
13481,relationship insecurities stirring my ocpd up to the max,"hi all just for context i am 25 year old woman that has a relationship with a 27 year old man. i have been diagnosed with ocpd a couple of years ago, besides cptsd adhd (combined type). i think this response falls more in the ocpd category of behaving that's why i'm asking advice here. i have recently had a fight with my partner due to the fact that he's been unable to share his emotions and thoughts regarding graduating and starting out in the job market. he graduated close to two months ago, and has only applied for one job. we made the deal that he could move in with me temporarily to save costs and be able to take time for the job, but we also clearly stated that there's a maximum of three months that i'm able to support him financially, especially seeing that i'm still a student myself and would prefer to not spend too much of the money i earn on providing for him. we discussed this at length, and he put out goals for himself to have a job in or around may 1st. the first application was eventually rejected last week, where he eventually told me that there was too much stress coming from me and that he did not emotionally deal well with all the changes, and that he needed more time. additionally, he told me specifically that the pressure i was putting on him made him cry a lot in the last couple of weeks. he had not told me of this fact and has been saying that everything had been going great up until this point. one of the reasons he had not shared these mental troubles is that at the beginning of the relationship i had said that i was searching for someone mentally stable and selfreflexive due to my own predicaments. he apparently took this to heart and did not feel like he could share any type of emotions. i find this situation extremely difficult, as i have never stated he could not open up about fears or emotions i merely said that i could not date someone with massive issues that they were not dealing with (think addiction, unexplored trauma's that keep bumping up, massive issues with their surroundings) as i had worked hard these last years dealing with those and felt that it would be unfair and unhealthy for me to have a partner that still would have to deal with all of these issues and had been putting them off until that point. i have not ever experienced safety and comfort and love from someone so intensely, but currently all those feelings seem to be shut off and i am only able to be extremely critical of myself and of him in the past days. it seems to me that my, previously coped with appropriately, 'obsessive compulsive tendencies' have taken over due to the nature of the conflict, and i am unable to accept any wrongdoings from myself or from my partner. my inclination is to break the relationship off due to the fact that my boundaries were not respected, but i'm unsure if this is the healthy part of my brain speaking or the part that is trying to control the situation as best as possible. if anyone has any advise, that would be appreciated. thanks in advance.",Personality Disorders,Obsessive-Compulsive & Related Disorders,Mood Disorders,Cluster C (Anxious/Fearful),Generalized Anxiety Disorder,Depressive Disorders,Obsessive-Compulsive Personality Disorder,Schizoaffective Disorder,Generalized Anxiety Disorder (Gad)
1977,anyone in san diego ?,"i tried the alliances in my area and wasn t to fond of the online ones. i just need more like minded friends in my area and i m a 28 year old female looking for people in san diego, male or female please help me find new besties who i can vibe better with thanks",Mood Disorders,Obsessive-Compulsive & Related Disorders,Personality Disorders,Bipolar Disorders,Phobias,Restrictive/Compensatory Disorders,Bipolar 2 Disorder,Post-Traumatic Stress Disorder (Ptsd),Seasonal Affective Disorder
22125,it's amazing what our brains can do. my ocd journey.,"i'm 21 and have been struggling with ocd since i was 7. i'm 21, almost 22. sometimes i've gone a couple of years without a major ocd flare upfixation. sometimes, it feel like i've had just about every single form of ocd under the sun. some background i'm a huge over thinker, i have a pretty darn good memory, i'm an empath, i'm a perfectionist in some ways, and i have pretty bad health anxiety. \ here are all my ocdrelated struggles in order of when they occurred (earliest to recent) 1. organization everything had to be ordered and straightened so they lined up. if a book was on the floor it had to be positioned so it was parallel to the wall. eventually i was able to let this go and accept ""imperfection."" 2. rituals speaking of books, i had to tap my elbows against the pages repeatedly while i was reading, or else something bad would happen. i had rituals. kiss the palms of my hand at 444. or, if i run to this stop sign before i hit 4 miles, then insert bad thing will happen. 3. more rituals going into a room and saying everything i was thinking. this one was pretty bad and exhausting but it only lasted a couple of months. i think i was 9. 4. hocd covid pandemic brought on an entire identity crisis and lots of time alone with my thoughts. not good. i spent close to 6 months trying to figure out if i was secretly gay (hocd). my ocd kept telling me that i was ""meant to be different"" and was trying to tell me i had faked my attraction to guys (i'm a girl) since i had my first crush at age 12. i think it got triggered when i saw a photo of a girl and thought she was pretty and she reminded me of someone i knew. i also thought ""i want to look like her"" but then my brain tried to get me to think that i was into her. i honestly just moved on by saying, oh, well, maybe i'm not 100% straight but 96% straight, big whoop. i'm physically attracted to guys, but i've always been emotionally attracted, too. i don't see myself ever being emotionally attracted to girls, but who cares if i ever end up being physically attracted to them. life goes on... sorta. i kept asking myself if i was attracted to everyone i passed by, and then i would panic briefly, and be like, wait, that was a guy, wait, good, you're straight, you're supposed to be attracted to anyone who's male. 5. tocd naturally, tocd came next. i'm not a girly girl or a tomboy now, but i was a tomboy during childhood. i was one of those kids who honestly didn't know their gender until like 1st grade. all the sudden, i felt uncomfortable wearing anything even remotely boyish. i felt more comfortable in girl clothes and was honestly kind of ashamed of my tomboy hood. tocd luckily doesn't bother me anymore. i've always been supportive of trans people but i think it stems from being very empathetic and just wanting them to be able to live normal lives. i also have an lgbtqia sibling. 6. rocd. i've never been in an actual relationship, but even with a couple of crushes recently, i always looking through photos like a creep, seeing if i feel actual attraction to them or not. if i don't feel any butterflies, even after looking through a photo i have already seen, i feel like i'm not attracted to them. this is part of the reason i'm hesitant to get into a relationship. honestly, i've had a tough time feeling attracted to anyone recently, which is likely because of my ocd, but then my brain tried to tell me... 7. it's because i'm attracted to children (i'm not.) pocd is the worst. i have no desires to pursue sexual or romantic relationships with a child, even if i was given 2 days left to live and could do whatever i wanted. i've never had a ""crush"" on a child. they're so young in my eyes. but now my brain is going back to search for evidence of agegap crushes. i had a crush on a guy who was 1.5 years younger than me in high school and now my brain thinks it means i am a pedophile. it doesn't help that in some stories i write my characters are middle school age (this was when it really flared up because i associated caring for my characters and mentioning anything remotely about their bodies meant that i was attracted to them). my pocd is usually only there for young boys (i think it's because i'm straight), though sometimes young girls. like today a boy was biking past me, and of course i challenged myself to look at him to see if i was attracted. ugh. i genuinely know i am not attracted to young kids, but it's just awful. even toddlers, my brain was bugging me about. 8. health anxiety i convinced myself i had a brain tumor in 2019 because i had headaches. would constantly record videos of myself moving my eyes back and forth. if something looked suspicious, i'd have to retry, but i'd be in tears. i've had a few other health anxiety flareups, and other than constant googling, it's the checking that is annoying. i won't go into detail because i don't want to trigger anyone. 9. this is ""minor"", but lately i've been checking things more. checking my pockets before i head out. emptying my wallet and sifting through my credit cards to make sure i didn't drop anything. 10. i've always had to review every sheet of material or read through every scientific article in depth. if i don't understand a problem, i get stuck on it, and my day is quite literally ruined. i'd be the friend bugging others about ""what was the answer to 2c"" days after a math test, and they'd be like ""dude, let it go how do you still remember the answers?"" 11. i've also had minor ocds, like what if i'm secretly racist, or what if i do something awful and end up murdering loved ones (it makes me sick to type that out, but true crime isn't helping). one time i thought i hit my neighbors dog, and had to go back and check. i'm worried now because i seem to be noticing my hands feeling dirty more often (though i will say that i'm not at all an excessive hand washer). i also feel like i've been more worried about eating contaminated food than i usually was before but this could because i am now cooking for myself more often. 12. the worst is i remember telling my cousin when she was 5 and i was 7, ""don't tell your parents"" but my sister was there, too, so i think it was probably something about getting up early on christmas morning. of course, my brain is trying to say that i sa'd her or something awful. i don't think so. we still talk often. but this one is just so, so tough. that's all. probably not all. some of these were hard to write out. does anyone else notice similarities?",Obsessive-Compulsive & Related Disorders,Trauma & Stressor-Related Disorders,Sleep Disorders,Ocd Spectrum,Autism Spectrum Disorders,Panic Disorders,Obsessive-Compulsive Disorder,Bulimia Nervosa,Alcohol Use Disorder
13325,"recently discovered i have dpd through therapy, hello everyone","i [25m] was struggling badly with a break up, and my ex recommended i go to therapy. (i was also feel like i had been developing anxiety over the past several years) after multiple sessions and an evaluation, i met all the criteria for (disquieted) dpd. it makes sense for how i've felt so far in my 20s i'm nervous most of the time, especially on my own, i secretly want everyone to like me. i'm overly sensitive to criticism. i am youngest of 4 brothers. and always felt in the back drop, never got the attention i wanted as a child. grew up very attached to the next youngest brother. copied his interest, his style, his hobbies, almost everything. he was my best friend. he had a falling out with my parents when i was a freshman in hs, got kicked out. he promised we'd stay in touch but i didn't hear from him again til 5 years later. i had a bit of a tough time finding myself throughout hs, and had strong commitment issues. always jumping from one short term relationship to the next without much wait. i surrounded myself with as much social life as i could, multiple friend groups and activities, which kept me pretty comfortable. even joined and lived in a fraternity in college. my girlfriend in late college was extremely dependent, and despite long reluctancy to commit to dating, i did, and i started to grow dependent after some time. after that finally severed after college and moving back home. i moved into another relationship where i grew very intertwined in her personality and emotionally attached to her. i'm glad to have found a community, though it seems quiet, i just want everyone to know that you're not alone and i'm happy to share thoughts and discuss )",Personality Disorders,Anxiety Disorders,Neurodevelopmental Disorders,Cluster C (Anxious/Fearful),Cluster B (Dramatic/Emotional),Autism Spectrum Disorders,Dependent Personality Disorder,Narcissistic Personality Disorder,Body Dysmorphic Disorder
22939,looking for recommendations,"hello all me and my girlfriend currently live in an extremely hoarded home (literally a walkway), the kitchen is inaccessible, the bathroom is molded, shower broken, etc... what are some things you recommend us to get to make our personal space (a bedroom) a little more comfortable until we can get out. i was thinking a microwave for easy access to food but anything else you'd buy to turn a bedroom into a studio apartment basically",Obsessive-Compulsive & Related Disorders,Personality Disorders,Schizophrenia Spectrum & Psychotic Disorders,Ocd Spectrum,Bipolar Disorders,Psychotic Disorders,Hoarding Disorder,Body Dysmorphic Disorder,Major Depressive Disorder
22965,lorazepam for plane didn t work,"i had panic attacks and anxiety that caused me to become a daily drinking alcoholic in 2018 i went to rehab got sober they put me on a shit ton of meds and i was still having panic attacks (almost worsemore than when i was drinking) whenever i felt trapped. i got off the meds in 2021 and they went away but came back a few months ago. they re not regular but when i feel trapped i have to go to arizona (6 hour flight for me). my doctor prescribed me lorazepam .5 mg. i took 1 when i got to the airport and 1 a half hour before boarding. i thought i was fine but when it was my turn to board i stood up and my heart rate just jumped to 150. i paniced and waited to go on last but my heart rate wouldn t go down. i made it all the way to in the door of the plane and they told me they were closing the door and if they did and i needed to get off when i got to my seat then they d have to deboard to the whole plane so i got off. i rescheduled for today i m 6 3 250lbs do you think i need a higher dose? or a different drug? should i just not go? i tried all the things too sour candy, touching body parts, had a movie going",Anxiety Disorders,Mood Disorders,Eating Disorders,Panic Disorders,Bipolar Disorders,Cluster B (Dramatic/Emotional),Panic Disorder,Avoidant Personality Disorder,Schizophrenia
9981,being around people makes me want to puke,"maybe this belongs in rsocialanxiety but being around people makes me actually want to throw up, even if theyre the kindest most loving ppl ever. people make me sick istg but at the same time i like getting to know people??? anyway ptsd and social anxiety is a bitch. being around ppl makes me suicidal",Trauma & Stressor-Related Disorders,Eating Disorders,Substance-Related & Addictive Disorders,Ptsd Spectrum,Cluster A (Odd/Eccentric),Phobias,Post-Traumatic Stress Disorder (Ptsd),Cyclothymic Disorder,Attention-Deficit/Hyperactivity Disorder (Adhd)
12697,pregnancy ocd,"hi yall, just came across the.reproductive.psychiatrist on instagram. she has amazing videos on maternal mental health care including how to get adequate care and at least one video on ocd specifically. i know there have been a few posts on that recently, so i wanted to share. stay safe and healthy maternal wellness is paramount during pregnancy",Obsessive-Compulsive & Related Disorders,Mood Disorders,Substance-Related & Addictive Disorders,Ocd Spectrum,Cluster A (Odd/Eccentric),Depressive Disorders,Obsessive-Compulsive Disorder,Seasonal Affective Disorder,Antisocial Personality Disorder
12121,panic attacksfear of driving,"apologies for the long post, just figured i d write what was on my mind hey everybody. i m a 22 yo guy who has had a somewhat miserable past 7 or so months, i was curious what coping mechanismshelp you guys have gotten since nothing really seems to be working for me. about 7 months ago, i was driving as i usually did to go grab some lunch. i ve never been an anxious person in the past, and considering i work on cars for a living and own a couple of fun sports cars myself drive to other states to pick up cars a lot, this is completely random and weird to me. i felt a little weird, and on my way home randomly started to tunnel vision, got really dizzy, couldn t feel my legs, etc. i pulled over, and my parents came and grabbed me. went home and it got worse. they took me to the er, where they said its just an anxiety attack, ran ekg and blood tests, said heres some benzos for if you need them and gave a great day. i didn t believe them because i was sure it was just a weird symptom of my back issues. for the next 2 months or so, i had excruciating back pain, migraines that i wish someone knocked me out so i didn t have to deal with them, sciatica, the whole 9 yards. i didn t drive, didn t leave the house, etc. went to the doctor, they did an mri and found that i have some pretty severe issues with my back and neck, degenerative disk disease, bone spurs, just all sorts of issues. i was fine driving for a month or two after that. everything seemed okay minus the backneck pain and occasional vertigo. then all of the sudden driving became the bane of my existence. the thought of even having to drive 10 mins down the road scared me to death. luckily i work from home, but simple tasks like running to walmart or going to grab lunch with my girlfriend became terrifying. while occasionally i feel alright and just drive 1 hour roundtrip with minimal issues, sometimes it just hits me like a freight train. i start to panic, get dizzy, feel like i can t breathe. i have to take my ativan that they prescribed me everywhere i go just in case another panic attack happens. i started to go to a chiropractor twice a week, which most of the time i end up going with my girlfriend since it helps comfort me a little, and it s only 8 mins from my house. thats helped a ton with my back pain. it s almost completely gone honestly. i just can t shake this anxietypanic. only recently (in the past 2 weeks or so), i ve started to get anxiety and start to panic at home, even while just laying down or sitting to watch tv. while writing this, i m sitting in bed uneasy. i have this constant feeling in my upper right chest. almost feels like a 5 pound weight is inside my chest just pulling down. for some reason this is what triggers my panic. i m not sure if it s related to my neck issues and thats what s causing me to panic, or if i start to panic and my chest starts to feel like that. but i m 1000% okay, doing my thing right up until the moment my chest starts to do it s thing, then i start to get anxious and panic. sometimes i ll feel it there for 30 mins and not be bothered at all, and then randomly it ll hit me. i ve had a couple of panic attacks now, and i ve got to say for someone who s never been hospitalized really even once before in my life, it s the most terrifying thing i ve ever had to deal with. it almost makes me angryupset that i can t shake it, and let it interrupt my day to day life of not even stepping foot in a car unless necessary. i ve been reading into cognitive behavioral therapy, meditation, therapy, really anything to help. one approach i ve seen a lot of people talking about is just letting it happen and the panic will only be there until you stop fearing it . i just can t wrap my head around that. i ve never been one for therapy, being that i ve been raised in a very traditional easterneuropean household that believes the solution to everything is sucking it up and dealing with it and other people have it worse . i m open to trying anything at this point, i just got prescribed zoloft today and really would like to find a solution that doesn t involve taking these meds to mask everything thats going on. thanks everybody.",Anxiety Disorders,Neurodevelopmental Disorders,Eating Disorders,Panic Disorders,Generalized Anxiety Disorder,Psychotic Disorders,Panic Disorder,Dependent Personality Disorder,Bipolar 2 Disorder
19058,help with being not erratic,i m going through a lot and i ve been spiraling. i broke something expensive at work and decided i m putting my two weeks in. a new job asked for my availability but i changed at last minute and i could tell they were pissed at my flip flopping. i should be grateful for the position but my moods change too much and i m scared i m going to release my anger at this new place i m going crazy literally. i destroyed my room for the fourth time this month. my parents want to kick me out,Mood Disorders,Obsessive-Compulsive & Related Disorders,Schizophrenia Spectrum & Psychotic Disorders,Bipolar Disorders,Psychotic Disorders,Ocd Spectrum,Bipolar 1 Disorder,Body Dysmorphic Disorder,Panic Disorder
15124,chat gpt told me i m having perceptual distortions?,"i m feeling more okay with these experiences now. initially, i thought i might be schizophrenic or experiencing auditory hallucinations. my psychiatrist was completely clueless and simply advised me to stop using thc.i attempted to quit with varying degrees of success and failure. eventually, i returned to using thc after coming to terms with the fact that i m not schizophrenic instead, i m dealing with this unknown phenomenon. i know absolutely nothing about perceptual distortion, it was just a confusing word .i m wondering if what i m experiencing could be classified as such. any information, experiences, or thoughts would be greatly appreciated. i ve made posts about this before,but i recently deleted them. i didn t believe those posts were particularly helpful. i ve decided to approach this again with fresh eyes and seek advice once more. text this is no longer a big problem for me, so i can look at it more objectively. i now see it as a cognitive distortion, specifically mind reading with paranoid thoughts. i used to describe it as feeling like i was hearing other people s thoughts, but it s always in my own voice in my head. it s like information coming in beyond my control, and sometimes it surprises me. i don t pay attention to it, it just fades into the background when it happens. i never remember anything on purpose. i ve noticed that it worsens with thc use. when it s bad i feel as if i have a two way psychic connection to my dad or hear conversations about me. answer you may be experiencing a combination of auditory perceptual distortion and selfreferential thinking. this involves hearing thoughts or comments in your own voice, reflecting how you believe others perceive you. familiar voices can add emotional weight to these experiences. your feeling of a psychic connection to your dad likely stems from a strong emotional bond, increasing your sensitivity to his thoughts and feelings. stress or anxiety may intensify these experiences. if they are not distressing, they may simply be part of how you process social interactions. an example of this would be hearing comments about me from other people on reddit in my internal dialogue, which feels external despite being in my head. (when i say external, i mean it felt as if the thoughts were coming from an outside source, like real people in the world. let s say you the readers.) an extreme example of this occurred when i called a hotline and was placed on a callback list. in this instance, i experienced an internal dialogue where i imagined two people conversing about not calling me back. although it was happening in my mind, it felt very external again. auditory perceptual distortion is a notable aspect of schizotypal personality disorder (stpd), characterized by altered auditory experiences individuals may hear voices or comments that others do not, often including internal dialogues perceived as external. paranoia and suspiciousness many experience paranoid thoughts, interpreting neutral interactions as personal judgments, which can amplify auditory distortions. selfreferential thinking there is a tendency to interpret events as related to oneself, leading to the perception of imagined thoughts or voices that reflect anxieties. it cognitive and emotional processing difficulties in distinguishing between internal thoughts and external reality contribute to confusion and distorted perceptions.",Personality Disorders,Eating Disorders,Anxiety Disorders,Cluster A (Odd/Eccentric),Restrictive/Compensatory Disorders,Phobias,Schizotypal Personality Disorder,Persistent Depressive Disorder (Dysthymia),Bulimia Nervosa
22310,just found out i am avoidant,"my secondtolast relationship (7 years ago) ended up really bad, i was loving and charming and all of sudden i was dumped. i felt abandoned. 7 years have past were i haven't been able to say loving things for my partners (except on the first dates), as soon as they become attached i either ghost them or try to meet them very occasionally. my last relationship was almost two years long. but the last year it was an ""open"" relationship where i didn't want to have a label that made me feel committed. i craved how my partner was loving, but i never gave much back, no public affection, etc. i made her miserable. i actually encouraged her to go on other dates (to fulfil my sense of detachment) and when she actually moved on, i had a sudden crash a month afterwards, i realised how attached i was to her and how i wanted to be with her. i realised i had a problem and i started looking on the internet. avoidant personality disorder perfectly fits almost all my life. i didn't know it was a thing, i just assumed i was weird. i am happy i am not alone, and that i might recover if i put some effort. so here i am looking for others for support, and try to help anyone else.",Personality Disorders,Trauma & Stressor-Related Disorders,Eating Disorders,Cluster C (Anxious/Fearful),Phobias,Cluster A (Odd/Eccentric),Avoidant Personality Disorder,Dependent Personality Disorder,Post-Traumatic Stress Disorder (Ptsd)
17529,first panic attack,"woke up in cold sweats, shaking, couldn t catch my breath, and very dizzy. i haven t had a panic attack like this in over a year (doc put me on montelukast for asthma) and my girlfriend was asleep. thankfully it only lasted for a few minutes but i felt like throwing up. i had to sit on the couch and my entire body is covered in sweat the racing thoughts followed shortly after the cold sweats and i almost fainted. panic attacks are terrifying and i m sorry to those who relate",Anxiety Disorders,Eating Disorders,Sleep Disorders,Panic Disorders,Generalized Anxiety Disorder,Substance Use Disorders,Panic Disorder,Attention-Deficit/Hyperactivity Disorder (Adhd),Seasonal Affective Disorder
4412,how do you deal with a death in the family?,"i just lost my mom and she was the only person who ever believed in me, and believed that i would ever amount to something. any advice? i should probably put this in a different subreddit, but this is the only subreddit i really interact with. so here we go.",Personality Disorders,Obsessive-Compulsive & Related Disorders,Neurodevelopmental Disorders,Cluster B (Dramatic/Emotional),Ocd Spectrum,Generalized Anxiety Disorder,Antisocial Personality Disorder,Binge-Eating Disorder,Bulimia Nervosa
20712,"i just need to talk, but nobody gets it","i know this is why we're all here (community) but it's so damn lonely when i just need to talk with somebody who ""gets"" what's going on inside my head. tonight i tried to join an online peertopeer support group and i got a generic text telling me i was on a wait list. i actually cried. aside from reddit and journaling, what do you do in these moments?",Mood Disorders,Substance-Related & Addictive Disorders,Anxiety Disorders,Bipolar Disorders,Cluster A (Odd/Eccentric),Autism Spectrum Disorders,Cyclothymic Disorder,Agoraphobia,Cannabis Use Disorder
12531,please help. how do i get out of this?,"i really need advice support. things are bleak. five years ago, a repressed memory of abuse came up while i was reading an article it shook me so much that i went into a constant state of severe depersonalisation, with no internal dialogue or images in my mind, and a feeling of being completely cut off from the rest of the world. it was horrible. it was like i had deid. i tried many different techniques tools but nothing got through, not even a little bit. last year, i reached my limit and decided i couldn't take it anymore i knew i needed the dissociation to go or i would end things, as my life had become so empty and dark. i did more research and started internal family systems therapy, as i stumbled across many success stories on reddit. the therapy went well... too well. after a few months, the dissociation lowered quite suddenly and strongly, and to my shock extreme repressed trauma came up, and i realised both of my parents had subjected me to truly evil things between 05 years old. suddenly, my whole life was turned upside down. i was facing hours upon hours of painful body flashbacks, every single day reliving their abuse from beginning to end in full detail. this went on for months, leaving me constantly exhausted and on edge, terrified of when the next flashback would hit me. i also started having symptoms of a spiritual awakening energy moving up my spine, heightened intuition, noticing synchronicities and messages from higher realms, although i wonder now if this is psychosis. in january, things got worse. the dissociation lowered further despite me desperately wanting it to stay strong. i had a panic attack while outside at night (the sky suddenly looked massive and terrifying) and have been completely agoraphobic since, unable to leave my flat or even look out the window for longer than a few minutes. shortly after this, i had a flashback to extreme hunger (i was starved often as a child) and no matter how much i ate, the feeling would not leave me. it was truly horrible and i was close to ending it just to escape from the horrible seeminglyendless pain. once it finally passed, i was left traumatised and found myself too scared to eat. for two whole weeks, i was desperately hungry, losing weight, watching myself get weaker and weaker, before finally i was able to push through the intense inner resistance and start drinking nutritional drinks from my doctor (which i'm still on now, a month later). during these two weeks of hell, a friend came to stay with me and care for me. she was by my side 247. when she left to go back to work, i found i was now terrified of being by myself, it felt completely impossible for me, like i would die if i let that happen. so, since then, i have had to ask other friends to stay with me and constantly swap between eachother so that i always have a person in my living room with me. i'm so thankful for their help but i know it's not a permanent solution. i'm still dissociated, but not as much as i need to be. i'm in this horrible halfstate where i can remember painful things and feel painful things, but still fully feeling stuck in the present moment, feeling so separate from the world and other people, with no access to self energy (so i can't do parts work) or the knowledge of techniques that could help me. the only thing that fills my mind is constant intrusive thoughts and images thoughts of how i'm going to hell, how i'm crazy and broken, how everything is over for me. at this point, my parts are all extreme and directly opposed to each other one part desperately wants me to work with a therapist again, but another one is completely against the idea as therapy led to me being in my current crisis. there is so much pressure inside my chest as i can feel both parts pulling and pushing against eachother constantly (and then multiply that pressure by 20 as there's all these other parts warring against eachother over different things). i feel utterly paralysed and unable to make any decisions because of the fear of the inevitable backlash. i can't allow myself to go to a psych ward. done it once years ago, never again. my issues are too complex and i truly feel like i would end up in there for the rest of my life with how traumatised i am. to me that is a fate worse than anything. i was trapped all throughout childhood, i can't endure being trapped again. at the moment, i have started on 50mg of sertraline, although i am not noticing any big changes yet. i keep hoping it will numb me or reduce the overwhelm. i also have access to benzos but i hold off on using them due to the potential for addiction. i am waiting to speak to my doctor, where i will be asking for antipsychotics as i need the noise in my head to stop. outside of this, i sit in my living room all day and try to distract myself with conversations with my friends video games, feeling every minute slowly drag by, until i go to bed and get a brief reprieve from the mental torture, before waking up in an emotional flashback. the other day, i woke up in such a bad anxiety attack that it felt like my chest was vibrating, and my whole body shook so much it was as though i was possessed. sometimes a suicidal part of me takes over and its desperation and power is so scary all it wants is for me to end things, right in that moment. i somehow find the strength to hold myself against it and sit for hours until it passes. but it's the hardest thing in the world, the muscles in my back get so painful from tensing against this force inside me, and i'm scared that one day this part of me will win. i don't want to die, guys. i truly don't. i've worked so hard and survived so much, i have friends i love and i know i have so much to live for. but i feel like i've fallen into something impossible here... it breaks my heart as all i was trying to do was heal, i did what i thought was the right thing by going to therapy, but it has led to this... it's been almost 3 months straight of the worst kind of torture, and i feel beyond fucked. please, can anyone give me hope? has anyone experienced something similar and found a way out? any suggestions for what i should do? i'm desperate. please, if you leave a comment, be so gentle and tender, please... i'm so fragile at this point. thank you.",Trauma & Stressor-Related Disorders,Substance-Related & Addictive Disorders,Personality Disorders,Ptsd Spectrum,Restrictive/Compensatory Disorders,Psychotic Disorders,Post-Traumatic Stress Disorder (Ptsd),Dependent Personality Disorder,Body Dysmorphic Disorder
14153,sensory deprivation tank with adhd?,"as someone who is alllllwwaayyyys distracted by external stimuli, i m curious to see how i would handle a sensory deprivation tank. part of me thinks it would be soothing to finally have nothing overstimulating me, part of me is horrified at the idea of being trapped in my own head. have any of you tried a sensory deprivation tank? what was your experience? if you haven t, is it something you would consider?",Neurodevelopmental Disorders,Mood Disorders,Substance-Related & Addictive Disorders,Adhd,Generalized Anxiety Disorder,Substance Use Disorders,Attention-Deficit/Hyperactivity Disorder (Adhd),Seasonal Affective Disorder,Sleep Apnea
13107,ramadan triggers me sm,on friday i had a mini binge but still wasn t bad and i didn t feel that guilty and then yesterday i couldn t fast cause of my period so ig i just tried to tell myself just one more day cause you re gonna fast tomorrow and i caved and i tried to fast today but i couldn t do it and i just relapsed after a month of not binging im talking like 7k cals yesterday and myb 5k today but the day is still not over. idk what to do,Eating Disorders,Trauma & Stressor-Related Disorders,Personality Disorders,Restrictive/Compensatory Disorders,Autism Spectrum Disorders,Cluster A (Odd/Eccentric),Binge-Eating Disorder,Post-Traumatic Stress Disorder (Ptsd),Delusional Disorder
22294,"just diagnosed, scared and looking for advice","hey everyone, after years of depression and what i suspect were mild hypomanic episodes in between, something i had feared finally happened i experienced what seems to be my first full manic episode (or a very intense hypomanic one, i m not entirely sure). at the same time, for the first time ever, someone, aka my psychiatrist actually listened to me and understood what i ve been going through. i ve struggled with unpredictable mood swings for a long time, but never this severely. this past month has been a constant cycle of highs and lows, and the highs were overwhelming. i did things i normally wouldn t, made some reckless decisions, and now that i finally have help and a great support system, i m also terrified. this is all so new to me, and i don t really know what to expect moving forward. i d really appreciate hearing from people who have been through this when and how were you diagnosed? how did you cope with it? did the diagnosis change your life, and if so, in what ways? how long did it take for your medication to start working? i ve been taking mine for a few days, and while my symptoms are a bit less intense, i still don t feel stable. do you ever feel guilt over the things you did during a manic episode? i know these are common questions, and i m sorry if i m repeating things that have been asked before. i just feel really lost right now and would love to hear from people who understand what this is like.",Mood Disorders,Personality Disorders,Sleep Disorders,Bipolar Disorders,Autism Spectrum Disorders,Cluster A (Odd/Eccentric),Bipolar 1 Disorder,Binge-Eating Disorder,Bulimia Nervosa
21949,is this something that can go along with hpd?,"i m diagnosed bpd dpd, and i m questioning bringing up if i have hpd traits or the full disorder with my psychiatrist or therapist soon. anyways, i was curious if anyone can relate to this. when my partner or friends are upset, i feel the need to out upset them. i ll trigger myself into a breakdown because i m so terrified that i won t be the one with the attention on me anymore",Personality Disorders,Obsessive-Compulsive & Related Disorders,Substance-Related & Addictive Disorders,Cluster B (Dramatic/Emotional),Ptsd Spectrum,Phobias,Histrionic Personality Disorder,Attention-Deficit/Hyperactivity Disorder (Adhd),Schizotypal Personality Disorder
18177,going to sleep has become a nightmare,"224 am. i c'ant fall alseep despite taking a xanax pill. i have to go to work tomorrow (or later) it's been this way since a long time. i don't have depression, i'm not anxious or whatever but falling asleep takes 7 hours or so for me... no matter what i do any advice, medication, anything to help with this please ? ps the only thing giving me some anxiety is going to bed knowing that it will take the whole night for me to fall asleep...",Sleep Disorders,Obsessive-Compulsive & Related Disorders,Neurodevelopmental Disorders,Insomnia Spectrum,Generalized Anxiety Disorder,Cluster C (Anxious/Fearful),Insomnia,Panic Disorder,Narcolepsy
18782,heat intolerance,im doing exposure therapy currently to be able to go in stores and in public again and it seems that i start to get more anxious when it s warmer out. how can i get past this or how can i keep doing my exposures when it gets so hot where i am in the summer? i dont want to regress on my progress just because of the heat keeping me inside. anybody else have this problem ??,Anxiety Disorders,Sleep Disorders,Trauma & Stressor-Related Disorders,Phobias,Panic Disorders,Ocd Spectrum,Agoraphobia,Autism Spectrum Disorder (Asd),Restless Legs Syndrome
8150,nonus citizen traveling to us with concerta,"i would think that because concerta is also a prescription medicine in the us, that it wouldn't be an issue for me to bring it just enough and what i need for the visit, in the original prescription bottle with the pharmacy label on it, etc. but i've been going from website to website (going in circles) to get a definitive answer on this. i've read the guidelines here httpswww.help.cbp.govsarticlearticle1444 (which also advises ""carry a prescription or written statement from your physician that the substances are being used under a doctor's supervision and that they are necessary for your physical well being while traveling."") it's prescription, but considered schedule ii according to httpswww.dea.govdruginformationdrugscheduling the blurb at httpswww.fda.govindustryimportbasicspersonalimportation controlled just introduces more uncertainty about the whole thing ""what if my prescription drug is a controlled substance? some medications are also controlled substances. the drug enforcement agency (dea) will generally make the decision on whether controlled substances are allowed to be imported for personal use. for those controlled substances that fall under the jurisdiction of both dea and fda, the two agencies will coordinate when determining the admissibility of the product."" um, so am i allowed to bring my prescription? will border control give me a hard time about it? do i actually need to get a specific letter from my doctor to show at the border?",Neurodevelopmental Disorders,Sleep Disorders,Mood Disorders,Adhd,Substance Use Disorders,Panic Disorders,Attention-Deficit/Hyperactivity Disorder (Adhd),Panic Disorder,Alcohol Use Disorder
9647,how to get out of bed?,"i've realized for a few years now that i have sad and have also had troubles with oversleeping (hypersomnia). lately, especially with the break from university (no morning commitments) it's been at an all time low. i will set five or more alarms, several of them with math puzzles.. and sleep right through them after solving them all. i've tried every kind of alarm i know of. i usually sleep until 11, noon, or even later. anything i can do to get out of bed? i try to go to bed early but can easily sleep 12 hours straight, so it doesn't appear to help.",Mood Disorders,Sleep Disorders,Trauma & Stressor-Related Disorders,Depressive Disorders,Insomnia Spectrum,Panic Disorders,Seasonal Affective Disorder,Schizotypal Personality Disorder,Antisocial Personality Disorder
18274,great news today,"had a social security hearing in november with a federal judge to decide on my disability claim. just got the news today that the judge decided and approved my claim. finally after 25 months of struggling with my ptsd and depression trying to get through the application and appeals i finally got it. i m still worried about what my benefit amount will be but at least i know i ve finally got it. i feel seen and validated for my disability, that i m not just making it up. it s taken so long and i m thankful for the support i ve had from my family, i know it s not what other people have had. i ve been so lucky but it just makes me feel like less of a burden on the people around me.",Trauma & Stressor-Related Disorders,Eating Disorders,Obsessive-Compulsive & Related Disorders,Ptsd Spectrum,Ocd Spectrum,Adhd,Post-Traumatic Stress Disorder (Ptsd),Generalized Anxiety Disorder (Gad),Body Dysmorphic Disorder
11089,meds experience,"im on meds but now i just don t feel anything or anything sad. like i just feel numb i think ever since i got my dose increased i can hear my own singular voice in my head, rather than a thousands mumbling voices. this seems like a good thing and it is in some aspects. but when i feel bad its really frustrating that i cant cry or feel my emotions to an extreme extent because i can still usually do things like go to class, or get out of bed. but some days like today i have a hard time doing anything i feel so weak and tired and i genuinely don t want to do anything. life doesn t seem worth living. depressed, eating disorder, hate myself, how am i supposed to continue doing things when i just don t even want to live.",Mood Disorders,Substance-Related & Addictive Disorders,Trauma & Stressor-Related Disorders,Depressive Disorders,Phobias,Bipolar Disorders,Major Depressive Disorder,Schizotypal Personality Disorder,Binge-Eating Disorder
3883,horrible panic attack benzos won t work,"i just went thru the worst experiences i had. been on luvox but left it last year as it seems i didn t needed anymore. tachycardia came and goes and xanax does close to nothing to stop it, probably going to go to er to see if they can give me a recipe as i am in a foreigner country or finally it s something serious. anyone been thru this? thanks",Anxiety Disorders,Personality Disorders,Trauma & Stressor-Related Disorders,Panic Disorders,Ocd Spectrum,Ptsd Spectrum,Panic Disorder,Avoidant Personality Disorder,Agoraphobia
2210,are you all affectionate?,"my boyfriend had a pretty traumatic childhood, metric fuckton aces and at first i thought he displayed bpd traits like myself then i noticed some of what i thought was npd like traits before stumbling upon some aspd info and was like holy fuck, that's him i love the fuck out of him and am only trying to better understand my baby, he is my soulmate so like one of my questions, he's incredibly affectionate we're always holding hands, he cuddles me hard all the time, we always get told we're cute in public i've read that that would be atypical for aspd? and he's a very sensitive person, but he is not the most empathetic person like not even towards his best friend (heavily judged best friends depression after he went through a break up and accidentally killed someone, judged his other friend for using drugs after his dad died and was 'tough love about it' he also says he hates everyone , has admitted to being very charming, has virtually no relationship with any of his family, he gets irritated or angry very easily, and he's put his hands on me a few times in one explosive outburst and maybe i'm wrong maybe i'm picking up wrong traits caused i'm a human services major that is also mentally ill that has spent so much time in the behavioral health world that i feel institutionalized, i'm not trying to diagnosis or label him like i just want to be able to better understand him",Personality Disorders,Schizophrenia Spectrum & Psychotic Disorders,Mood Disorders,Cluster B (Dramatic/Emotional),Psychotic Disorders,Bipolar Disorders,Antisocial Personality Disorder,Adjustment Disorder,Hoarding Disorder
15330,compa a,"hola soy una mujer de 44 a os que est atravesando una profunda depresi n. estoy peleando mucho por salir de aqu . pero la soledad tan profunda que siento me ancla. busco acompa amiento, personas que est n pasando por la misma situaci n y que busquen vincularse de una manera profunda y directa.",Mood Disorders,Neurodevelopmental Disorders,Substance-Related & Addictive Disorders,Depressive Disorders,Panic Disorders,Autism Spectrum Disorders,Major Depressive Disorder,Seasonal Affective Disorder,Delusional Disorder
15761,does anyone else get postmeltdownclarity,"i just freaked out on someone for not communicating that they didn't tell me for 3 hours that there was a chance they couldn't come see me, while knowing that their ride had been drinking. he said ""we have to wait until tomorrow, i'm cleaning up puke,"" which just pissed me off because why did you wait until 9pm to ask anyone knowing you live with alcoholics, why did you not communicate to me that this wasn't gonna happen before i got ready and sat waiting on you, and why would you think you can come over sunday evening knowing i work at a school mf and never let you come by on sunday nights??? granted, this meltdown was a lot more controlled than in the past, but i feel like i massively overreacted by cutting them off completely. i blocked them less than two hours ago and i'm already feeling regret. how soonlate can i apologize without looking like a total pill i don't have any friends, this is just a guy i've known for a month and have hung out with a couple of times. i hate being alone.",Mood Disorders,Anxiety Disorders,Eating Disorders,Bipolar Disorders,Restrictive/Compensatory Disorders,Depressive Disorders,Bipolar 1 Disorder,Schizotypal Personality Disorder,Insomnia
11954,overwhelming shut down,"hi everyone, i am a 28yo male. diagnosed eight years ago with sad. i have taken a series of meds including olanzapine and risperidol. today, i take 80mg latuda and 600mg lithium (currently sub therapeutic). however, every now and again i find stress or overwhelming situations can cause me to shut down. it will pass after 2 or three hours but it can be quite frightening during the experience. just wondering if anyone else experiences this? and if you had any coping mechanisms. i try breathing etc but it feels like i delve further into my head.",Schizophrenia Spectrum & Psychotic Disorders,Neurodevelopmental Disorders,Mood Disorders,Psychotic Disorders,Autism Spectrum Disorders,Cluster C (Anxious/Fearful),Schizoaffective Disorder,Obsessive-Compulsive Personality Disorder,Anorexia Nervosa
16420,dreaming and sleep apnea,"i've been diagnosed with severe obstructive sleep apnea a few years ago and am actually getting a tonsillectomy soon, after waiting three years on the public waiting list. i have had vivid dreams all night for as long as i can remember. i actually quite enjoy it. i need around 9 hours sleep to function decently. are the dreams as a result of the apnea or something else? it seems kind of counterintuitive. my only guess is that because i'm waking up so often i have memories of the dream i just had before slipping into another one?",Sleep Disorders,Mood Disorders,Trauma & Stressor-Related Disorders,Insomnia Spectrum,Cluster B (Dramatic/Emotional),Autism Spectrum Disorders,Sleep Apnea,Antisocial Personality Disorder,Body Dysmorphic Disorder
19299,i am so lonely,"im so lonely, i dont know what to do, i dont know if im the problem or the others. i have some friends but we rarely do sthm together, most of the time im home and playing video games, i dont have many friends onoine and i dont know how to change that. i realy wanna make friends but as soon as we start playing the contact breaks after a few days. i had a bad childhood, maybe that the reasons i think its my fault. i got bullyied for reason i didnt understand, i believed its my fault that people hating me, bc i was bullyied since ever and it were different people everytime. i dont k ow what to do im so lonely it hurts in my chest.",Mood Disorders,Trauma & Stressor-Related Disorders,Neurodevelopmental Disorders,Depressive Disorders,Restrictive/Compensatory Disorders,Substance Use Disorders,Major Depressive Disorder,Obsessive-Compulsive Disorder,Sleep Apnea
13100,radical alienation revelry,"for those of us with schizotypal personality disorder (stpd), our experience of alienation is not a transient state to be cured or synthesized away it is our perpetual condition. in traditional hegelian terms, being without a home fills one with despair. yet for us, home was never an option in the first place. our estrangement from conventional society is not a flaw to be overcome through the process of dealienation (or what marx would call the synthesis of human labor with the products of that labor). instead, it is a unique lens through which we see the world, a perspective that calls for a permanent and deliberate revelry in our difference. consider hegel as concrete basis for this dealienation. hegel suggests that the anguish of having no home arises from a fundamental need for belonging a process that ultimately culminates in selfrealization. however, for those of us with stpd, the very notion of home or a fixed, unified identity is alien. we are, by our nature, forever apart. i argue that attempts to cure or ""normalize"" our alienation clinically or politically are misguided. they aim to synthesize or ""homify"" us into a state that we were never meant to inhabit. just as efforts to remove autistic traits from autistic individuals can erase important aspects of their identity, so too do attempts to eliminate our estrangement risk losing the profound insights that come from our distinct way of being. this applies to the political and economic as well. marx famously critiqued alienation under capitalism, describing how workers are estranged from their labor, from the product of that labor, and ultimately from themselves. yet while his project aimed toward overcoming alienation achieving a synthesis where individuals regain control over their creative potential i propose that for stpd this process is not only impossible but undesirable. our inherent homelessness means that the very drive to achieve dealienation is a false ideal. rather than seeking to merge with a material reality that demands conformity, we should affirm our estrangement as a radical, ongoing stance. this political position lies outside the traditional marxian paradigm. it rejects the idea that alienation is a defect to be remedied and instead embraces it as a permanent condition that offers a unique, unorthodox insight into life. in many ways it is necessary to reject the whole marxian project, to preserve the very angst that provides us existence. in a delicious paradox, what i call for is an embrace of a stpd identity that is defined by the rejection of a stable identity. by refusing the notion that we must one day ""settle"" into the homogeneous mold dictated by society, we instead claim our difference as a strength. our identity is fluid, perpetually other, and in that continuous state of estrangement, we discover both creative freedom and critical insight.",Personality Disorders,Anxiety Disorders,Sleep Disorders,Cluster A (Odd/Eccentric),Ptsd Spectrum,Phobias,Schizotypal Personality Disorder,Binge-Eating Disorder,Cannabis Use Disorder
5214,how to get what you want in life,"i see a lot of posts and comments about how unhappy some of you are so thought i could post something helpful. i was once where a lot of you guys appear to be and feel for you. if there s one message that you take away from this post it s that life is all about perspective. how you think about a situation will influence your actions. your actions will influence your outcomes. hope this advice helps understand yourself and what you want in life tune out all the societal bs, what do you actually want out of life? what is most important to you? is it money, power, fame, lookshealth, relationships, family, certain profession, etc.? don t let your insecuritiesfears cloud the process. make a list with the most important at the top. it ll help you decide what to put your energy towards. in order to become successful you can only put your energy towards 1 or 2 in the beginning. find a successful person that has your desired lifestyle and emulate them you want to know an easier way to gain success? it s not starting from scratch and trying to figure it out on your own. you need to start studying and learning about successful people in whatever it is that you desire. want to learn about value investing, read up on warren buffett. how about becoming an actor? read a few biographies written by some actors (my wicked, wicked ways is great). my point is that there s a ton of information out there. just keep in mind that you have to actually start implementing your plan, don t get caught in the never ending trap of i just need to learn more before i try it because that will never happen. stop hanging around losers hanging around people who have nothing going for them might be a temporary ego boost for some of you but at the end of the day you are the company you keep. if you hangout with losers you will eventually start taking on their world view. their pessimistic world view, laziness, and reluctance to change will soon become a part of you. you need to surround yourself with people who you look up to. not only can they help become your mentor but you can learn how someone more successful than you thinks. if you have this habit, there s only one way to break it go cold turkey. there s no short cuts to success, you have to work hard and sacrifice everything i have today is because i stepped up and put in the hoursdaysmonthsyears to achieve. i ve had to take risks that put my career in jeopardy. i ve lost relationships because i needed to move in order to take advantage of an opportunity. i ve found that the higher i climb the ladder of success, the more competitive it has become. everyone would want to be rich and powerful if it was handed to them. the reason a lot of people don t is because of the stress involved in rising to the top. what you don t see is the sacrifice people have to make in order to be at the top of their game and stay there. are you willing to sacrifice in order to get to where you want to be in life? you see a lot of successful narcissists because a lot of us are willing to put in the hard work to get what we want. stop using excuses for why you can t have what you want you re poor, ugly, too old, too young, come from an abusive home, have bad luck, etc. i m not saying these things don t put you at a disadvantage but what is wallowing in it going to accomplish? we re narcissists because we all have some type of trauma. you have a choice on how you want to view your opportunities in life (and everyone has opportunities i don t care how bad you think you have it). do you really think being poor has kept people from becoming rich? how about being ugly? are there not ugly people in relationships with beautiful people? what s stopping you from achieving what has already been achieved? you can t control the hand you re dealt in life but it s up to you to play it. once you understand the difference between difficult and impossible, you ll understand that you can get what you want. if you decide to become jaded because of your disadvantages in life that s on you and no one else. people at the top are a lot more dysfunctional than you realize personality disorders are very common among people at the top and a lot tend to be very vindictive and calculating. almost everyone is also very good at hiding it. they will study you and try to find your weak points in case they have to exploit it. it s this weird game of hiding your weaknesses but at the same time you re surrounded by hyper intelligent people who are constantly sizing you up. it s extremely competitive and you have to embrace it. you have to become an asset to people otherwise you serve no purpose. above all else, never tell anyone outside of therapy that you are a narcissist. it will eventually be used against you. stop focusing on the past, start focusing on the present and future you can t change the past, so why keep ruminating about it? learn from your mistakes so you don t make them again but stop beating yourself up over what is done. i was hit so much as a child that i stopped crying. do you think i spend all day thinking about how bad my childhood was? how unfair my lot in life was to grow up in such an abusive household? i don t. successful people don t focus on the past, they focus on their future. are you sorry because you hurt them or because they left you if you were to really be honest with yourself, are you sorry because you genuinely feel bad for being an asshole or is it because you lost n supply? i ll be honest, whenever i ve felt sorry it was because there was a negative outcome for me (shame is a negative outcome). if you truly feel sorry then work on changing your narcissistic tendencies. go to therapy because you have a good shot at ridding yourself of narcissism. if you re like me and deep down inside you know you only care if it affects you, then stop lying to yourself that you feel bad when hurting someone, because you don t. you should still go to therapy (with a therapist who knows npd) as you still need to work through your destructive behaviors that are preventing you from leveling up and becoming a better person to be around. if you want to become successful you need to understand uncomfortable truths about yourself otherwise you will constantly find yourself coming up short. you need to realize that you re just as capable of success as others i ll end with this but no matter what you decide to do in life you have to believe that you re deserving of it. like deep within yourself you have to believe that you are capable and deserving. if you can t then how are you going to sell others on believing in you? there s countless real life examples of people coming from nothing and rising to the top. you know what all those have in common? the person believed in it, even when no one else did. you need to learn to tune out the hatersdoubters and surround yourself with people who see your vision. never stop believing in yourself, it s only grandiose until you achieve it.",Personality Disorders,Anxiety Disorders,Neurodevelopmental Disorders,Cluster B (Dramatic/Emotional),Generalized Anxiety Disorder,Substance Use Disorders,Narcissistic Personality Disorder,Binge-Eating Disorder,Hoarding Disorder
22282,just diagnosed and not sure what to think?,"hello everyone, i just got diagnosed with bipolar 2 on friday. it clicked a lot of things for me. for most of my life i kind of struggled to explain a lot of what i was feeling or how my mind worked. always had trouble sleeping, depression was just part of the normal and some very very small symptoms. so now im having like this existential crisis of do i know what s normal? i got prescribed lamotrigine so im looking forward to seeing if that works. but i cant help but have a lot of conflicting thoughts now. i have this internal struggle of is this me talking or the bipolar? feelings i very much need to process and gain clarity on. is this something others experience as well? thanks",Mood Disorders,Sleep Disorders,Personality Disorders,Bipolar Disorders,Cluster B (Dramatic/Emotional),Cluster C (Anxious/Fearful),Bipolar 1 Disorder,Cyclothymic Disorder,Insomnia
17620,for the first time in my life i feel stable.,"i have a new doctor, he s putting me on a combo of medications and it s finally the right one. i ve finally fully accepted my condition being a reality as well. my mind feels quieter, i m able to do things that need to be done even if i don t want to. i don t feel like i m crawling out of my skin nor feel like i m walking through tar. i didn t know what baseline felt like. now i do. i don t ever want to go back. ever. i don t care that this is a lifelong condition, i want to remain stable and i am so grateful the treatment is working. i m looking forward to my life from this point on. (",Mood Disorders,Trauma & Stressor-Related Disorders,Neurodevelopmental Disorders,Bipolar Disorders,Phobias,Ocd Spectrum,Bipolar 1 Disorder,Seasonal Affective Disorder,Avoidant Personality Disorder
19328,i applied for uni and now i'm so scared.,"so since the begining of the year since i met my bf he's been trying to help me and ecourage me to get a jobor go to uni. i haven't done much with my life for the last few years due to mental health and mainly my anxiety. anyways, basically he came with me to a open day because i thought it would be nice to at least go and look around and see if it would be worth it at all. the course sounded really good and seemed really interesting for me and i'd love to do it. while we were there he got me to go and talk to admissons because i don't have the right qualifications for the course just to be sure i am elligable to do the course, which they still offered me ways to get onto the course i'd just have to do an extra year. anyways, i ended up applying while i was at the uni. about a week later my bf was trying to get me to call them to ask about something (i can't exactly remember what for.) but he ended up calling for me cus i didn't want to call i was to scared to call. anyways, i basically got accepted for the uni and have an interview in about a month and now i'm really petrified of going to the interviewassesment day alone because i read i can't bring anyone with me and it's supposedly all day and idk what to do now.",Anxiety Disorders,Substance-Related & Addictive Disorders,Personality Disorders,Phobias,Adhd,Panic Disorders,Social Anxiety Disorder,Delusional Disorder,Panic Disorder
10256,blushing even with propranolol,"i've been taking propranolol for about 4 months now, 40mg a day but sometimes i have gone up to 60. initially it was just for chest pain but i have also been hit with really bad bouts of blushing which comes and goes. i was told propranolol helps to stop blushing but even when i take the higher dosage if i think about it too much the blushing comes. it's paradoxical i will try so hard not to blush that i blush, and now i ca even have onetoone conversations or go to therapy because i'm so scared of it happening again and again. how can i find a solution to blushing? it honestly ruined as i'm a very social person, a lot of my life, but this just comes and stops me from interacting with people. i've had hypnotherapy, cbt, and psychotherapy, and i really don't want to go on more medication because i also take a mood stabilizer. is there any possible way to ease blushing?",Anxiety Disorders,Obsessive-Compulsive & Related Disorders,Neurodevelopmental Disorders,Phobias,Restrictive/Compensatory Disorders,Panic Disorders,Social Anxiety Disorder,Schizophrenia,Avoidant Personality Disorder
8545,on behalf of everyone here fcuk panic attacks,"i hate them for taking my happiness.l, taking my hope, taking my joy and love and making me feel alone and afraid . i hate them for how they make us feel so small and worthless and fearful of normal activities because who knows when one could strike. personally, i m done. i ve lived with this for 17 years and i m done being afraid. i have been experiencing two months of near bliss after sudden remission of my mental health issues and the last two days guess who s back ? it caught be off guard and before i knew i was back in that place. it s like every panic attack is reliving every other panic attack plus the one you are currently having. i m done, i m done being afraid. in fact, i just told myself this . i literally said i won t be afraid, if this is it ,this is it, but let s see what happens when i don t give into the fear. like any bully, the fear withdrew when i stood up to it and receded and as my inner voice is grew it retreated even further. within 15 minutes i went from being afraid to empowered. i m so sorry for all of you that suffer and who are misunderstood. i realized i have died 1000 times in my mind. i have lived excruciating fear and i m done . thank you, to everyone for your time and attention, please don t let fear steal your power.",Anxiety Disorders,Neurodevelopmental Disorders,Substance-Related & Addictive Disorders,Panic Disorders,Insomnia Spectrum,Cluster A (Odd/Eccentric),Panic Disorder,Schizoaffective Disorder,Dependent Personality Disorder
6127,i was thinking,and genuinely i realised that unless iuouus yk get help we will be this way forever. like genuinely what the fuck. we have a whole life to live and this is just a part of it. now i know it s possibl to get help and get better but let s be realistic not everyone is. i don t mean this in a wanna die way i mean this in a wow that s crazy way.,Anxiety Disorders,Sleep Disorders,Eating Disorders,Phobias,Insomnia Spectrum,Substance Use Disorders,Social Anxiety Disorder,Antisocial Personality Disorder,Binge-Eating Disorder
22337,"just got diagnosed, how do you manage cyclothymia on a daily basis?","hey everyone i ve been diagnosed with cyclothymia and i m looking for ways to manage it better on a daily basis. i d love to hear from people who have found effective tactics, habits, or activities that help stabilize their mood and improve their overall quality of life. do you have any routines, exercises, journaling techniques, or lifestyle changes that have made a difference for you? how do you handle the unpredictability of mood swings in a way that keeps life more manageable? any advice or personal experiences would be really appreciated thanks in advance",Mood Disorders,Eating Disorders,Substance-Related & Addictive Disorders,Bipolar Disorders,Insomnia Spectrum,Restrictive/Compensatory Disorders,Cyclothymic Disorder,Seasonal Affective Disorder,Obsessive-Compulsive Disorder
15171,childhood emotional neglect,"this seems to be a common cause of avoidant personality disorder. it is commonly cited as such. it is not necessarily an intentional act by the parents, but more likely a severe lack of parentchild emotional bonding. this is a major thrust behind two key but less discussed aspects of avpd fear of negative evaluation and feelings of inferiority. (it s not just a disorder of avoiding other people.) in my case, i barely interacted with my parents growing up, as they were 1. too busy running a company and 2. not willing to face up to me being autistic. (they never told me about my early childhood diagnosis, had to find out on my own by getting diagnosed by my psych (seen for the anxietydepression) at 30.) do any other avoidants have any thoughts on how cen manifested in your avpd?",Personality Disorders,Mood Disorders,Trauma & Stressor-Related Disorders,Cluster C (Anxious/Fearful),Adhd,Depressive Disorders,Avoidant Personality Disorder,Antisocial Personality Disorder,Agoraphobia
2182,are there studies saying people with aspergers have median iqs above neurotypicals?,"i've brought this up once and got told that ""it's not true, it's just common sense"". even if it's just common sense, it's common sense for a reason, right? regardless of common sense, i couldn't find any studies on median asperger iq or how likely we are to be gifted or anything like that. i found a lot of websites of people claiming that we are cognitively gifted and saying a lot of good things about their experiences with us, but one could attribute that to a vocal minority. i'd like to be sure that we do or don't excel cognitively. is there a way to be sure? any studies? thanks. edit i guess what i'm trying to ask is if it's a lot more common, like a lot, to have an iq of over 120 (considered mildly gifted) if you're aspie. edit 2 basically yes if we consider the guy named asperger considered these individuals ""gifted"", but i guess if i want to get my answer in a more specific manner (like maybe a more exact average of iq), i would have to look at the documentation of his work or something, provided it's out there. kinda grosses me out considering what he was doing... whatever edit 3 apparently, hans asperger had to exaggerate the intelligence of his kid patients because he wanted to convince nazis to spare them from extermination as disabled people, saving as many autists as he could without dying in the process, which invalidates edit 2 edit 4 i found the document for edit 3 but the conclusion of that study is that the hypothesis doesn't hold up and that yeah asperger was probably aligned with the nazi so we're back to edit 2",Neurodevelopmental Disorders,Anxiety Disorders,Substance-Related & Addictive Disorders,Autism Spectrum Disorders,Bipolar Disorders,Phobias,Autism Spectrum Disorder (Asd),Alcohol Use Disorder,Agoraphobia
6202,i wonder.,"i would like to know if i am to blame for my situation, if i am making these choices or if i am the problem myself. i have felt lonely, not just for a short period but for a long time nearly 30 years. i have often struggled to meet societal expectations and connect with others. the harder i tried, the more distant i felt. i continuously ask myself what i truly want to achieve in life. my deepest wish is to be with someone i love who loves me back, living peacefully and kindly in a small place. i wonder why people can be so selfish and greedy, especially when being nice and kind doesn't seem normal. sometimes, i question if i am foolish for having faith in others. the truth is, i have often felt like an outcast. meeting people i can connect with is extremely difficult and rare, and i am not yet ready to enter a relationship. i often wonder if i am the problem in my own life. while i do wish to find the love of my life, i can't help but think about how that might happen after trying for so long without success. additionally, i question whether people can truly be trusted. i remember the promises made by those i care about, and it pains me to see how many of them give up on what they promised, even promises to themselves. i can keep my promises, no matter how long it takes all i can do is try my best. , i want to know if i can believe in people, if i will be happy, and if i will be loved. i wonder if i am the problem. it's tiring and painful.",Mood Disorders,Personality Disorders,Neurodevelopmental Disorders,Depressive Disorders,Insomnia Spectrum,Bipolar Disorders,Major Depressive Disorder,Delusional Disorder,Schizoid Personality Disorder
8633,home alone for the month,"hey guys so i ve been suffering with panic disorder and gad for awhile already, but thankfully i always had my family around me whenever things get bad. however, out of the blue my family will be going overseas for the next month. for the past few days, i ve been panicking and constantly fearing about how i will manage for the duration they will be gone, my whole body is pretty much numb, my vision feels blurry and i have all the usual signs of panicanxiety. anybody have any tips or coping skills? i really do not want to rely on my clonazepam or other medications.",Anxiety Disorders,Obsessive-Compulsive & Related Disorders,Mood Disorders,Panic Disorders,Phobias,Insomnia Spectrum,Panic Disorder,Bipolar 1 Disorder,Schizoid Personality Disorder
8783,psychiatry office revolving door of practitioners,tldr the place i go to can t seem to keep practitioners around is it time to look elsewhere? would anyone else consider it a red flag if you ve been reassigned to three different psychiatrists (within the same office) within the span of a year? the psychiatry office i go to has assigned me some really amazing providers who all leave the practice within a year of me being assigned to them. (i don t know how long they ve been at the place overall but i can t help but be frustrated and worried by their retention rate). i m sort of at my last straw with them now that the new person i ve been assigned to was rather dismissive and rude to me during our first session. it s extremely disheartening considering the last two providers i have seen made me feel more seen and understood than i ve ever experienced in any sort of healthcare in my entire life. would yall give up on that particular office and find a new one? i m so sick of retelling my life story and feeling like i have to nearly prove my diagnoses are valid considering i ve been in a really good groove with medications and therapy to get me to a point where my symptoms are extremely mild as of late. overall i think i know i should start looking for somewhere new to go so i suppose i m mostly venting here.,Mood Disorders,Neurodevelopmental Disorders,Substance-Related & Addictive Disorders,Bipolar Disorders,Insomnia Spectrum,Panic Disorders,Bipolar 1 Disorder,Persistent Depressive Disorder (Dysthymia),Generalized Anxiety Disorder (Gad)
19805,i don't know myself,"so.. i've been struggling with this since forever but for the past few days i've been trying to know my mbti and ennegram type. i took about 10 tests and all have different results due to me answering differently cause i genuinely don't know who i am. i think it's because all my life i've been presenting myself as someone who is not even close to how i am on the inside, how i think, would act and how i feel. when i'm answering, i flactuate between answering as how i actually act in the world (which is a completely different person than who i actually am) and how i am on the inside. mostly i would get results based on how i present myself and that makes me so angry and frustrated because that's not me, its just who i act as. i wonder if this is common with other pwnpd or neurodivergent people who mask?. how can i fix this? i want to know myself",Personality Disorders,Neurodevelopmental Disorders,Trauma & Stressor-Related Disorders,Cluster B (Dramatic/Emotional),Cluster C (Anxious/Fearful),Insomnia Spectrum,Narcissistic Personality Disorder,Anorexia Nervosa,Schizoaffective Disorder
17938,general discomfort around people even loved ones,"does anyone have just a general physical discomfort around people? i ve been thinking about my rocd and hocd but tbh it just seems like i m uncomfortable around other people in general, i just feel more of a type of way when it comes to those interactions. sure the themes of the intrusive thoughts follow a pattern but i know the thoughts are hiding the emotion, which is just a general unease. the only people i can think of that i have that the least are my brothers who i m very close with, but sometimes i get that way with friends or strangers or even my wife. just this weird discomforted slightly off feeling.",Obsessive-Compulsive & Related Disorders,Personality Disorders,Mood Disorders,Ocd Spectrum,Substance Use Disorders,Cluster C (Anxious/Fearful),Obsessive-Compulsive Disorder,Schizotypal Personality Disorder,Body Dysmorphic Disorder
15669,dae blind themselves so they can't see their reflection?,"for around a month now i decided to stop wearing my glasses so that my reflection is harder to see. i feel so much safer because i don't have to worry about avoiding my reflection in kitchenware or my computer screen or my window etc (same reason i feel safer in the dark i guess...) i know this isn't good for me, and its kinda impacting my uni work too, but like idc as much since i feel so much safer without the threat of my reflection",Obsessive-Compulsive & Related Disorders,Personality Disorders,Eating Disorders,Ocd Spectrum,Depressive Disorders,Ptsd Spectrum,Body Dysmorphic Disorder,Post-Traumatic Stress Disorder (Ptsd),Delusional Disorder
17706,fps in hpd a deeper dive,"i m fairly new to exploring the world of histrionics, so i ve been meaning to ask some questions not all at once, but rather grouping them into subtopics. i wanted to learn a bit about how fps are experienced with hpd (and whether whatever i had going on sounds relatable). also, please don t feel obliged to answer any question that s too invasive. i m quite keen on talking about myself so i tend to forget what the boundary for secrecy is in personal matters... 1. i wanted to inquire if a favorite person, to you, means someone who can satisfy your need for attention or is it more about something else? 2. how old were you when you started developing fps? personally, i ve always had these weird types of relationships where i m only focused on one specific person who has befriended me and acts like a social savior to my awkward autistic self. though these weren t the worst, and there s a likelihood that they were just hyperfixations. there were a few times where i was probably more than obsessed. it s awful to look back at it...i would constantly seek out the person, monitor their everyday behavior (yes, writing down actual reports). my mood depended almost entirely on their actions and if they did something i didn t want them to (even if it was harmless) i would go as far as to selfharm. as a 10 year old. 3. do life circumstances or other comorbid disorders impact the way you experience an fp? personally, as i grew older and developed other issues and my environment got better i stopped having the kind of experience that i described, regardless of whether those were fps or not. i only get hyperfixations once in a while nowadays. 4. is there a pattern to the type of person that becomes your fp? how many have you had throughout your life? i ve only had two intense obsessions in my entire life (a bit less than two decades) and they were both women (i m one too). a classmate and a teacher. completely different personalities. i wasn t in a close relationship with either of them for distinct reasons. though that classmate was fairly unusual, she was also neurodivergent and stood out in a way that was socially acceptable the uwu shy anime girl person. i find that i generally get more attached to people that are also individualistic but differently than me and feel like a soulmatemindset comrade even if i ve never talked to them before. i don t know, it just feels like i ve travelled to the deepest crevices of their soul and they are the most worthy of existence from everyone i know. hope this makes sense...",Personality Disorders,Schizophrenia Spectrum & Psychotic Disorders,Mood Disorders,Cluster B (Dramatic/Emotional),Generalized Anxiety Disorder,Autism Spectrum Disorders,Histrionic Personality Disorder,Seasonal Affective Disorder,Attention-Deficit/Hyperactivity Disorder (Adhd)
20958,i m faking ana atp,"i had a really low point, then my parents forced recovery. bam. i m eating everything now. i literally have bed and mia now. why? how do i stop? i mean, let s be honest, ana is the prefferable ed out of the main 3. not because it s better or anything, but it s the least regretful. (i m not trying to glorify any of this shit, i hate all of it.) it doesn t make me go that crazy. i just wanna not think about food so much.",Eating Disorders,Substance-Related & Addictive Disorders,Trauma & Stressor-Related Disorders,Restrictive/Compensatory Disorders,Cluster A (Odd/Eccentric),Phobias,Anorexia Nervosa,Sleep Apnea,Schizoaffective Disorder
4942,how often are you pissed offangryirritated?,"anger is a fundamental emotion that all humans have. however, taken to the extremes it can be destructive. a person with aspd may feel anger or irritation very frequently and as a result make the person prone to aggressive and violent behavior. impulsiveness is a big factor to antisocial behavior, but aggression is also a big factor. how often are you angry or irritated? what can cause you to feel this way, furthermore how do you act when this happens? there are different levels to anger. being a little irritated may not lead you to do anything out of the ordinary, but being angry or enraged can. additionally, do you think high levels of social anxiety or narcissism coupled with aspd could make a person more susceptible to anger, because they are more self conscious and have lower self esteem? would that make them more violent as well. i think i saw a study saying that those with aspd and had social anxiety as comorbidity are more violent generally speaking.",Personality Disorders,Schizophrenia Spectrum & Psychotic Disorders,Neurodevelopmental Disorders,Cluster B (Dramatic/Emotional),Adhd,Panic Disorders,Antisocial Personality Disorder,Insomnia,Schizoid Personality Disorder
13545,renewing my drivers license,"edit to add update sorry i didn t update sooner, but thank you again to anyone who took the time to make me feel better about this. i managed to get it done we got there at 455 when they closed at 5 i was struggling to prevent myself from crying on the way there thinking they would say i was too late but they were actually super nice about it . thankfully it s done. i am 29f and have been diagnosed with depression, anxiety, and adhd in the past. i haven t managed to make it to a professional the past few years so i m no longer medicated and haven t been evaluated for agoraphobia yet. however, i have probably only went outside of my house 510 times in the past 23ish years it s hard for me to keep track of things when all i do is hide from society and try to pretend i no longer exist . any advice on how to stop procrastinating and freaking out would be great. i would like to look into finding a support group or something. feel free to send me info if you know of any. i m not exactly sure why i decided to post here today i might just be hoping venting a little about my thoughts might lessen the impending doom feeling i have? i need to renew my drivers license and it s causing me to stress a lot about being able to manage to leave the house to start with, and then miraculously put myself together enough to get my picture taken.. i know this is silly, but i feel like the picture is going to be terrible and that i m going to look old and that will make me sad. i know i haven t been taking care of myself the way i should and i have so many things i d like to do before i go and that makes me worry that i might not go at all. i have had 6 months to do this and i m down to 2 days remaining before i will have to retake a drivers test, which i am well aware will be way worse. i haven t actually driven my car in about 2 years anyways but i d like to get better at some point soon and still have the option to drive myself places when that happens i almost always isolate myself and basically only interact with the man i live with. i might randomly send one text to a friend or something, but then i ll go mia for months at a time i just don t really have anyone to talk to about this that understands it at all i mean i really don t even understand why the fuck i m like this. i hate that i let myself get to this point. i appreciate you for reading this and thanks in advance for any advice",Anxiety Disorders,Personality Disorders,Neurodevelopmental Disorders,Phobias,Insomnia Spectrum,Cluster A (Odd/Eccentric),Agoraphobia,Attention-Deficit/Hyperactivity Disorder (Adhd),Seasonal Affective Disorder
1219,anhedonia anyone?,"does anyone feel like nothing brings them joy except for getting validation from the sex their attracted to ?, i am into men so i feel euphoric when men give me validation, but thats the only joy i get, tf is the point of life, i can't live like this",Personality Disorders,Schizophrenia Spectrum & Psychotic Disorders,Obsessive-Compulsive & Related Disorders,Cluster B (Dramatic/Emotional),Psychotic Disorders,Adhd,Histrionic Personality Disorder,Seasonal Affective Disorder,Obsessive-Compulsive Personality Disorder
19415,i can t keep up with the fucking tubs and shelves anymore,"every fucking closet and two rooms are entirely unusable. we have two fucking she d and it s not enough to keep all the rotting, rusted junk. we had a trailer full of shit and junk for half a year and when that got too expensive we moved it back in. i m so sick and fucking tired of this halfassed attempt to clean that always leads to getting new shit to put old shit in. the hallways are thinner because they all needed shelves and racks for useless shit. the rooms have less space by measurable feet because they all needed shelves and racks for useless shit. i m so sick and fucking tired of the tubs. plastic tubs by the halfdozen in every shape and size and color, transparent and jammed into every ratshit filled closet we have because getting rid of shit is never the answer, it s getting more fucking tubs to put your shitfilled junk into and then stacking it in front of the shitfilled closet by the halfdozen so no one can open the closet and then everything is covered in mouse shit and has to be thrown away if it s not in a tub. she bought six more because she can t get rid of fucking anything and i m so goddamn sick of living here. i can t walk without knocking over a pile of trash or busting my toes or hip onto something. it is dark and heavy and hopeless and i don t know why i m trying",Obsessive-Compulsive & Related Disorders,Trauma & Stressor-Related Disorders,Sleep Disorders,Ocd Spectrum,Panic Disorders,Generalized Anxiety Disorder,Hoarding Disorder,Delusional Disorder,Bipolar 1 Disorder
16573,endlessly converting units,"i used to do this religiously and just randomly stopped until i caught myself doing it again today. now i can't help but think how silly it was. i would make a spreadsheet of different weights listed in pounds, kilograms, stones and what bmi i would be at each one. then i would try to pick out the best one with most amount of ""nice looking"" numbers. i wouldn't even do this to pick a goal but just so i could have the peace of mind that i know what the perfect weight is. idk, i often hear about browsing recipes or watching food videos but not so much this so i wanted to share.",Eating Disorders,Schizophrenia Spectrum & Psychotic Disorders,Substance-Related & Addictive Disorders,Restrictive/Compensatory Disorders,Ocd Spectrum,Cluster C (Anxious/Fearful),Anorexia Nervosa,Agoraphobia,Paranoid Personality Disorder
9519,is ptsd ruining my relationship?,"slight disclaimer if this is a mess i m sorry i just need some support and i m in a very low time because of my diagnosis. i was diagnosed with ptsd almost a month ago after an ongoing traumatic experience that lasted over a year and a half. i am in professional help, but i want to know what i can do to save myself and my relationship from those who struggle first hand. i won t go into details but essentially witnessed very intense dv that stemmed from cheating in their relationship. i have been in my own relationship for over a year and he s perfect. no complaints. but, after my ptsd diagnosis i have not been an easy girl friend. i have had these symptoms since before my diagnosis obviously, but they have heightened since i had the professional confirmation. i get the symptoms surrounding sleeping the worst, but the ones that affect my relationship, i feel so intensely too. very poor self esteem, trust issues, and hyper vigilance. the dv i experienced because of cheating has installed a deep rooted fear of abandonment and constant worry i m being cheated on. i don t need to feel that way. there was one situation where during our relationship he was in contact with a girl without letting me know they used to talk romantically and she was commenting inside jokes on his posts of us, and even when we first started dating she commented i helped pick these out hehe on pics of him. i found out they used to talk romantically through my own studying never because he told me. it messed me up pretty bad. they never flirted directly and there was never any ill intent. very petty reasons for me to be upset but it lead me to doing something bad like going through his messages once with out permission. i regret that. we solved those issues, but i still worry so much about being betrayed and it s not his fault. i m also so emotional and so sensitive. i wasn t always like this. i want to be a better girlfriend but my ptsd has made me so depressed. our relationship is not worth throwing away for my mental health. i m in professional help and he s so patient with me while i get better but i m not sure what s wrong with me that s still making everything so difficult and painful. or why my mind has to ruin everything due to the anxiety and fears i have from my ptsd. it s rough out here.",Trauma & Stressor-Related Disorders,Neurodevelopmental Disorders,Anxiety Disorders,Ptsd Spectrum,Insomnia Spectrum,Autism Spectrum Disorders,Post-Traumatic Stress Disorder (Ptsd),Social Anxiety Disorder,Schizoid Personality Disorder
18000,getting laid off in less than two months paralysed by panic attacks,"i can't sleep, i can't eat, it's hard to think. y'all i'm less than five months into an auto loan. i was promised a raise and it hasn't materialized. they haven't said i'm getting laid off but they aren't keeping existing promises, refused to put the promise of continued employment when my store closes in writing, and i can read the writing on the wall. how do i calm down long enough to do what i need to do?",Anxiety Disorders,Eating Disorders,Schizophrenia Spectrum & Psychotic Disorders,Panic Disorders,Substance Use Disorders,Adhd,Panic Disorder,Anorexia Nervosa,Delusional Disorder
8171,not all of us are privileged enough to get help,"i can t find a therapist. with my insurance any therapist i can find costs at the bare minimum 250$ a visit. and intensive out patient treatment 10,000$ or more. self help resources like the bpd work book and other online resources don t help me or my symptoms. i have put in that work and it still doesn t put a dent into bpd symptoms. any therapist i can find that works with low income patients won t accept me because i have bpd. i read so many posts on this sub about how we owe it to others and ourselves to get help. but what of those who can t? what of those who have tried and failed time and time again to find that help? we get nothing. we have to live with this disorder and let it destroy our lives as we stand by and watch it all crumble into ash time and time again. i wish the people on this sub who preach and say if you don t get help you are apart of the problem would acknowledge that there is a subset of us who can t get that help. who are stuck with no way out. please recognize you are privileged in getting that help. in having the opportunity to heal. there are some of us who would kill for the kind of treatment you are able to get.",Mood Disorders,Neurodevelopmental Disorders,Eating Disorders,Bipolar Disorders,Substance Use Disorders,Ocd Spectrum,Bipolar 1 Disorder,Panic Disorder,Agoraphobia
21059,"i have had enough. i am stronger than my thoughts, and stronger than my urges. recovery begins now.","i don t really have any more to say, please wish me good luck as a bonus, here s a poem i wrote about those crazy little dots that have whirled before my eyes in the bathroom one too many times today (do other people even get those at all, or am i just daft?) when i kickstart my insides i see you, little fireflies i don t romanticise your game i know that ain t no foxtrot your dance ain t got no name but it s enough to make my teeth rot maybe i can t blame your kind i ve two fingers and one mind but you re always there above me with your same old vengeful fashion i m not asking you to love me all i want is some compassion",Eating Disorders,Neurodevelopmental Disorders,Personality Disorders,Restrictive/Compensatory Disorders,Ocd Spectrum,Phobias,Bulimia Nervosa,Schizotypal Personality Disorder,Major Depressive Disorder
14632,slept 8 hours last night sunlight is amazing,sleep update. my daily gloat lol. so my sleep continues to get better. i m falling asleep with fewer supplements. my body seems to be healing and actually getting more sensitive to supplements falling asleep faster. slept 8 hours last night 6hrs 2 hrs i haven t slept 8 hours in years. it s crazy. still getting lots of direct sunlight daily. who knew lack of sunlight was my problem??,Sleep Disorders,Eating Disorders,Obsessive-Compulsive & Related Disorders,Insomnia Spectrum,Restrictive/Compensatory Disorders,Bipolar Disorders,Insomnia,Bipolar 1 Disorder,Agoraphobia
22898,looking for an ssdi attorney in ny who has won client benefits for narcolepsy,"the title says it all. you can comment andor dm me contact info if preferred. any help or guidance you may provide will be much appreciated i've begun the application, but realize i need a helping hand. i have narcolepsy, chronic migraines, bipolar iii (cyclothymia), anxiety, and adhd and the narcolepsy meds have stopped working after 24 years.",Sleep Disorders,Personality Disorders,Neurodevelopmental Disorders,Insomnia Spectrum,Ptsd Spectrum,Substance Use Disorders,Narcolepsy,Binge-Eating Disorder,Panic Disorder
19770,i don't feel fulfilled after being with friends,"being an avoidant, it is normal for us to covet having friendships with other humans because we are usually way too scared to be humiliated in front of anybody. but i'm coming to realize that i don't feel satisfied after hanging out with people. in my first year of university, i invested all my time into making friends and strengthening the friendships i already made. however, on top of the overwhelming selfhatred i felt everytime i felt i said or did something wrong or cringy, i felt no joy. it was like a chore to me. it was only after when i met my psychologist that she made me aware that i've always been this way. that i've always sought fulfillment in my own achievements (like getting a lot of trophies and certificates in school) but never in other people. that realization kind of changed everything for me. im starting to think that maybe friendships are not what i need but just what my mind tells me i need. i don't really know. but after trying to have friends and realizing that it's not all it's cracked up to be, i don't know what i want anymore.",Personality Disorders,Schizophrenia Spectrum & Psychotic Disorders,Eating Disorders,Cluster C (Anxious/Fearful),Psychotic Disorders,Bipolar Disorders,Avoidant Personality Disorder,Insomnia,Hoarding Disorder
16828,exposure today,"for me the worst place to be because of my agoraphobia is grocery stores, the pandemic made it so i haven t been grocery shopping in person in like 5 years now. today is the first time i m going grocery shopping in person (cause it s cheaper). i m terrified, but i know i need to do it. i need to start doing it, i need to get used to crowded places cause i can t keep living like this. my life is passing me by and i need to get back on my feet. so i m going to a grocery store. i m not planning the outing cause the one thing that helps my agoraphobia symptoms is spontaneity, if i don t plan it then i have no time to panic about it beforehand and chicken out. i m bringing headphones to help with the noise, i m nervous but i can do it. i can do hard things. does anyone have any tips to share? it s been so long since i ve gone into a grocery store alone.",Anxiety Disorders,Substance-Related & Addictive Disorders,Eating Disorders,Phobias,Psychotic Disorders,Cluster B (Dramatic/Emotional),Agoraphobia,Schizoaffective Disorder,Post-Traumatic Stress Disorder (Ptsd)
22304,"just feeling angry and annoyed all the time, am not sure what to do.","i feel like i've lost a lot of patience these past few years. even something as small as not being able to play a game properly with friends is setting off my anger, but it's like i'm continuously pulling my mental reins and trying not to get angry or show signs that i'm angry or annoyed. it's becoming mentally strenuous on me so i don't know what to do",Mood Disorders,Eating Disorders,Personality Disorders,Bipolar Disorders,Restrictive/Compensatory Disorders,Cluster C (Anxious/Fearful),Cyclothymic Disorder,Major Depressive Disorder,Seasonal Affective Disorder
6846,in what scenarios is it worth getting your tonsils removed to help with sleep apnea?,"27m, diagnosed with minor sleep apnea but haven't had very much luck with cpap (yet). normal weight (5'11 165lbs) and relatively active. even though my sleep apnea is mild, my symptoms are terrible. i can barely function, can't work, can barely drive a car most days. i don't have a recessed jaw (dentist said my bite was class 1 which i believe is normal) however my mouth is definitely on the smaller side, and the size of my tongue is somewhat large in comparison. doing tongue exercises is one of the few things that has improved my sleep by a small but noticeable amount. i had an ent look at me a few years ago before my sleep issues and he said he can tell i snore just by looking inside my mouth. i'm scheduled to see a new ent soon but wanted some opinions here.",Sleep Disorders,Mood Disorders,Personality Disorders,Insomnia Spectrum,Autism Spectrum Disorders,Bipolar Disorders,Sleep Apnea,Dependent Personality Disorder,Obsessive-Compulsive Personality Disorder
8155,normal is just a setting on the dryer,"for soooooo long i craved to just be ""normal"" again. i didn't like how i was and felt like i was a weirdo for having a ""mental"" illness. then i was talking to a friend and they reminded me that ""normal is just a setting on the dryer."" it got me thinking about my life. i have never been ""normal,"" i have always been the outlier and that is ok. i worked hard on being the best me i can be. i found a job i love (providing peer support) and realized i don't want to be ""normal,"" as societs defines it. i want to be me, whoever and whatever that is i encourage others to disregard what others deem as normal and become their own normal because you are good enough and deserve the best life you can find and create.",Mood Disorders,Substance-Related & Addictive Disorders,Obsessive-Compulsive & Related Disorders,Bipolar Disorders,Insomnia Spectrum,Generalized Anxiety Disorder,Bipolar 2 Disorder,Paranoid Personality Disorder,Obsessive-Compulsive Personality Disorder
5470,how would you differentiate trauma related paranoia and psychosis related paranoia?,"for the longest time i have struggled with paranoia and am trying to understand myself better. although i am having a hard time understanding the difference in how these two manifest. especially in my own experience. they both seem quite similar and rooted in certain cemeted beliefs that i am unsafe and unwanted imagery that renenforces them. i would love to hear anyone's own thoughts, especially those who also are diagnosed with ptsdcptsd. i feel like cptsd especially has so much overlap with many other disorders, it is so difficult for me to realize where it begins and ends in my life. i have been researching this distinction but it is difficult to find many answers if anyone would like to share their perspective that would be much appreciated )",Schizophrenia Spectrum & Psychotic Disorders,Eating Disorders,Sleep Disorders,Psychotic Disorders,Insomnia Spectrum,Adhd,Schizophrenia,Autism Spectrum Disorder (Asd),Alcohol Use Disorder
20343,i had a little win,"i just started a path to healthy eating. my wife expressed concern for my health, a lack of drive and maybe depression. she expressed it was hard for her to see me the same and i changed since we met for the worse. she said it all tastefully and from a place of genuine concern. it was eye opening but painful. i don't want to live without enjoying desserts socially so i set a hard, fast rule one serving, only with people, only homemade or quality crafted desserts from a bakeryrestaurantice cream shop, etc. just enjoy the treat socially like a normal human. no seconds. no breakroom donuts, no gas station plastic wrapped garbage. any way, i had a social gathering today and there was brownies. i had one and they were so good but even though i wanted 12, i had one. one. it doesn't feel like much, but it's better. feels big to me. i think i can do this. i'm not counting calories to lose weight, im focusing on health. i've been eating real foods and indulging on desserts healthily.",Eating Disorders,Anxiety Disorders,Neurodevelopmental Disorders,Restrictive/Compensatory Disorders,Ptsd Spectrum,Autism Spectrum Disorders,Binge-Eating Disorder,Schizotypal Personality Disorder,Post-Traumatic Stress Disorder (Ptsd)
2043,anyone waking up randomly at night just to eat?,"it literally reminds me of that one spongebob meme. ""who in their right mind eats at 3am?"" patrick ""oh boy 3am eats a krabby patty"" like fr tho like why. i can't sleep properly because if it. and im not even entirely sure its from hunger but i just wake up, eat like 12 meals avd continue sleeping...",Eating Disorders,Neurodevelopmental Disorders,Obsessive-Compulsive & Related Disorders,Restrictive/Compensatory Disorders,Cluster B (Dramatic/Emotional),Ocd Spectrum,Binge-Eating Disorder,Obsessive-Compulsive Disorder,Social Anxiety Disorder
15289,college knows. i want to drop out from the face of earth.,"i ve been using the restroom trash can layered with tissue at the bottom and on top as a way to purge, avoiding the toilet. a few days ago, the janitor discovered this and left a note asking people to stop throwing food in the trash. then, this morning, i overheard her telling security to check the surveillance cameras. i knew they would see me, and i immediately started panicking. before i could risk being kicked off campus, i went to the counseling center and admitted my struggle. the counselor was incredibly understanding and reached out to a higher authority for help. they came, sat with me, and encouraged me to sign up for masshealth, my state s free health insurance, so i could begin therapy. i used to see a therapist, but i had to pay out of pocket, and over time, it became clear that money mattered more to her than the quality of care. so, unfortunately, i had to stop seeing her. i broke down in counseling. my bulimia had gotten significantly worse after my breakup and an abortion, and moving onto campus a few weeks ago only added to the isolation i ve been feeling. on top of everything, i was recently diagnosed with cancer, and it feels like no matter what i do, my health is slipping away. between the loneliness, the embarrassment, and now feeling completely exposed, i feel like i m at my breaking point. since the security footage would be sent to the dean of students, my counselor emailed them, asking for confidentiality and explaining that i m actively working on recovery. but the dean is notoriously difficult, and i m almost certain she s told other staff members. all day, i ve noticed people looking at me differently, and it only makes me feel more alone. i hate that my disorder was outed like this. i hate how isolated i feel, like some kind of outsider with no real support. i just don t know how to keep going.",Eating Disorders,Neurodevelopmental Disorders,Anxiety Disorders,Restrictive/Compensatory Disorders,Panic Disorders,Ocd Spectrum,Bulimia Nervosa,Sleep Apnea,Avoidant Personality Disorder
8073,"no friends, recently moved and overwhelmed","i m in my early 30s and i think part of my problem is that i have no community. now that i m dealing with agoraphobia, i feel like the possibility of a good friend is slim to none. the isolation is making it worse and my husband hasn t been really talking to me much lately as he s been tired from working so much. i feel alone and sad. i don t really like the area that we moved to, but my husband loves his job and that s important to me so i ve been dealing with it for the last year. we recently purchased a house and i just feel trapped here. it s big and empty and in the middle of nowhere, so i have to drive super far to get anywhere. i ve been debating trying to get into intense inpatient care for my phobias so i can learn to be independent again and then decide some serious life choices, without my mind fogged up with the overwhelm. i feel so disconnected from everyone and i don t speak to my mom or dad anymore as they were seriously abusive. i m running out of people in my life and i see this and it stresses me out i have my grandma, my sister (both live 6 hours away), and my husband. i m thankful for what i have, but i m also stressed that i don t feel i have many connections with people on a daily basis.",Anxiety Disorders,Substance-Related & Addictive Disorders,Trauma & Stressor-Related Disorders,Phobias,Restrictive/Compensatory Disorders,Generalized Anxiety Disorder,Agoraphobia,Adjustment Disorder,Narcissistic Personality Disorder
6455,i'm sorry to the person i could have been but wasn't.,i'm sorry i didn't try harder. i'm sorry i said things i shouldn't have. and i'm sorry i didn't say anything when i should have. i'm sorry i left. i'm sorry i couldn't be nicer. i'm sorry i stress myself out. i'm sorry i stress others out. i'm sorry i couldn't do anything outside of the rules i made. i'm sorry i made games for me to win. i'm sorry i couldn't be nicer. i'm sorry i didn't get to where i could have. i'm sorry i never mean what i say. but i mean it when i say i am sorry. i'm sorry. i love u.,Neurodevelopmental Disorders,Substance-Related & Addictive Disorders,Personality Disorders,Autism Spectrum Disorders,Ptsd Spectrum,Insomnia Spectrum,Autism Spectrum Disorder (Asd),Schizoaffective Disorder,Panic Disorder
12360,period,"hi i used to post on here a lot more last year but i ve been trying to cleanse my social media a little bit and take a break from ed or even recovery content bc my dietician and therapist said it probably wasn t helping me and only fueling it. but i got my period back after 2 years not exactly sure why, as i didn t think i gained any weight, but i think i just accumulated a different body composition? idk. anyway, ive been dealing w poor body image recently and when im on my period it doesn t help lol but ya if anyone has any advice bc i can t even stand looking at myself sometimes. thanks",Eating Disorders,Obsessive-Compulsive & Related Disorders,Schizophrenia Spectrum & Psychotic Disorders,Restrictive/Compensatory Disorders,Adhd,Panic Disorders,Anorexia Nervosa,Binge-Eating Disorder,Obsessive-Compulsive Personality Disorder
11801,my husbandenabler abruptly quit drinking a couple of months ago. i felt so betrayed. now i realize our dynamic was keeping me in this cycle.,"i felt betrayed when he quit because i had begged him for years to help me by joining me in sobriety. i tried and failed to quit so many times (my own fault), but it certainly didn t help that he admittedly did not want me to quit. he said he dreaded it because i wouldn t be fun anymore. he would respond to my pleas for help by buying a box of wine and leaving it in the fridge. if i confronted him, he d say i have the choice not to drink it, or he didn t know i wanted to quit drinking. just short of two months ago, all of a sudden he quit drinking. just like that. i kept drinking and resented him so much. despite all that it s created an atmosphere where drinking feels weird because our routine of pouring drinks starting at 7pm has disappeared. my drinking has dwindled and now i m 3 days sober we all need to get sober for ourselves, so i m not angry he didn t invite me to seek sobriety with him. i just hope we can both keep this up",Substance-Related & Addictive Disorders,Schizophrenia Spectrum & Psychotic Disorders,Neurodevelopmental Disorders,Substance Use Disorders,Phobias,Depressive Disorders,Alcohol Use Disorder,Bulimia Nervosa,Seasonal Affective Disorder
15405,consistently waking up after 2 to 4 hours fro 8 months.need help,"for the past 8 months i wake up consistently for no reason.i had some sleep paralysys ecperiences and vivid dreams.sometimes i woke up wih fast heartbeat and palpilations due to very bad dreams.i still have palpilations and extreme fatigue ,and some form of depression like feeling(i dont beleive it,im just saying poor lifestyle and way of living).the problem is that i didnt get diagnosed with uars or sleep apnea all tho i had some flow limitation on the test (11.2) that lasted on 2 h and 15 min bq i woke up and couldnt get back to sleep.i cant get a cpap or apap machine bq i need to get diagnosed first.im genually very sad and i dont know what to do.i dont even know if doctors can help me.please if anyone knows something ,help me.",Sleep Disorders,Neurodevelopmental Disorders,Substance-Related & Addictive Disorders,Insomnia Spectrum,Cluster A (Odd/Eccentric),Substance Use Disorders,Sleep Apnea,Schizophrenia,Bipolar 2 Disorder
12465,please give me recommendations,"i have these anxiety attack panic attack moments when im out in public, i want to say its not because of the people around but i feel safer without people around me. when im in a big store or building i have a strong feeling of faint and then my vision distorts and i collapse, i went to the doctors they say its just anxiety and agoraphobia, im fine outside but not inside of places. i know that the way to overcome them in general id to just grow a pair of balls and then just bite them and do what you feel anxious about doing but i just cant find the motivation to do it since i fainted the other day at a indoor mini golfing area.",Anxiety Disorders,Eating Disorders,Schizophrenia Spectrum & Psychotic Disorders,Panic Disorders,Bipolar Disorders,Ocd Spectrum,Panic Disorder,Bipolar 1 Disorder,Delusional Disorder
9766,diagnosed with ad but is this normal?,"i had a huge panic attack for two weeks after mistakenly taking thc for the first time, never have done drugs, etc i thought i was having a heart attack and had to go to er, everything was fine and most of my physical symptoms calmed down, but i have mental affects lingering it feels like a switch was flipped on my consciousness and it and my perceptions from inside myself feel altered and not like they used to be. i thought it might be dpdr or anxiety induced dissociation , but i didn't meet the criteria for dpdr... psychiatrist said i had adjustment disorder and gave me sssris which i haven't tried yet i've heard that this isn't a real diagnose, just a placeholder from different forums, does my symptom sound similar to anyones experiences here?? because i don't know...even when i can tell i'm not anxious, i feel off and not me...i have some anxiety and depression undiagnosed but nothing too crazy, it's average...no trauma in my life either, other than this recent weed scare. but i don't think it's ptsd because i'm not being triggered by memories of the drug trip or anything...it's like i'm locked in this altered consciousness and version of myself...any help, advice??",Trauma & Stressor-Related Disorders,Obsessive-Compulsive & Related Disorders,Anxiety Disorders,Ptsd Spectrum,Psychotic Disorders,Insomnia Spectrum,Adjustment Disorder,Schizophrenia,Autism Spectrum Disorder (Asd)
22426,"just started buying tons of stuff related to an old tv show i watched, but it's expensive and ultimately doesn't serve any purpose. i think i'm starting to go down a bad path, and i want to stop before it becomes a hoarding issue. any advice is appreciated.","tldr, i am having a collecting problem that will hurt me financially in the future if i don't stop now, help or advice is extremely appreciated. i don't know if this is what is typically labeled at hoarding, but it seems like i fit the online definition, so here it goes. how can i handle an addiction with collecting stuff related to samurai jack? it's always been a much smaller issue, but since i've gotten a job (and i got some extra cash from christmas) for the past week i've been stalking ebay and have spent like $100 which i could've used as savings. i'm now (metaphorically) scratching at the neck trying to find stuff to sell to afford this $700 related item that is extremely rare and is barely ever seen on selling sites. on the one hand, i see people collecting stuff and have shelves full of items, and it seems fine to have a hobby. on the other hand, i know i wont stop until i've gotten one of everything sold for this brand, but that will be impossible and i will feel stupid for wasting so much time and money. but my fomo is extremely strong and i feel like i'm missing out big time if i don't buy it. i feel like a hoarder, and all these things have sentimental value to me, so it's extremely difficult for me to not say ""check out this super cool thing i have"" my fomo on stuff has always been an extreme issue for me, such as in (mostly limited time) game video game items. i also have an obsessive completionistperfectionistsunken cost fallacy personality, where i feel like if i don't ""complete"" something then i wasted my time or i didn't fully enjoy it. this means i spend a lot of my time trying to do this kind of thing, when i could be doing something interesting like writing a book or finishing one of a few projects i want to work on. anyway, i figured here would be a great place to go for this kind of issue i have. it hasn't gotten to the point where my whole room is filled with this stuff, it's more like a corner of my closet i keep this stuff. still, it seems consistent with the mentality of a hoarder, and i really want this to stop before it gets too bad. thanks for reading this, and please don't be rude or say ""i don't have it bad,"" i know it's not the worst case scenario but i don't know where else to look.",Obsessive-Compulsive & Related Disorders,Mood Disorders,Eating Disorders,Ocd Spectrum,Phobias,Adhd,Hoarding Disorder,Generalized Anxiety Disorder (Gad),Delusional Disorder
10801,calling all sad sleepers david lynch will help you ),"hey guys, i watched eraserhead last night and the soundtrack is made for us all. i ve got it on in work now and i m drifting off give it a shot and see how it goes. but don t be dreaming eraserhead dreams. that would not be good for anyone. lastly, anybody else with any recommendations? i often use karl pilkington xfm adventures but sometimes i wake up laughing so not 100% ideal haha. good luck",Neurodevelopmental Disorders,Sleep Disorders,Obsessive-Compulsive & Related Disorders,Adhd,Ocd Spectrum,Depressive Disorders,Attention-Deficit/Hyperactivity Disorder (Adhd),Narcolepsy,Schizophrenia
10105,betrayal,"so, i m in relationship with a so called dominant man in 3 years butttttt we had broke up 3 times before this, he always had kept on lie to me, keeping secrets, hiding his phone, save my contact number as his ex bitch, constant dry text, suddenly disappearing for a week and it s all ended up in the situation where he is already had engaged a woman but planning to divorce so he is using me as a key to escape from it. i m still suffering this shit. i m an introvert and i does not have anyone to give me mental support. i also being an independent woman who takes responsibility for everything on my life. can i just kill that scumbag man ?",Mood Disorders,Eating Disorders,Schizophrenia Spectrum & Psychotic Disorders,Depressive Disorders,Psychotic Disorders,Insomnia Spectrum,Major Depressive Disorder,Binge-Eating Disorder,Restless Legs Syndrome
11527,my biggest wish is that i could pass in my sleep.,"if i had a wish it would be to die when i go to bed tonight. this way, nobody my boyfriend, family, or friends would feel like it was their faults that i passed or something could have been done to prevent it. i would leave peacefully and nicely. i wish everyday that i could die in my sleep. it never happens. i hate that i m still here when better people than i got their lives taken from them so young.",Mood Disorders,Anxiety Disorders,Substance-Related & Addictive Disorders,Depressive Disorders,Psychotic Disorders,Ocd Spectrum,Major Depressive Disorder,Bulimia Nervosa,Post-Traumatic Stress Disorder (Ptsd)
19370,i can only eat when i m stoned,"i grew up in a very critical home and developed an eating disorder early on. now, i m in my mid 20 s and the only sure way i can eat (not even just large quantities) of food is after i ve smoked. i know that s not sustainable, and that it would be better to kick the habit sooner than later, but i can t really afford to loose the only thing making me eat.",Eating Disorders,Substance-Related & Addictive Disorders,Obsessive-Compulsive & Related Disorders,Restrictive/Compensatory Disorders,Bipolar Disorders,Cluster A (Odd/Eccentric),Anorexia Nervosa,Dependent Personality Disorder,Insomnia
16218,does the immediate draw to drink when stuff goes bad ever go away?,"ive been sober (ish?) for the pst 3 years and while its easier to resist the temptation to drink and it s not on my mind 247 anymore everytime things get bad again all i can think ab is would it really be that bad if i drank? and everytime i do drink it s all i can think about for the next week so just wondering if it goes away to be clear i haven t stopped drinking i just no longer abuse it, i ve got rules and i stick to em. rules don t drink alone don t drink for the wrong reason don t drink when upset for any reason don t drink more thank 3 days in a row",Substance-Related & Addictive Disorders,Mood Disorders,Trauma & Stressor-Related Disorders,Substance Use Disorders,Insomnia Spectrum,Generalized Anxiety Disorder,Alcohol Use Disorder,Dependent Personality Disorder,Adjustment Disorder
6108,i was just diagnosed with sad and gad,"i ve had anxiety since i was a kid. always very shy. i just turned 30. i ve been having a hard 2 years with the anxiety getting much worse, probably because i started a new career and now see patients all day. i m kinda shocked now to be gad level 5 and sad and wow i ve been seeing around 10 new patients a day for about 7 hours, no wonder i m anxious constantly. i m currently going to cbt and hoping it can change my life for the better.",Anxiety Disorders,Substance-Related & Addictive Disorders,Neurodevelopmental Disorders,Phobias,Generalized Anxiety Disorder,Cluster C (Anxious/Fearful),Social Anxiety Disorder,Major Depressive Disorder,Seasonal Affective Disorder
20426,i hate how i look from a 34 view,"i just look ugly from that angle. i love how i look from the front and wouldn't change anything, all my facial features are good and most importantly they ''fit together harmoniously'', i look a lot like the f1 driver charles leclerc to give you an idea, we could literally be twins lol. what i've always hated about my face is that i have an excessive forward growth and unfortunately there is no deformity to be fixed through surgery, it's just the way it is, so i look awesome from the front but when i was 12 or 13 i started hating how i looked from a 34 view, and when i smile i look even worse. sometimes i think to myself '' i should thank god i have the looks to attract women, no one is gonna obsess over my side view and i'm not a model so i'm not supposed to take pictures and look perfet from every possible angle '' and if i spot a girl i like and i want to talk to her chances are she's going to judge my looks based on my front view not how i look from the side, but i'm still uncomfortable when someone is looking at me from the side because i'm aware i look weird from that angle. like, right now i'm watching a movie starring chris evans, who i think is about as attractive as me from the front, but i'd swap faces with him in a second because he looks equally attractive from every angle and doesn't have to worry about someone looking from the side. i literally look like a neanderthal from the side because that angle puts emphasis on my forward growth which also causes a sloping forehead. x200b i was diagnosed with bdd 4 years ago, but i'm starting to think that the flaw i see is real, i have never disliked anything about my appearance except that specific angle, so i'm not completely sure that this is bdd, i'm starting to think that i have a flaw and that's it.",Obsessive-Compulsive & Related Disorders,Trauma & Stressor-Related Disorders,Eating Disorders,Ocd Spectrum,Ptsd Spectrum,Autism Spectrum Disorders,Body Dysmorphic Disorder,Schizoaffective Disorder,Cyclothymic Disorder
14123,selfconscious about my deep voice,"greetings everyone i just notice that i am extremely self conscious about my voice. i often find myself hesitating to talk to people rather that s online gaming, phone calls, let alone typical conversations. when i was in middle school, i often spoke in a higher pitch voice and even now, i opt for a soft spoken tone to avoid scaring people and hearing jokes that compare me to dennis haysbert (the all state guy). i honestly don t know if it s something to do with social anxiety but i definitely want to learn to appreciate my voice and potentially make money from it (my apologies for the long post)",Anxiety Disorders,Personality Disorders,Substance-Related & Addictive Disorders,Phobias,Bipolar Disorders,Cluster A (Odd/Eccentric),Social Anxiety Disorder,Antisocial Personality Disorder,Schizotypal Personality Disorder
6565,identity crisis?,"just had a sudden realization i have no idea where i belong in this world as cliche as it sounds...like most people either choose a path or know who they are, what they like, what their goals are or just even what they're doing in life...for some reason i can't seem to place myself anywhere, i suppose a large factor of that is socialization, i always felt distant and alien since childhood. i never belonged with a group in school, in uni, at work, nor outside either...it's been so long since i actually had a group of friends it's like i lost the understanding of what it means, what brings people together, or maybe zi just gave up. i feel like i can't be close to anyone, so socializing has become this massive burden, it all feels very absurd. i just wish i could enjoy things normally and find a place and people where i feel at ease and not removed from everything arounf, though i don't even know if that's realistic. can anyone else relate?",Neurodevelopmental Disorders,Obsessive-Compulsive & Related Disorders,Sleep Disorders,Autism Spectrum Disorders,Cluster A (Odd/Eccentric),Psychotic Disorders,Autism Spectrum Disorder (Asd),Agoraphobia,Body Dysmorphic Disorder
2684,depression and selfcare,i have been severely depressed for years and a couple of years ago i went to drug rehab and got my life straight. meds saved my life and i choose to stay medicated for the sake of myself and my family. my selfcare is still lacking. my teeth are getting cavities and they re noticeable so it makes me self conscious. i shower maybe twice a week if i remember to or once every two weeks. i feel like even though i try to do these things i just fail to and my body is suffering because of it. my husband is supportive and he s helped through a lot of this but my lack of self care is making my depression so much worse and it s getting to the point where i don t want to be seen in public because i don t want to be judged.,Mood Disorders,Schizophrenia Spectrum & Psychotic Disorders,Substance-Related & Addictive Disorders,Depressive Disorders,Ptsd Spectrum,Generalized Anxiety Disorder,Major Depressive Disorder,Avoidant Personality Disorder,Restless Legs Syndrome
4389,how do you change your brain and get better? i ve been battling this for 36 years and i m exhausted,"everything online about hoarding seems to be about how to help someone with hoarding or how to overcome clutter. i ve read several sources that say that hoarding disorder is hard to overcome and most people have symptoms for life. i have hoarding disorder, i m very aware of it and i m constantly fighting it. i ve struggled with it since i was a child. i ve spent all of my life trying to get organised. i ve literally held of having children and entering into relationships because of it. i ve lost most of my friends because of it. i m broke because of it. having hoarding disorder doesn t mean i m drowning in trash. my house is mostly clean but my mind is a mess. how do i change my brain? how do i stop getting completely overwhelmed and exhausted after sorting for a few hours? why is a pile of random small things more complex to me than advanced algebra? how do i stop making moving house the absolute worst thing in the world? how do i stop missing out on time with friends or family, or even having hobbies because i m chronically disorganised and all of my spare time and energy is spent trying to get organised? there have been times when my house looked like a show home. times when i had more time and money to hire a cleaner occasionally, but even then i still couldn t sort and organise things in the same way that normal people do. i still seem to feel more environmental responsibility and guilt than anyone else i know. i still need familiar objects to feel safe. i still remember things i got rid of twenty years ago and regret getting rid of. how do we actually change our minds and get better? are we doomed to be like this forever? is this just the way our brains are? background yes there s more pieces to the puzzle i m also diagnosed with half the dsm5 bipolar1 psychosis, adhd, cptsd, gad, ocd, bpd. survived dv marriage and severe child abuse. hoarding is a symptom of everything else but i also meet the criteria for the seperate diagnosis. i just want to get better.",Obsessive-Compulsive & Related Disorders,Personality Disorders,Eating Disorders,Ocd Spectrum,Adhd,Depressive Disorders,Hoarding Disorder,Autism Spectrum Disorder (Asd),Body Dysmorphic Disorder
10184,binges getting worse,"i literally binged nonstop on popcorn, fruit, dates, then honey, matcha yogurt, and other foods. i cannot exercise any self control anymore. i ve been in a binge cycle that has been getting progressively worse in the past few months. i ve been nonstop binging for like 34 months? time is passing through me. and it s horrible because all i can think of is the consequences while i literally keep making things worse. i m literally worried about my health and blood sugar after eating so many dates and all that honey in one sitting. but idk what to do anymore.",Eating Disorders,Anxiety Disorders,Personality Disorders,Restrictive/Compensatory Disorders,Psychotic Disorders,Substance Use Disorders,Binge-Eating Disorder,Alcohol Use Disorder,Schizotypal Personality Disorder
7970,new symptom after 14 yrs,"been suffering from panic attacks since i was young. they ve been getting a lot more severe. but recently, within the past week i felt a symptom i haven t before twice. my stomach and chest start to feel a sensation i find difficult to describe. it s like an emptiness? not hunger pangs. a contraction maybe? but not painful. just weird. it s like a hollowness that travels rapidly, like a wave. does anyone else know what i m talking about?",Anxiety Disorders,Sleep Disorders,Neurodevelopmental Disorders,Panic Disorders,Cluster A (Odd/Eccentric),Substance Use Disorders,Panic Disorder,Delusional Disorder,Agoraphobia
15897,could anybody share their experiences with pitolisant?,"hi , i have type 1 narkolepsie and was put on pitolisant by my doctor. im on the standard 3week ramp up to max dose, right now im in my second week taking one 18mg pill a day. since i started the second week i have an extremely irritating pins and needles sensation in my hands and fingers, mostly during the day. i checked the side effects and apparently this is one of them but they say it may or may not go away as your body gets used to the medication. i think i will tough it out for a few more days before going back to my doc but i would very much appreciate some first hand reports on how this went for you guys. did it go away? did you change medications?",Sleep Disorders,Personality Disorders,Substance-Related & Addictive Disorders,Insomnia Spectrum,Panic Disorders,Cluster A (Odd/Eccentric),Narcolepsy,Major Depressive Disorder,Anorexia Nervosa
12605,positive experiences with invega?,i m on abilify now but still get mild paranoia here and there. my doctor wants to try invega next if i am comfortable. i ve read nothing but horror stories online lol about the drug. please reply to this post if you have had any success with invega . thanks ),Schizophrenia Spectrum & Psychotic Disorders,Substance-Related & Addictive Disorders,Eating Disorders,Psychotic Disorders,Cluster C (Anxious/Fearful),Adhd,Schizoaffective Disorder,Persistent Depressive Disorder (Dysthymia),Antisocial Personality Disorder
1209,anger issues,"how do you guys deal with anger outburst if you got them? once the psychiatrist told me hypomania could be manifested with anger. i think i'm going through it right now. last friday i had a very evident anger outburst and it was in front of my whole class. i think i contained myself very well because it could have been very ugly if i didn't and i know very much about that. please, if you have any tips tell me yours. my anger has been strong since days ago, friday spiked and yesterday i was so unsettled by it thay i had to take anxiolytics.",Mood Disorders,Substance-Related & Addictive Disorders,Trauma & Stressor-Related Disorders,Bipolar Disorders,Cluster C (Anxious/Fearful),Adhd,Bipolar 2 Disorder,Binge-Eating Disorder,Panic Disorder
17237,feeling guilty over taking care of myself,"i've had a rough couples of days. the kind of days where you see the pattern starting. i was high in the clouds and now im crashing and its not going to end well. ive decided to ask for medical leave, juat a few days at home where i can let the darkness out and not have to pretend. i know its the right thing but cant help feeling guilty for taking that time for myself. i'm scared they'll judge me at work. i'm scared they'll get mad. its the first time im doing this, usually i just try to power through. but i dont want to keep repeating the same mistakes. so this time im asking for professional help. i just dont know how to handle the guilt of resting instead of working",Mood Disorders,Schizophrenia Spectrum & Psychotic Disorders,Sleep Disorders,Bipolar Disorders,Substance Use Disorders,Cluster A (Odd/Eccentric),Bipolar 1 Disorder,Cannabis Use Disorder,Insomnia
2650,delusional partner badly need advice,"this is my first time sharing this on a public forum. i ve been trying to gather as much information as i can on my own, but this situation feels uniquely difficult. my wife has been struggling with this issue for several years, and i m honestly at a loss. the core of her delusion is that my friend group is bullying and abusing her online through facebook stories and instagram posts. she believes they re lying to her face when she confronts them about it. these posts don t directly reference her but often include certain keywords or phrases she s said to them before, which she interprets as targeted. this all began after a manic episodeepisode of psychosis more than two years ago. she recognizes that the episode caused her to believe things that weren t true, but this specific belief that my friend group is out to ruin her has persisted. to her, it feels completely real. she has bipolar disorder, which is usually wellmanaged with medication, and she s a mental health professional herself. i ve tried hard to communicate with her and explain that this isn t happening, but it hasn t made much of a difference, i fell its exaserbates it really. recently, i was able to contact her psychiatrist, who is working on adjusting her medication to address these delusional thoughts. however, this change hasn t been implemented yet as he needs to be careful. she has always worried about being over medicated, and i m also worried it won t undo the damage that s already been done. one of the most challenging aspects is that one of my friends, who has been close to her since school, is part of this perceived issue. they live near us, which makes things even more difficult. i ve had to distance myself from my friend group to prevent this from escalating further. i ve seen the posts she refers to and asked her to take screenshots of them, hoping that one day i ll be able to show her there s nothing there just people living their lives. some of my friends have tried to help by encouraging her to talk to them directly if she has concerns. this approach worked briefly, but she later began to believe they were lying to her. its also a case me being unable to see the insults they're saying about us only she can. earlier in our relationship i had low self confidence anwould stick my head in the sand when any confrontation would appear, thankfully not the case anymore, but this has taken root as me being unable to see it. neither can her friends that she trusts. at this point, i m at my wit s end. i can t even communicate with my friends without worrying that it ll worsen the situation. we ve been together for over 10 years, i love her deeply, and want to start a family, we've been through some dark depths over the years and great highs, but this is taking an enormous toll on me. i did push back and tell her that i believe its not real which worked for awhile, but now i'm at a stage where its a ultimatum, either i believe her this is happening or im on their side. i can't win. i m based in europe and hesitant to share too much more detail to maintain anonymity, but i d appreciate any advice or insights. thank you for reading.",Schizophrenia Spectrum & Psychotic Disorders,Sleep Disorders,Personality Disorders,Psychotic Disorders,Depressive Disorders,Ocd Spectrum,Delusional Disorder,Narcissistic Personality Disorder,Sleep Apnea
4527,how do you forgive yourself?,"i'm not trying to be a downer, but sometimes i think about all of the things i have done. today i have more awareness than i did in the past, and i have a set of rules for myself which is intended to help society and those around me. but, i still think about the things i did, and the way people treated me when they ""figured out"" what kind of person i was. sometimes, i get scared because i think that in the future whenever i meet anyone, i'll do the same antisocial stuff to them, and i'll ruin the relationship. i know some people here don't give too much thought to this, and just believe that they will treat others like they are treated. but that doesn't work for me. usually people are nice, and kind until i ask them for too much, or i lie to them, or something of that nature. so, i would like to know if there is anything you guys do to forgive yourself for the mistakes you have made, and if there is anything you tell yourself to try and actively build healthy relationships.",Personality Disorders,Trauma & Stressor-Related Disorders,Obsessive-Compulsive & Related Disorders,Cluster B (Dramatic/Emotional),Panic Disorders,Ocd Spectrum,Antisocial Personality Disorder,Anorexia Nervosa,Adjustment Disorder
21563,is it possible to have a boyfriend when i don't even have friends?,"i recently got onto bumble and i'm talking to this guy and it's going pretty well... but all i can think about is the fact that if he gets to know me for real, he'll see that i'm a loner who literally avoids people on a daily basis. honestly, i think i might be overreacting here because we literally just started messaging each other but yeah i'm feeling a lot of anxiety right now. please advice, tips, anything",Personality Disorders,Substance-Related & Addictive Disorders,Obsessive-Compulsive & Related Disorders,Cluster C (Anxious/Fearful),Generalized Anxiety Disorder,Panic Disorders,Avoidant Personality Disorder,Narcissistic Personality Disorder,Major Depressive Disorder
6890,inner dialogue,"does anyone else have an inner dialogue about yourself that says stuff like these people are probably thinking, what a funny girl that is. i wish i could be like her. they re probably thinking where did all of that charm come from? i can t help but think things like this after walking past or interacting with anybody.",Personality Disorders,Eating Disorders,Schizophrenia Spectrum & Psychotic Disorders,Cluster B (Dramatic/Emotional),Bipolar Disorders,Panic Disorders,Narcissistic Personality Disorder,Binge-Eating Disorder,Obsessive-Compulsive Personality Disorder
10777,buspar and klonopin?,"so i was taken to the hospital after a really and panic attack and the doctor there prescribed me klonopin 1 tablet by mouth twice a day as needed . my first question is, if i haven t used two per day, is it safe to go past the 5 day limit since there are 10 tablets with no refill. my second question is have any of you used buspar? and if so, has it been helpful in reducing panic attacks? i m new to having frequent panic attacks and it s quite terrifying but i just got a buspar prescription and started it today. i m worried what will happen once the klonopin runs out. for those who have responded to my other posts, thank you, you have been very helpful, as i said this is very new to me and i m quite terrified and not sure how to deal with it.",Anxiety Disorders,Personality Disorders,Sleep Disorders,Panic Disorders,Autism Spectrum Disorders,Cluster A (Odd/Eccentric),Panic Disorder,Histrionic Personality Disorder,Restless Legs Syndrome
8192,not drinking just hurts so much,i didn t even think i m drinking a crazy amount and i m always a nightevening drinker but even by the next morning it s so painful. i hate the heart palpitations and waking up so dizzy and confused. and the constant headaches and stomach pains and cold sweats and shaking hands. i m once again trying to go as long as possible without drinking and hopefully i ll at least make it long enough to get through this misery.,Substance-Related & Addictive Disorders,Personality Disorders,Sleep Disorders,Substance Use Disorders,Ptsd Spectrum,Psychotic Disorders,Alcohol Use Disorder,Attention-Deficit/Hyperactivity Disorder (Adhd),Bulimia Nervosa
20757,i just want to share some coping skills that sometimes help (not always),"this is going to be long. maybe none of it applies to you, maybe one thing is a new technique. this isn't perfect, and i still struggle, but this list has sometimes helped slow me down or avoid a binge. i am currently in a binging spree and am also hoping that reaching out to others will help slow me down. like most things, if this isn't helpful take what you need and leave the rest. \do the opposite. this initially feels disrespectfully simple, but i know that it isn't. i made a list of things that felt like the polar opposite of a binge. for me it was take a walk around the block, take a shower and put lotion on my whole body, and text a friend to make a plan (i don't tell them i am binging or struggling, just make a coffeemoviecatch up date in the next few weeks. movingget out of my space, treating my body with kindness, and getting out of head are all opposite of what leads up to a binge for me. \help lines. hit and miss for me, but help me become aware that i am ramping up and feel swallowed by an urge. ""you can contact the national eating disorders helpline at (800) 9312237 or text neda to 741741"" sometimes i call and hang up. sometimes i text and then never respond. it is hard and initially feels very confronting that i am admitting it's a problem and i am asking for help. like i said, hit and miss. \distract, delay, document. distract with anything that is relevant to you. go to a movie, draw your pet, leave your living space, watch your favorite episode of your favorite tv show, listen to your favorite album on a walk, go to the library, take a drive, clean your bathroom, put away the laundry, literally anything that applies to your life. your distractions aren't the same as my distractions, find what works for you. delay say 'i will binge tomorrow' this might seem backwards, but sometimes it helps the urge pass in the moment. i am not denying that i want it, but after a night's sleep i am sometimes able to have a clearer head the next day. i tend to binge at night, so this one is easier for me as i can usually just say 'go to bed.' document \ get a piece of paper and a pencilpen, open your notes app, and write down every single moment and how you feel. what is happening while you are ramping up, ordering food, going to the grocery store to get food. how does it feel at the first bite? when your stomach starts to feel full? when you push past fullness? when you decide to stop? for me, this takes the thrill out of the whole experience. having to write it all down just makes it sooooooooo boring for me. \deleting accounts for delivery apps. sometimes i just make a new account but sometimes it's enough of a roadblock to stop me in that moment. \tipp stands for temperature (hot shower, cold shower, dunk your face in ice water), intense exercise (jumping jacks, run down the street and back, run up and down some stairs, shadow box), paced breathing (google some paced breathing guides), and progressive muscle relaxation (move from head to toe or toe to head tensing and relaxing every part of your body). \get your daily dose. dopamine, oxytocin, seratonin, and endorphins. i also made a list of how to get each of these, and how to get those in my own living space. dopamine clean my room, do the dishes, sweep. oxytocin pet my cat. seratonin watch my favorite show, listen to favorite albumplaylist. endorphines run down street and back, or plan on daily exercise like a walk or easy yoga video (fiton is free). \personally, for me, i avoid this subreddit when i am in an urge. sometimes i feel a little bit motivated to binge if i am in an urge when i see content around binging. this is not mean to be rude or disrespectful to anybody on here, and i see how helpful this sub is to many when they are in moments of need. this is just something that i know helps me to avoid binge content when i am struggling myself. none of this is foolproof. i often slam right past all of these and decide to binge. they are hard to start, nothing on this list is meant to be presented as something easy. believe me when i say i know that they are hard and the distance between wanting to binge and trying these techniques is cavernous. it involves lots of personal inventory and swings and so many lists. i just wanted to share in a means maybe help one person for one minute, and help me by reaching out when i am in a binging spree.",Eating Disorders,Mood Disorders,Trauma & Stressor-Related Disorders,Restrictive/Compensatory Disorders,Panic Disorders,Insomnia Spectrum,Binge-Eating Disorder,Insomnia,Panic Disorder
4852,how long does it take to get used to an oral appliance?,i was using a cpap machine with nasal pillows with about 50 percent compliance. i got fitted for a sleep appliance by my dentist. it has two fitted pieces and blue bands on the side. my question is how long does it take to get used to the appliance. i have trouble sleeping through the night. i'm not sure whether i'm waking up due to discomfort or apnea.,Sleep Disorders,Trauma & Stressor-Related Disorders,Mood Disorders,Insomnia Spectrum,Generalized Anxiety Disorder,Substance Use Disorders,Sleep Apnea,Anorexia Nervosa,Social Anxiety Disorder
20690,i just got fired from my job for suffering a sleep attack.,"slept all the way through high school.top of the class. dropout from college due to non related mental health issues. slept through it too. get a service job.fell asleep while standing in front of a crowd of people. lucky i did not get photographed. go back to college. sleep through it. finish it in one go. get a job in it, i had done some coding as a hobby (non related major). feeling like an imposter but doing ok. practice period. first sleep attack. hr gal asks to talk with me. excuse it like in high school, not diagnosed of anything, been happening all my life. say i'm doing my best and it won't happen again. ask for more workload so as not to stop for any moment. was this a mistake? second time. different dude seems more pissed, asks if i am ok. very similar combo but the vibe is more off. half an hour later i get called. they not continuing my paid internship. got caught sleeping and ""bad performance"". first meeting she just said i was not the best, now she saying i'm falling behind, that is not just the sleeping. can't do anything if i am not diagnosed of anything. using happy corporate bullshit to say i did not ""go beyond"" in my work. decision already taken, nothing to do please just go. zero sympathy from them. just get diagnosed. i tried. it ain't so easy. can't explain how nobody understands this. i feel awful. i need to get diagnosed. i entertained the idea a few years ago, a doctor told me to take a multiple latency test. did not go through with it, i was afraid of my family treating me like a disabled person. not allowing me to drive, imposing limits on me. i now need to get a diagnosis, whenever i get another job the same will happen. i don't know how to tell my parents.",Sleep Disorders,Substance-Related & Addictive Disorders,Anxiety Disorders,Insomnia Spectrum,Adhd,Cluster A (Odd/Eccentric),Narcolepsy,Schizoaffective Disorder,Alcohol Use Disorder
1291,akathisiairritation,"what do y all do to stop this feeling. i can only explain it as my body and brain want to just stop everything i m doing and peace out. just drive and listen to the heaviest music i can find and go till i don t know where i am. i also want to open every door with a sledgehammer. not because i want violence or i m angry .. just cause i think it d feel amazing. i work 12 hour nights and i don t know what to do. i take bisprone, adderall xr, and lamotrigine. i thought meds would help this and i m irritated beyond reason for no reason right now.",Mood Disorders,Trauma & Stressor-Related Disorders,Neurodevelopmental Disorders,Bipolar Disorders,Panic Disorders,Insomnia Spectrum,Bipolar 2 Disorder,Hoarding Disorder,Autism Spectrum Disorder (Asd)
5907,i thought i was ediblocked but actually was not,"i thought i was ediblocked but i actually was not. i can feel edibles when it's fat infused and only when i take it on an empty stomach. i need more weed than i smoke to get a high though. i've done firecrackers but i get better results from this method. here's how i make fat infused cannamilk in a stealthy way what you need 1. powdered milk (whole milk itself doesn't have a lot of fats so you can add a lot more powdered milk to increase fat content) 2. ground decarbed weed 3. a small double wall vacuum insulated flask, preferably around 330ml (won't work good if it's a shit one) preparation 1. put 510 tbsp powdered milk in the flask, i do 9 spoons. 2. mix in the decarbed weed. 3. pour in boiling water and immediately close the flask. fill in the flask as much as possible for maximum heat insulation. now let the flask sit for 3 hours. if everything done right, after you open the flask, there will be a viscous dark liquid floating on top of the milk. take a spoon and mix it in, it should mix. the milk should change its color. most or all of the weed should sink in after the infusion. now just drink and get baked asf",Substance-Related & Addictive Disorders,Obsessive-Compulsive & Related Disorders,Anxiety Disorders,Substance Use Disorders,Insomnia Spectrum,Psychotic Disorders,Cannabis Use Disorder,Dependent Personality Disorder,Agoraphobia
21185,i m so tired. all the time.,"i can sleep 5 hours or 14 and still wake up tired. i drink a disturbing amount of caffeine which helps me from falling asleep (sorta) but i m still always exhausted. i barely have the energy to do more than my 40 hours for work (which is usually on my laptop in bed). i did blood work recently and everything is normal, vitamin deficiency wise. i rarely eat during the day (i will usually eat my first meal after 56pm)because i m immediately ready for a nap after i eat. any suggestions or advice? i m desperate",Neurodevelopmental Disorders,Sleep Disorders,Mood Disorders,Adhd,Phobias,Autism Spectrum Disorders,Attention-Deficit/Hyperactivity Disorder (Adhd),Avoidant Personality Disorder,Schizoaffective Disorder
15666,"dae (maybe women?) feel for a few moments a really warm, almost boiling area of your body after a binge?","it doesn t always happen to me, but sometimes for example i cross my legs while sitting and i get scared because it feels like i m pissing myself but its just that part of my body that is so hot in that moment. its like having hot flashes in menopause but the only difference is that i m not in menopause maybe its just my hotmones that are fucked up",Eating Disorders,Sleep Disorders,Substance-Related & Addictive Disorders,Restrictive/Compensatory Disorders,Autism Spectrum Disorders,Bipolar Disorders,Binge-Eating Disorder,Social Anxiety Disorder,Antisocial Personality Disorder
1117,am i legally allowed to become an anesthesiologist?,"so for context, i have narcolepsy type 2 (wout cataplexy). i m currently a sophomore in college majoring in biomedical sciences and psychology with the intent of going to med school. i never actually thought about this until someone asked me and i had to stop and think. can i legally become one, because if not idk what i m gonna do",Sleep Disorders,Obsessive-Compulsive & Related Disorders,Schizophrenia Spectrum & Psychotic Disorders,Insomnia Spectrum,Generalized Anxiety Disorder,Ptsd Spectrum,Narcolepsy,Anorexia Nervosa,Attention-Deficit/Hyperactivity Disorder (Adhd)
4534,how do you get diagnosed as an adult?,"hi, i ve been concerned about my son. he just turned 21. strongly suspecting asperger s since he started college. i know they don t call it that anymore but it seems to fit. he developed normally as a kid. the only thing that would be a flag is he loved to line up his little hot wheel cars. he outgrew that by preschool. always made eye contact and never had an issue speaking. he could be a little emotionally immature though elementary. prone to overreacting and getting upset over things that weren t that huge of a deal. that went away by 4th or 5th grade but he can still do that sometimes at home. he s always been above average intelligence and tested into the gifted program by 1st grade. he s a computer science major and has never struggled with school. socially is another story. i realize the friends he had in his youth were all made by me or other moms. he seemed fine to hang and play with friends but it wasn t like a need of his. in high school he made two good friends. one, i suspect, is on the spectrum like he is maybe. they haven t kept in touch and the other buddy makes all the effort i think. my son has been in college for 3 years and hasn t made single good friend. how is that possible? never been on a date or had a girlfriend. no interest in his appearance, social media, or anything else guys his age might be in to. we put him in sports as a kid but he s never been that into them. he likes reading and gaming and that s it. he doesn t mind skiing and wake surfing but he does that with us not friends. i m getting concerned about him going off on his own and trying to get a job after graduation. right now he tutors and works for our office on fridays. does any of this sound familiar to your experience? or does he just sound kind of quirky and introverted? i don t know who to take him to and if that would help? i don t know how you make someone social if that s even possible. life coaching? thanks for reading. i know was really long.",Neurodevelopmental Disorders,Personality Disorders,Obsessive-Compulsive & Related Disorders,Autism Spectrum Disorders,Generalized Anxiety Disorder,Ptsd Spectrum,Autism Spectrum Disorder (Asd),Body Dysmorphic Disorder,Obsessive-Compulsive Personality Disorder
20141,i feel so embarrassed,"a few days ago i called 911 again from a panic attack. mixed with my hypochondria or possible ocd i 100% convinced myself that i had super high blood sugar and that if i didn t get help i could die i swear to god i heard the operator sigh while i was frantic and crying and i was like wait nevermind it s probably just a panic attack please don t send anyone because i realized how stupid i was acting but they insisted to send someone just in case that sigh embarrassed me so bad, i m so stupid, why do i keep doing this?? they probably have me on some kind of don t take this person seriously list or something",Anxiety Disorders,Eating Disorders,Schizophrenia Spectrum & Psychotic Disorders,Panic Disorders,Depressive Disorders,Phobias,Panic Disorder,Schizoid Personality Disorder,Persistent Depressive Disorder (Dysthymia)
21491,i need your help with my inflexible morality. is it ok to use manipulative techniques to get people to do the right thing?,"sorry if this gets posted multiple times i am having issues with posting this... the main reason for me to use throwaway is to not link myself professionally to be an intentionally manipulative person if someone googles me. i am struggling with my inflexible ethics. i want people to do the right thing (tm) with the right reasons (tm). i realize that this is a pipe dream, and i am looking for right to use basic manipulative techniques to get people to do the right thing. i am not talking about actually lying or using hypnosis or anything like that, merely things which normal people do more or less automatically. one of the ways to manipulate people is to appeal to authority or popularity. people in this subreddit are an authority (of some sorts) and if enough of you are supportive to my plea it is a manipulation via popularity. my rigid sense of morality usually forbids me to use such techniques or even more direct manipulation by presenting the good side of myself rather than my weaknesses and bad characteristics. if i would use my own standard login here you would also see that i have shared my own wisdom here and that would be a manipulative tool via reciprocation. (seller giving samples at store makes people more likely to buy other stuff from same seller, not just the sampled product.) another example of manipulative techniques is the reworded title of the post. call to action is manipulation to get people to act. even more manipulative was addition of ""your"" to it as it makes it even more personal i am asking especially you to do something. this is not just regular message on board to skip, this asks you to act upon something which your fellow ocpd sufferer is going through. what is in your opinion limit of ethically acceptable manipulation of others? are the techniques mentioned here more or less acceptable in general to be used if the goal is justifiable?",Personality Disorders,Eating Disorders,Mood Disorders,Cluster C (Anxious/Fearful),Cluster A (Odd/Eccentric),Autism Spectrum Disorders,Obsessive-Compulsive Personality Disorder,Generalized Anxiety Disorder (Gad),Major Depressive Disorder
16365,"donation based guided meditation course on the unrelenting standards hypercriticalness schema this sunday, the 8th of december","in this workshop, we'll do a series of guided visualization meditations on the unrelenting standards schema. in my opinion this is the most core schema of ocpd. it's on a donation basis. so, inability to pay should be no barrier to participation. it's this sunday, the 8th of december here is the link [httpsattachmentrepair.comonlineevents202412unrelentingstandards](httpsattachmentrepair.comonlineevents202412unrelentingstandards)",Personality Disorders,Mood Disorders,Neurodevelopmental Disorders,Cluster C (Anxious/Fearful),Panic Disorders,Cluster B (Dramatic/Emotional),Obsessive-Compulsive Personality Disorder,Alcohol Use Disorder,Anorexia Nervosa
21007,i m learning tolerance to not be like those who made fun of me,"i ve always been a weird kid. the one other children don t want to play with and grown ups laugh at. there are many reasons for that but one of the key one is my adhd. finding out that i wasn t accepted by society for something that wasn t even my fault made me feel rage and hate for those that mistreated me. this gave me motivation to learn more even about neurodiversities that i don t have (asd, tourette, dyslexia, other cluster b and etc.) well, i m that type of narcissist who has empathy, i actually feel bad sometimes for people suffering from discrimination. but to be honest, it s not my main motivation. just imagining how i ll stand up against the bullies, and the disabled person will see how i m more open minded, understanding, better than everyone else is a form of supply. the other reason is i don t want to be one of those i despise so much. thinking that i might be that one neurotypical mistreating others for being different in someone else s story is fucking terrifying. even though that actually helps me to maintain my ego, it makes me hate people even more. i feel like others owe me for being such an understanding person. if i m trying so hard to accept others everyone else should. but no, majority just continues blaming me for my adhd symptoms. that only increases my rage and hate",Personality Disorders,Sleep Disorders,Schizophrenia Spectrum & Psychotic Disorders,Cluster B (Dramatic/Emotional),Cluster C (Anxious/Fearful),Depressive Disorders,Narcissistic Personality Disorder,Bulimia Nervosa,Bipolar 1 Disorder
8408,ocd made my depression worse,"i just wanted to share this in case anyone else feels similarly and wants to open discussion. dude.. for as long as i can remember, the thought of never being in control of everything has plagued my life. especially growing up with strict parents, i never had a say in anything. in the clothes i could wear, the music i could listen to, the shows and movies i consumed, the books i read, everything was chastised. i never really felt safe, truly so all that being said, the thought of having wait to move out and get out of this toxic environment has been haunting me since i could think, and id fall into deep pits of depression consistently bcuz i just always felt stuck and at the same time, felt too out of control to do anything abt how i felt so it ruminated for years. now i have freedom to do what i want, and im still miserable. my therapist suggested it might be bcuz this is the first time in my life where im not being watched constantly, and perhaps theres truth in that sentiment. but i feel like theres more to it that i havent dug down deep enough to find it. to pair this with all the mental and physical rituals i do, irrational fears, all or nothing mindset, and perfectionism, etc. i feel like i cant do anything. and its impossible to explain. ive felt so different for so long and i just always thought id never feel kinship with anyone abt this, i always felt like i knew a secret way of life that only i had to live and if i opened up abt it, bad things would happen (you would think i wouldve gotten diagnosed way earlier lmfao). i genuinely feel like my brain is the symptom and the problem, even when everything is going well in my life, i still feel genuinely insane and i have no way to explain it, which makes me feel worse bcuz noone can understand it bcuz i dont have the words for it",Obsessive-Compulsive & Related Disorders,Substance-Related & Addictive Disorders,Anxiety Disorders,Ocd Spectrum,Cluster C (Anxious/Fearful),Adhd,Obsessive-Compulsive Disorder,Autism Spectrum Disorder (Asd),Social Anxiety Disorder
15791,does anyone else have chronic moodswings,"i constantly switch between a terrible depressive state in which i do extremely impulsive things to stop it, and feeling empty and doing bad things to stop that emptiness. it's like i feel so much yet so little. during my depressive episodes specifically, they don't always have to be depressive necessarily, it can also stem from minor to big inconveniences or can be other emotions for example intense anger or self hatred, it's primarily depressive symptoms though. during these episodes i go to excessive lengths to stop it and this can include planning to commit suicide, or doing drugs from a unknown place despite knowing they could be laced, just anything to stop it. or when i'm in a emptiness state, the emptiness is so chronic i'll do things like self harm to stop. this has been going on for as long as i can remember. i'm 15 and i don't know what to do, i can't live like this much longer. i'm tired of constantly fearing my emotions, of what i'll do when i end up in these states. what do i do?",Mood Disorders,Anxiety Disorders,Sleep Disorders,Depressive Disorders,Ocd Spectrum,Substance Use Disorders,Major Depressive Disorder,Binge-Eating Disorder,Social Anxiety Disorder
4546,how do you get yourself to eat things?,"i got really quite ill some time ago and i know it should have like. kickstarted me into recovery except it just did not. unfortunately. but the face my partner makes when he asks me if i ve eaten and i can t answer him is so sad( so i m trying to eat more, like a if you can t do it for yourself do it for him type thing, but i just can t bring myself to. stared a yoghurt for ten minutes before i managed to eat it how do you guys get yourself to eat when you need to? do you have any ideas on how to distract yourself from the crushing guilt?",Eating Disorders,Obsessive-Compulsive & Related Disorders,Mood Disorders,Restrictive/Compensatory Disorders,Phobias,Substance Use Disorders,Anorexia Nervosa,Dependent Personality Disorder,Obsessive-Compulsive Disorder
4055,"how could someone with bdd, social anxiety or avpd","ever go over the town to approach woman and girls to ask them out? avpd'ers avoid people, generalized social phobics panic in public.and feel everyone observes, and bdd'ers are basically the same as social phobics but may not panic but must conceal their appearance and avoid face to face contact with others. also generalized social phobia can be gotten over, avpd may be situational with traits and new encountersprolonged relationships (the girl will know the guy has a problem if he even approaches), with the full blown thing it's almost permanent and bdd generally does not go away. another thing for people here who look younger than there age, how are these people supposed to chat up woman when you look like a teen still in school, and the sort of girls who may like guys like that tend not to go out socializing. now i know that you have every right (i often feel i can't do this) to talk to girls anywhere you want be let's be honest here, does anyone else here feel they don't have a ""right""? please say you understand. what if they are mean to you or label you as awkward or whatever? just get up and leave? can't help but feel this aren't places to talk to others (besides casual encounters with the cashier) for people like me. even at bars i am.sometimes insulted. this thing is destroying my life chances. weirdly i feel mentally alone in all of this, ever felt like your alone in the world?",Obsessive-Compulsive & Related Disorders,Trauma & Stressor-Related Disorders,Personality Disorders,Ocd Spectrum,Panic Disorders,Cluster A (Odd/Eccentric),Body Dysmorphic Disorder,Autism Spectrum Disorder (Asd),Dependent Personality Disorder
10409,can adhd cause frequent depressive episodes?,"i think i'm depressed and i feel like ritalin made this me way worse. i used to enjoy listening to music, now i can't even do that. but even before starting to use ritalin, i've started to feel empty. i feel numb but not numb at the same time. i usually don't feel anything but there are times where i do feel. life feels meaningless. i'm in a constant state of brain fog. i'm only 16 and i've changed a lot over the past two years. it hurts to lose the joy that i had by making others happy . i feel like a depressed clown. i can't even bring my words together. i've attempted to kms two months ago but i couldn't because i'm a coward. i used to sh but i stopped doing it like a month ago. i want to do it again to feel something but i feel too tired for that.",Neurodevelopmental Disorders,Mood Disorders,Obsessive-Compulsive & Related Disorders,Adhd,Cluster C (Anxious/Fearful),Bipolar Disorders,Attention-Deficit/Hyperactivity Disorder (Adhd),Bipolar 2 Disorder,Schizoaffective Disorder
4342,"how do other people with autism, come to terms with the idea that they may never be in a romantic relationship?","hello, i am 38 autistic. i have never been in a relationship before. not even close if i am honest. i just seem too different from other people. i have basically accepted i will always be single. i am curious how other autistic people handle this. to answer my own question, i used a lot of weed edibles. they really help kill the long and lonely nights. and yes, i am aware that plenty of people with autism get into relationships. i just do not seem to be one of those people.",Neurodevelopmental Disorders,Eating Disorders,Mood Disorders,Autism Spectrum Disorders,Ptsd Spectrum,Phobias,Autism Spectrum Disorder (Asd),Schizotypal Personality Disorder,Dependent Personality Disorder
12386,personality disorders support server,"welcome to the personality disorder posse, the server where people with all personality disorders are welcome self assigning roles lgbtq friendly all personality disorders are included 16 and up only please free resources, worksheets, and crisis lines open to anyone without a pd pd posse is run by someone with multiple pd diagnosis, so you know it is run by someone who will understand. please feel free to make a little home with us httpsdiscord.gg8yeh886",Personality Disorders,Trauma & Stressor-Related Disorders,Sleep Disorders,Cluster C (Anxious/Fearful),Substance Use Disorders,Ptsd Spectrum,Dependent Personality Disorder,Histrionic Personality Disorder,Body Dysmorphic Disorder
16381,double depression executive dysfunction junction,"my symptoms are usually more affective and fatigueoriented. typically, i don't deal a lot with executive dysfunction. at least not in the areas of my life required for survival, and certainly not in the way i'm dealing with it now. over the last couple days, something in my brain has crashed. i've been exhausted. i haven't been able to cook, cleaning has been immensely difficult. i haven't been able to think as quickly or as clearly as i'm used to. work tasks are taking me twice as long. i watched myself selfsabotage last night, where i tried to study unsuccessfully, fell asleep on the couch, woke up, and then couldn't get off the couch in time to get to bed at a reasonable hour. i just... stayed there until it got so late that i wouldn't be able to wake up on time to go into the office. this resembled executive dysfunction i had when i was younger, where i'd fully get ready for school and then just... sit down, dressed with my shoes on, for hours, until it was way too late to make any of my classes. it's been extremely hard to transition between tasks or states of being (inertia?) i started up my meds again maybe 2 weeks ago, and those are usually good at quickly getting my fatigue and suicidal ideation under control. but i'm struggling, very hard, right now. my brain feels like it's filled with muted static, and my body feels like sludge. my double depression episodes don't tend to last too long, so i'm hoping for a return to baseline soon. and maybe this is hormonal. but ooh boy am i tired and completely unable to do the things i need to do. ugh.",Mood Disorders,Personality Disorders,Trauma & Stressor-Related Disorders,Depressive Disorders,Psychotic Disorders,Adhd,Persistent Depressive Disorder (Dysthymia),Social Anxiety Disorder,Generalized Anxiety Disorder (Gad)
18151,going on a plane for the first time since developing agoraphobia. helpful adviceanswers?,"hello everyone, i m a 26yo man and i developed agoraphobia in december. i always had underlying generalised anxiety and health anxiety, but some experiences led me to develop agoraphobia. that mainly manifests itself by fear of enclosed spaces and fear of leaving home alonebeing alone. i manged to get on a train by myself, 30 mins back and forth ride walk around a city and get breakfast at a caf by myself, which is great for me. but next week i ll be flying for 1.5 hours. less if the wind is favourable. i am terrified of this flight. i am not afraid of plane crashes, i fully understand and accept that planes are safe, the pilots are much more competent than i am and that i am much more likely to be involved in a car crash. so that doesn t scare me. what terrifies me is the possibility of having a panic attack with no way to escape the situation. i know it is ironic since when i do have panic attacks i never leave the situation i am in, i tend to sit on the floor or just lay in bed, but at least i know i could escape if i wantedneeded to, and getting help (be that emergency services or a family member) would take probably 1015 minutes. but that s not the case on a plane. my gf will be there, but she ll be on the aisle seat directly behind my isle seat, we couldn t find two close seats so, any advice? i have no medical issues, but i will be taking a xanax also, any advice on mindless phone games i can play to distract myself? i ll already download a few youtube videos and some spotify playlists (feel free to share your own if you have one) thank you all asking someone to switch isn t a possibility since my seat is the extra legroom seat, which i need since i am fairly tall, and those seats cost extra, i don t see people that needpaid for those seats giving them up because i get the scaries.",Anxiety Disorders,Schizophrenia Spectrum & Psychotic Disorders,Substance-Related & Addictive Disorders,Phobias,Adhd,Cluster A (Odd/Eccentric),Agoraphobia,Obsessive-Compulsive Disorder,Schizoaffective Disorder
4831,how long did it take xywav to work for you,"started a week and a half ago and honestly it's not really helping. i've been on 3mg twice a day for several days, at least on this dose it's easier to sleep than 2.25 (gave me insomnia). haven't had any relief yet. only thing i can say, idek if this is a positive, yesterday i woke up okay then got extremely tired within 30 mins to one hour. i tried to sleep but couldn't, so instead i was there for like an hour desperately trying to sleep lol. normally i anyone can take a nap when extremely tired so that was unusual for me for sure.",Sleep Disorders,Eating Disorders,Mood Disorders,Insomnia Spectrum,Ptsd Spectrum,Psychotic Disorders,Narcolepsy,Cannabis Use Disorder,Schizotypal Personality Disorder
7180,"is it all my fault, really? is there any hope?","tw domestic violence, suicidal ideation to start, idk if i have bpd, but a lot of my behavior in a particular relationship with 2 friends (my fp s?) over the past couple years has very much followed that pattern. we were friends for several years. a couple years ago, i confided in them that my husband had been physically abusive but that i was unsure howif to leave. they were great supportive, protective, nonjudgmental, etc. long story short, i leaned on them too much, asked for reassurance a lot, and was in a very negative place (i have a history of anxiety and depression). they started to distance themselves. i kept asking why and they kept saying i was overreacting, that everything was fine. but they never asked how i was anymore, even though i asked about them. they seemed to stop caring, stop responding to texts, etc. i got really depressed about it bc i really trusted and cared for these people. i was also going through a lot of other stuff (a divorce, as it turned out, my special needs kids being so violent and aggressive that we had to call the cops several times, etc). one of the friends and i had some conflictsfights, but not the other. but when i didn t contact them at all for 2 whole months, neither contacted me. when i reached out and talked about how hurt i was, how i felt they d left me after promising they never would, how i was confused and depressed to the point of having unsafe thoughts and really, really needed to see them (i hadn t seen them for months), they basically told me to leave them alone and one blocked me. i can now see that some of my behavior was passiveaggressive or guilttripping (though i didn t know it at at time, i honestly felt worthless and like a burden) that my unsafe thoughts reference was sort of a suicide threat, though i didn t realize or mean it that way. i just thought maybe they didn t understand how much they meant to me or how much pain i was in. after six weeks of lots of reading and researching and coming to grips with the fact that some of my behavior was manipulative and wrong, i texted them asking if i could send a short apology letter, because i d come to see that all the problems were my fault. one kindly wrote back and said no apology letter was necessary and he was glad i was doing better and good luck on my continued journey. so, while reassuring, i think it s also a goodbye forever and that kills me. the other i don t think has even read my message (she s the one who blocked me, but only on imessage and i sent the recent message through fb). even though i realize that i was annoying and burdensome, i feel like they did some stuff that was not great either. i mean, i told them i was deeply depressed and unsafe and they basically responded to leave them alone my life wasn t worth a 30minute cup of coffee to them, after all our years of friendship? none of the good things i did or the good times matter, only that i got too clingy and annoying when i was going through a terrible time in my life? i guess i was a bit accusatory and the allusion to suicide was manipulative, but don t i get any grace for not being at my best given all the shit i was going through? how do you abandon a friend who you know has depression, who is coming out of an abusive relationship, who has two autistic teenagers . . . and it s not like i wanted to just have a sob fest and vent to them all the time i just wanted to continue being friends, text occasionally, etc. it kills me not knowing what they think of me. do they think i made all my problems up (i didn t)? am i really the only one to blame here? i still love them, and the thought of trying to move on without them just wrecks me. but i can t reach out anymore, right? i have to let them come to me, if they decide to? i hate that i seem to have lost all their care and respect and don t really fully understand how or when or why exactly. why did they keep telling me things were fine when i said something felt off? why did they make plans w me and then bail, repeatedly? what is so awful about me that i have to lose these two people who i care about so much? i m willing to take all the blame, even if i think that not truly everything was my fault (most of it probably was), if i could just have them back in my life. i cry every day. how do i get through this? it feels like i m getting the wind knocked out of me, over and over and over. and idk if it s bpd, bc this is not a pattern in my life. it just happened over these couple years with these couple of people, but i fit most of the symptoms in the context of this situation.",Mood Disorders,Obsessive-Compulsive & Related Disorders,Substance-Related & Addictive Disorders,Bipolar Disorders,Cluster B (Dramatic/Emotional),Generalized Anxiety Disorder,Bipolar 1 Disorder,Paranoid Personality Disorder,Narcolepsy
3035,do any of you have a weird system of support points in your head?,"i do this thing where i tell myself i can t ask anyone for help because i ve already done it too much lately and if i do it again i ll be overstepping and too clingy and it ll have less weight because me complaining has become normal. like support from people is like a points system and it s possible to spend too much and not be able buy more support. i know it s stupid, but this is just how i think of it sometimes",Personality Disorders,Obsessive-Compulsive & Related Disorders,Eating Disorders,Cluster C (Anxious/Fearful),Psychotic Disorders,Phobias,Dependent Personality Disorder,Schizoaffective Disorder,Schizophrenia
10678,can you have narcolepsy with just fatigue?,"mslt definitely positive. i remember being exceedingly tired that day because i got woken up at 6am instead of my usual 9am. all of my rem happens in the later part of my sleep (very delayed rem). my only symptom is all day fatigue. i don't get sleep attacks, no sleep paralysis or hallucinations, no automatic behaviors or insomnia. my sleep schedule since i did my sleep study is now immaculate and my body keeps the schedule flawlessly. i am unrefreshed in the morning and struggle with sleep inertia though. my ess is always 4 (yes, four). i don't doze off or get more drowsy on the computer, watching tv, or driving. i know the only symptom required is eds. but is it possible to have just fatigue? i've self monitored and reflected on past behavior, asked those around me, and my interpretation is the same as reflected above. i identify fatigue as low energy, whereas sleepiness is ""could i sleep given the opportunity"". eta my test was done in october and already discussed with the doctor that did the test (a general pulmonologist), and a secondary doctor (narcolepsy specific). the second doctor is very surprised about the presentation of the mslt given how my symptoms present day to day.",Sleep Disorders,Anxiety Disorders,Substance-Related & Addictive Disorders,Insomnia Spectrum,Depressive Disorders,Cluster C (Anxious/Fearful),Narcolepsy,Bipolar 2 Disorder,Sleep Apnea
3932,how are you guys getting vyvanse?,my binge eating got really bad recently after my dog passed. i m trying to keep going but it s so hard. i ve been trying to get vyvanse not only for the food noise but because i was diagnosed with adhd when i was younger but never medicated. i reached out to a provider and the first one didn t show up. just ghosted the appointment. the next one stated that she wants me to get on an antidepressant? i m already on wellbutrin. she knew that but insisted on putting me on a second antidepressant. i didn t agree and just have given up on trying for a while. but how did you guys go about getting it? am i speaking to the wrong provider? thanks,Eating Disorders,Substance-Related & Addictive Disorders,Schizophrenia Spectrum & Psychotic Disorders,Restrictive/Compensatory Disorders,Ptsd Spectrum,Phobias,Binge-Eating Disorder,Agoraphobia,Antisocial Personality Disorder
2843,did i deal with this situation right?,"hi i apologize for posting so much but after years of not talking about this its so great to be able to share what is going on and get feedback and support. so i won't get upset if you down vote me into oblivion for being annoying. wife is uocpd and i've been for the most part standing aside when she has outburst as i've come to realize if i criticize during these it only makes it worse. however i have recently come to realize these burst are likely damaging to our children so i have decided i need to be combating these as best i can. this morning the kids (we have three, all under 10) were downstairs with spouse. the routine is to watch tv before breakfast, with a schedule of who gets to pick. today was our middle child's day (and yes, i dont like that it is regimented to a schedule). there was some trash on the floor that was from me, so wife tells middle child to throw it away, but middle child argues a bit with her about it saying it wasn't her trash, though my wife really just wanted her to help and i understand she didn't care that the trash wasn't ""her"" responsibility, but she didn't explain her intention very well (and yes the whole its not mine thing is perhaps an artifact of my wife's ocpd as she will do this exactly too with other things, blame someone else for causing a problem and either refuse to help fix or if she has to deal with it lets you know how inconvenienced she is). so eventually this child gets yelled at for ""arguing"". then wife turns on the tv and chooses a program for the youngest daughter, telling middle child (whos pick it was) that she is just picking one song first. middle child protests and whines a bit, my guess is she thought she was losing her ability to pick entirely. wife gets more mad, and then does that exactly, ""you lost your turn"". middle child doesn't fuss any further from what i can tell (i was upstairs and could hear). then during the song picked for youngest, middle child starts laughing, which upsets youngest childis middle child doing this on purpose? maybe, it is hard to say definitively. she is told to stop laughing a few times, doesn't, youngest starts to cry, then wife loses it, turns off tv, throws a small cardboard box at middle child, causing her to start crying. that's when i decided to come down. i calm kids down and try to ask them what happened, i try to offer some understandings, ""well maybe \\\\ didn't understand that she could pick tv after the song"", ""maybe she found it funny, we can't force someone to stop laughing, but we can ask nicely if it is distracting"". wife argues with me, blames middle child on being a bad listener and always arguing when things don't go her way, i tell her i'm not going to discuss it with her while being yelled at and she can talk to me later. then i offer taking the kids out for breakfast and we all leave (without wife). while out i talk to my children about what happened and explain \ it isn't ok to just make someone stop laughing if they find something funny, but it is ok to ask someone to stop laughing it is disruptive or is hurting your feelings, but you need to let them know why you want them to stop \sometimes there are communication misunderstandings or you may miss what someone says. it is ok to say you didn't hear someone or you didn't understand what they meant, and its ok to ask them to explain it again \say it wasn't deserved for them all to lose the ability to watch tv overall i felt like if i had been there that situation would have been easily averted. did i handle it right? i want make sure my kids aren't normalizing undeserved punishments and angers. i know i can't just stop it from happening, at least not quickly.",Personality Disorders,Sleep Disorders,Schizophrenia Spectrum & Psychotic Disorders,Cluster C (Anxious/Fearful),Depressive Disorders,Substance Use Disorders,Obsessive-Compulsive Personality Disorder,Restless Legs Syndrome,Narcissistic Personality Disorder
19541,i cannot eat with people around.,"i thought i was getting better i d bring snacks to school and eat them but the junk from high school to college was way bigger than i anticipated and it really set me back a little. i got lunch today which i usually only get lunch one day a week with my brother when our schedules aline. but my dad gave me money the other day (which was surprising). i haven t been able to eat much lately so i decided to get a drink and ended up getting an overpriced sandwich too. i walked to were i usually sit to wait for my next class thinking no one would be there, there usually isn t a lot of people here. but there s two people and a third just walked in. it s so quiet. how am i suppose to eat without them thinking i m inconsiderate or something? how am i supposed to not feel judge for eating in public? i hate eating anywhere outside of my house but if i m with someone i know who is also eating it s mostly fine. but like how am i supposed to eat alone in a quiet room with other people here. i don t want to have to put the food in my bag and wait 23 hours till i go home to eat. i thought i was getting better but eating alone in public is like the hardest thing for me for some reason. i just absolutely cannot do it. does anyone else have this problem and is it possible to overcome it.",Anxiety Disorders,Schizophrenia Spectrum & Psychotic Disorders,Obsessive-Compulsive & Related Disorders,Phobias,Bipolar Disorders,Autism Spectrum Disorders,Social Anxiety Disorder,Insomnia,Paranoid Personality Disorder
12749,professional organiser coming tomorrow.,"again. we've been doing this annually(ish) and it's about the worst it's ever been, my bedroom specifically. she'll be here for five hours and it was supposed to not be until september 10th but she had a cancellation. i'm sure you'll understand what i mean when i say i can't stop crying tears of relief. i know she doesn't judge me, that's why i wait for her over the other organisers, or at least is very good at hiding it. ready to clear out the clutter in my heart and mind and, yes, house. ready to sleep in my bed and not feel sick about my surroundings. i really hope i can keep it as beautiful as she always leaves it, for once, but knowing services like hers exist has honestly saved my life countless times. just gotta clear out the trash and make room for her to move (not that she asks) and she'll be here in 24 hours. wish us luck",Obsessive-Compulsive & Related Disorders,Neurodevelopmental Disorders,Schizophrenia Spectrum & Psychotic Disorders,Ocd Spectrum,Restrictive/Compensatory Disorders,Cluster C (Anxious/Fearful),Hoarding Disorder,Persistent Depressive Disorder (Dysthymia),Adjustment Disorder
10957,may i get understood?,"hey, my condition is absolutely something, ok. here's the thing, when i'm about to have an interview my brain will just go crazy and will smoke 5 cigarretes in less than 30 minutes and i end up talking nonsense, but i have been actually good at some different jobs, idk why it's automated thing i will fuck up intentionally when having any interviews, any tips, really need a job.",Schizophrenia Spectrum & Psychotic Disorders,Mood Disorders,Trauma & Stressor-Related Disorders,Psychotic Disorders,Bipolar Disorders,Generalized Anxiety Disorder,Schizophrenia,Schizotypal Personality Disorder,Dependent Personality Disorder
1779,anyone else have really vivid dreamsnightmares? what to do about them?,"even before i had schizophrenia my dreams have always been really vivid and lifelike, which isn t good because my dreams are 99% either scary or weird. they leave me feeling tired when i wake up because they re often intense. unfortunately, when i m tired, my positive symptoms tend to worsen too which is unpleasant to say the least. anyone else experience this? is there anything that can be done to prevent you from dreaming?",Schizophrenia Spectrum & Psychotic Disorders,Neurodevelopmental Disorders,Sleep Disorders,Psychotic Disorders,Substance Use Disorders,Ptsd Spectrum,Schizophrenia,Hoarding Disorder,Antisocial Personality Disorder
17229,feeling good,"i m finally feeling stable. it has been years since i ve felt this way. it s been about a month, and i m grateful for this. just putting it out there. there is a little hope that you can get stable with correct care. it took a lot of trial and error with medication, as well as paying attention to my moods and acting when i noticed a change. just posting a little success as this sub is mostly negative and crisis stories. which isn t a bad thing. i just thought a little positivity would be good.",Mood Disorders,Eating Disorders,Schizophrenia Spectrum & Psychotic Disorders,Bipolar Disorders,Restrictive/Compensatory Disorders,Psychotic Disorders,Bipolar 1 Disorder,Social Anxiety Disorder,Cannabis Use Disorder
3921,how ancient civilizations (before 1800) treat panic disorders?,"hello everyone, i asked chatgpt the other day about how ancient people deal with panic disorder before discovering of medications (ssri, benzos, etc) and therapy (because therapy appears first time in the 20 century), he mentioned lot of things including doing physical workactivities find a support group like family or friends fasting turn to religion diet change smoking some herbals sometimes it was thought that the person is possessed by demons (which is funny) since having my first ever panic attack a year ago, i started to search and dig more and more about the subject hoping someday i'll find something that could help",Anxiety Disorders,Schizophrenia Spectrum & Psychotic Disorders,Trauma & Stressor-Related Disorders,Panic Disorders,Cluster B (Dramatic/Emotional),Ptsd Spectrum,Panic Disorder,Adjustment Disorder,Cannabis Use Disorder
17377,feeling very weird like i don't know how to exist anymore,"i feel so strange in my body. does anyone else feel this way after panic attacks, where you kinda lose the plot or feel generally out of it? i feel like a stranger in my life. life is happening around me, but not to me. it's such a unsettling symptom of anxiety. i get it daily. i really don't know how to accept or ignore it. it always comes with the sense of impending doom.",Anxiety Disorders,Mood Disorders,Trauma & Stressor-Related Disorders,Panic Disorders,Bipolar Disorders,Cluster B (Dramatic/Emotional),Panic Disorder,Hoarding Disorder,Schizotypal Personality Disorder
20443,i hate living like this,"i hate how i have periods where things feel alright. then i hit a minor setback, and i fall right back down into the pit. slowly climb out. fall right back down. sometimes it's not even a minor setback, sometimes my brain just decides that it's been feeling okay for one too many days. i can't think, i can't plan, even though right now i'm at a point in life where i should do nothing but planning. i want to keep living. but the at the same time as i write this before going asleep, i don't want to wake up. i want to fall into a coma. let me just sleep for a couple of months. i don't want to deal with life. i can't deal with it. i feel miserable, i feel alone, i feel like everything is pointless and worthless, i don't feel proud about the things i do well. i want to hug someone. cry all of this out. but all i can do is hug my pillow. i just want to talk to people. i want to feel at ease. i want to be normal. i want this to end.",Mood Disorders,Eating Disorders,Personality Disorders,Depressive Disorders,Substance Use Disorders,Adhd,Persistent Depressive Disorder (Dysthymia),Schizoaffective Disorder,Schizophrenia
18949,help me tollerate the machine,i have a large amounts of csa events during sleep. i had an ahi was 6.4 althought mild i decided to (try) treat it with an autoset 10 as my sleep quality is terrible. since i bought this machine a few months ago i haven't been able to fall asleep with it on. i have been using the dreamwhisp nasal pillows along with airfit f30i. i find the f30i more tollerable than the pillows but thats only becuase of the pressure when exhaling otherwise its quite uncomfortable. i have dialed down my pressure settings to the lowest along with epr at the highest and ramp off. mostly the exhaling pressure is what effects me the most. i have worn the machine throughout the day to try to help but nothing seems to work. unfortunatelty i'm a rough sleeper to begin with and my go to sleep time can be quite high and this makes it much worse becuase even without the machine it's tough to fall asleep to begin with. any suggestions is helpful,Sleep Disorders,Trauma & Stressor-Related Disorders,Neurodevelopmental Disorders,Insomnia Spectrum,Phobias,Substance Use Disorders,Sleep Apnea,Binge-Eating Disorder,Paranoid Personality Disorder
14649,slowly losing sanity.,"people talk about loneliness as something temporary. as something that passes, something that can be overcome, something that will eventually come to an end. they say everyone carries light within them and that all it takes is finding someone who will see it. as if it were that simple. as if there were a lantern waiting to be lit, not an empty space where there was never room for a flame. what if loneliness is not a state, but a foundation? what if there is nothing to return to because nothing else has ever existed? you don t remember when it began. was it always part of you, or did it come with time, settling like dust on forgotten surfaces? you watch the world through glass, but it s not the glass that separates you from people. it s something deeper. something you can t name. when someone asks if everything is okay, you say yes. it s always true nothing is happening. nothing ever happens. you look at them, smile, adjust to the conversation, but inside, there is no echo. their words bounce and fade, like sound in an empty room. over time, you understood that what is inside you doesn t interest anyone. that to the world, you re only what you can show. so you show it. you perform emotions you don t feel, use words that mean nothing to you. and you do it well. so well, that no one ever asks for more. or maybe no one wants to ask. for years, you tried to find yourself, trying to feel something real, something that would set you free. but each time you reached out, you only discovered the surface. it seemed like something was changing, like you were getting closer to some answer, but each time you returned to the same empty place, with no way out. in this space, there is nothing that could save you, because there is nothing that could be saved. you know what the worst part is? you accept it because you know it s true. there is no escape. only a false hope that someday things will change, just to make yourself feel better for a brief moment.",Personality Disorders,Sleep Disorders,Schizophrenia Spectrum & Psychotic Disorders,Cluster A (Odd/Eccentric),Restrictive/Compensatory Disorders,Panic Disorders,Schizoid Personality Disorder,Schizoaffective Disorder,Post-Traumatic Stress Disorder (Ptsd)
11032,medication induced mania,"i think i may have dysthymia because i ve had ongoing depression for several years now. i also have a history of medication induced mania. i ve only ever experienced mania as a side effect of a drug (example zoloft induced psychosis) or from caffeine. do any of you experience this? or does being susceptible to mania at all, even if only when triggered by a substance, mean i should be looking more into bipolar instead?",Mood Disorders,Personality Disorders,Obsessive-Compulsive & Related Disorders,Depressive Disorders,Substance Use Disorders,Generalized Anxiety Disorder,Persistent Depressive Disorder (Dysthymia),Schizoid Personality Disorder,Dependent Personality Disorder
19025,havent been medicated in years. any advicethoughtsexperience,"i'm 31f. when i was 16 i had been experiencing anxiety, depression for a while and then suffered psychosis. i got help and was diagnosed with bipolar (cant remember if it was i or ii). i was medicated until i was around 22. i took myself off my medication which i know is not the right way to go about it. i was always very moody as a child and as a teenager i noticed periods of pro longed high or low moods. ever since i stopped the medication, i felt i was only dealing with depression but i had found ways to deal with that side of things. i'm now 31. for the past 18 months i've been dealing with low or high moods but it can change throughout the day. i do have periods of say 23 weeks of higher moods mixed with low moods and then 23 weeks of low moods but mixed with some good days. the moods aren't as extreme as they were when i was younger where it was a solid 6 weeks of extreme low and then i'd wake up one day and it was an extreme high for a few weeks. i'm also dealing with depression, some anxiety, irritability, loss of direction in life, feeling like there's no point, i'm even at the point in the low moods where i feel so awful but i can't even cry about it whereas younger me used to cry so much when i was in the low moods. i spoke to my friend about it who's actually a psychologist and we spoke on a friend level about it, not like she was actually my psychologist. but one thing she said to me about being unmedicated was that maybe i have just discovered ways to deal with it without medication. maybe i was in denial about the bipolar diagnosis. i felt like it didn't apply to me anymore and this friend did also mention that maybe it was a misdiagnosis at the time as i was so young and it can be difficult to articulate what i'm actually feeling. (again, this wasn't a professional opinion, this was just something she suggested as a friend venting to a friend) however the changes i've experienced in the last 18 months have led me down the path of wondering if i have adhd as i definitely relate to a lot of the symptoms and a friend of mine has adhd and when she relayed how her mind works to me, i felt like she was reading my mind i went to my gp to get a referral to my therapist and when i mentioned that i wasn't medicated but had a diagnosis of bipolar , he was shocked. and it's made me think maybe bipolar has been a bigger issue in my life recently than i realised. so i'm going to my therapist this week to discuss the possibility of this being bipolar still, not adhd, and the possibility of being referred to a psychiatrist. has anyone got any advice, thoughts or experience not being medicated? i just want to know if bipolar is something people can live with and not be medicated as now i'm worried about that aspect of it. maybe my life can improve so much if i'm medicated again.",Mood Disorders,Anxiety Disorders,Neurodevelopmental Disorders,Bipolar Disorders,Substance Use Disorders,Cluster A (Odd/Eccentric),Bipolar 1 Disorder,Body Dysmorphic Disorder,Autism Spectrum Disorder (Asd)
8116,no sleep for months (what do i do),i m pretty sure i forgot how to fall asleep. i m not able to transition into sleep no matter how hard i try. i don t know what s wrong with me but it has been like this for almost a year. i am pretty sure i am micro sleeping which is what s keeping me alive. i am a 25 year old female and i m in pretty good health. does anyone have any strategies aside from taking sedatives. i am already on ambien 10mg and seroquel 600 mg at bedtime but i cannot transition into sleep. what do you recommend. i don t want to die because i know sleep deprivation is very serious. someone help me please,Sleep Disorders,Schizophrenia Spectrum & Psychotic Disorders,Eating Disorders,Insomnia Spectrum,Ptsd Spectrum,Psychotic Disorders,Insomnia,Restless Legs Syndrome,Bulimia Nervosa
20589,i have sa and apparently people find me to be weird and creepy,"ive no idea when all that sa bs started. the last time i made any friends irl was almost 10 years ago. ive been in high school for 3 years now and i havent made any friends since the beginning. ive always known that people probably think im weird for not talking to anybody and being so awkward when spoken to but apparently its worse than that. ive always tried being nice to everybody around me. i kinda just sit there like a spectator, trying not to get in anyones way. recently i found out that people have been spreading rumours about me and for some reason assuming that im a drug addict or something (maybe that has to do with my eyebags that i have due to lack of proper sleep). i just dont get why people are like that. at least keep the way you feel about me to yourself because it really hurts to find out that you are disliked by everyone around you.",Anxiety Disorders,Trauma & Stressor-Related Disorders,Sleep Disorders,Phobias,Ocd Spectrum,Adhd,Social Anxiety Disorder,Body Dysmorphic Disorder,Panic Disorder
17870,first time taking aripiprazole abilify,"has anyone taken this? it s my first time taking these meds and i have medication anxiety, specially when it s a med i ve never taken before. are there any immediate side effects? im reading that it can make you sleepy for the first few days, but i m scared it ll make me nauseous or vomit, or it ll make me have heart palpitations or some stuff like that.",Mood Disorders,Anxiety Disorders,Neurodevelopmental Disorders,Bipolar Disorders,Panic Disorders,Phobias,Bipolar 1 Disorder,Agoraphobia,Attention-Deficit/Hyperactivity Disorder (Adhd)
15126,chatgpt and ai posts,"tldr for the time being, due to an increased number of repetitive reports, we are not allowing and will begin removing any posts on the topic of ai. hiya folks, i'm sure some of you have noticed the recent trend in posts discussing the usage of chatgpt or ai. the mod team here recognizes and acknowledges the usage of these tools as just that, tools. learning, educational, emotional tools. to learn and practise conversations or skills. to ask for better ways to respond to certain situations. maybe even to ask for the best course of action in a specific scenario. we also recognize and acknowledge the risks associated with the misuse of these tools. at the core, we support and want everyone to safely continue doing what they think is best or most helpful for them. for the time being, due to an increased number of repetitive reports, we are not allowing and will begin removing any posts on the topic of ai. there really isn't much more to discuss as to why it helps or why it's harmful, so there is not the need for more posts to be made. of course, like all things, this rule is subject to change as the subject evolves. all my best",Mood Disorders,Obsessive-Compulsive & Related Disorders,Anxiety Disorders,Bipolar Disorders,Insomnia Spectrum,Generalized Anxiety Disorder,Bipolar 1 Disorder,Narcolepsy,Post-Traumatic Stress Disorder (Ptsd)
16722,"excerpts from acceptance and commitment therapy (act) book recommended by ocpd foundation (ocpd.org) rules, values, selftalk, mindfulness, and selfcompassion","activate your life (2015) joe oliver, eric morris, and jon hill explain act techniques for relating to thoughts and feelings in constructive ways staying in the present moment reducing worry, anxiety, depression, and anger and letting go of blackandwhite thinking and rigid habits. learning about act helps me focus on the big picture (values) instead of getting lost in the details. why acceptance and commitment therapy (act) is valuedriven, instead of goaldriven although setting and pursuing goals can be useful, there is a downside to having goals without broader directions \[values\]. goals are binary you are either pursuing a goal or you have completed it. when we focus on goals alone, we can sometimes end up in a pattern of catchup , with the goal there ahead of us, and feeling the distance between where we are and where we want to be. this distance can be painful and \[can lead to perfectionism\] about achieving the goal, or analysis paralysis , where you spend time being indecisive and become stuck in your head values provide the direction, and goals are like signs that you are heading in the way that you have chosen...values provide flexibility there may be a lot of different ways in which you can embody the qualities of action that are important to you. (144) if you view your values as if they were rules considering values just seems to add another burden, and your mind says, well, here s another way that you are messing up things \[you are\] not being true to your values. we think that you have enough rules in your life values aren t more rules. instead, values may be considered guides like a small light on a path, or a compass point values are not shackles instead, acting on them is about exercising your freedom to choose. (15152) some rules can be useful they can give us a sense of clarity in our actions when we feel unsure of what to do. but crucially they deprive us of our ability to make active, valuesbased choices rules are by their nature not responsive to the dynamic, fluid nature of life if we hold onto our rules too tightly, we can end up feeling hurt and disappointed when life s events and especially when we ourselves don t conform to them the difference between values and rules is that values are flexible and adaptable, while rules are rigid. (39899) httpspreview.redd.itvd8ex49octje1.png?width=569 format=png auto=webp s=72f5202d64bc1353f76800cee44648a566e065bf people who lack selfesteem have internal worlds full of rules, and winners and losers they avoid situations where there is any chance that they might fail, be rejected, or look bad as a result, their lives get smaller pursuing almost anything that is of real value in life is going to take us out of comfort zones for some people, the thoughts and feelings that arise when they consider exposing themselves to situations that might challenge their selfesteem are so powerful and uncomfortable that they just steer clear of such situations altogether.... (402403) [ it s just an experiment a strategy for slowly building distress tolerance and reducing ocpd traits rocpd](httpswww.reddit.comrocpdcomments1howazwitsjustanexperimentastrategyforslowly) ""values are directions, not endpoints, and they make better guides than 'shoulds' do."" [mentalhealthathome.org](httpmentalhealthathome.org) selfcompassion we place a great value in society on showing kindness and compassion to others when they are struggling, and yet very few of us extend that kind of treatment to ourselves. (117) [being present with feelings and developing selfacceptance (excerpts from gary trosclair's the healthy compulsive) rocpd](httpswww.reddit.comrocpdcomments1go1q6cbeingpresentwithfeelingsanddeveloping) what we often hear \[from many of our clients who have depression\] are comments such as i don t deserve to go easy on myself, i m lazy, i ve brought this on myself , if i stop giving myself a hard time, i ll never get out of this mess we would like you to pause for a moment and ask yourself how well does this approach work? when your mind is engaging in a solid twelve rounds of beating yourself up , do you feel invigorated, creative, ready to tackle new challenges? or do you feel drained, exhausted, guilty and defeated?...imagine you were talking to a dear friend \[in great distress\] how would you respond to them? compare this to how \[you talk to yourself during your\] lowest, most vulnerable points. (235) we re not saying that you can just simply switch off this critical selftalk but what is important is to become more aware to the degree your mind engages in this style of thinking. notice and listen to it. and also notice that you have the choice with regard to how you respond. you could act as if what your mind is saying is completely true and give up. or, alternatively, you can notice what your mind is saying and choose a course of action that is based on taking a step towards what is important to you your values. (235) httpspreview.redd.it100zz0htx1ge1.png?width=409 format=png auto=webp s=eb1302cea5f3ff4ed4faa265e8a46dce51f39e0b thought fusion we humans are creatures of habit and routine we can go through life on autopilot, stuck in just one familiar perspective and responding from that place time after time. sometimes we can get so stuck in a familiar perspective that we start to feel as if we are that perspective. the person who naturally approaches life with a spirit of adventure comes to think of themselves as an adventurous person the person who worries a lot comes to think of themselves as a worrier . ""the tendency to define ourselves by our most common thoughts and feelings and most frequently adopted perspectives can be really limiting we are more than just our thinking selves we have access to this amazing observing self that just notices everything that is going on within and around us without judgment. from that observing self place we can see our thoughts for what they are just words. we can see our feelings for what they are just sensations within the body. we can see our urges for what they are just drives to make us take one of many different available courses of action. ""from that place we can also see that even if we spend a lot of our time feeling fearful or angry that does not mean that we are a fearful person or an angry person . no matter who we are there is always more to us than this there are multiple aspects to all of us, many of which often get ignored or forgotten about when we are struggling or suffering. (108) when you re fused with a thought, it usually means you ve believed what your mind has said to you, lock, stock, and barrel, and that thought now unhelpfully guides your actions (46) my experience i find it helpful to frame my upsetting thoughts with, i m having the thought ., i think , i m feeling right now, and i m thinking right now. this is a reminder that feelings are not facts and that they won t last forever. using this strategy consistently significantly reduces the emotional charge of negative selftalk. [5 descriptions of cognitive distortions (negative thinking patterns), with visuals rocpd](httpswww.reddit.comrocpdcomments1gckqi25descriptionsofcognitivedistortionsnegative) there s a difference between telling yourself i am stupid, and i think i m stupid, i m having the thought i m stupid , i m feeling stupid right now, and i m thinking i am stupid right now. [humans have more than 6,000 thoughts per day, psychologists discover newsweek](httpswww.newsweek.comhumans6000thoughtseveryday1517963). some people use the metaphor of weather to view their thoughts and feelings. this helps them recognize them as temporary and observe them without judgment. people who meditate sometimes visualize themselves as a mountain and view their thoughts as clouds passing by. [resources for learning how to manage obsessive compulsive personality traits rocpd ](httpswww.reddit.comrocpdcomments1euwjnuresourcesforlearninghowtomanageobsessive) [act emphasizes mindfulness.](httpspreview.redd.itmhvmjjo8pude1.png?width=2032 format=png auto=webp s=8c13086cca8120d28af412e8503b57cf776c8ead)",Personality Disorders,Substance-Related & Addictive Disorders,Neurodevelopmental Disorders,Cluster C (Anxious/Fearful),Panic Disorders,Restrictive/Compensatory Disorders,Obsessive-Compulsive Personality Disorder,Paranoid Personality Disorder,Insomnia
7904,new diagnoses,"my doctor recently diagnosed me with dysthymia after 10 years of dealing with depression symptoms. looking into it, the diagnosis makes sense, and it's a relief to get an answer but i'm also dealing with the ""well crap this is the rest of my life."" my doctor suggested prozac but i'm unsure. is trying an antidepressant worth it? does the good outweigh the bad? how bad are the side effects? is this something i'm going to have to take for the rest of my life? i know everyone is different but i'll take any opinion. this isn't the first time a doctor has suggested an antidepressant and i'm not sure if i'm hesitant now because of the unknown or if i'm ""punishing myself"" because i don't ""deserve to feel better"". so some help overall i guess?? tyia",Mood Disorders,Personality Disorders,Sleep Disorders,Depressive Disorders,Generalized Anxiety Disorder,Cluster A (Odd/Eccentric),Persistent Depressive Disorder (Dysthymia),Obsessive-Compulsive Disorder,Hoarding Disorder
16192,does psychosis occur alongside a mood shift?,"i've been pretty fucked up this year. i have family members with this mental disorder and suspect i'm heading down this path, or i've been on this path for several years but didn't know it. a lot of things are coming together. i've had a lot of weird phases like i have never considered myself religious but in high school i was obsessed with new age culty stuff online and got sucked into it for a few years. i also read and sang hymns as a compulsion for my pure oocd i was struggling with at the time. it was weird to have those thoughts and compulsions since i don't associate with any religion. i thought for many years the house was haunted. it of course wasn't but the thought plagued me. i thought i was demonically possessed, i thought if i did certain things like if i wear a certain colour of socks or underwear it will impact my day somehow. i still have that superstition, i get it with coffee mugs, socks, etc. it's been hard not to wander onto tangents as well. the words either take a detour and i go off track, or there are no words. this month my mental health has become severe. i'm getting memories, dreams and reality mixed up especially in the morning. i wake up in the morning disoriented sometimes in a dreamlike stupor. i'm forgetful, i have no motivation to take care of myself, and my mood yoyos between severely depressed for a long time, numbcompletely blank, or this frantic surge of energy like desperation or something that makes my heart race. earlier today i saw there was cheap housing available but in another province far away from where i live and it sent me into this frantic episode where i was shaking, my heart racing, and this suffocating desperate need to go there, like my life depended on it. feels like drowning but there is a lifesaver just a few feet away. i forgot to mention i've been experiencing paranoia alongside the depressive moods. this week i was very distraught and crying, i thought and still am convinced all my technology is hacked and i'm being watched.",Schizophrenia Spectrum & Psychotic Disorders,Personality Disorders,Sleep Disorders,Psychotic Disorders,Cluster B (Dramatic/Emotional),Panic Disorders,Schizoaffective Disorder,Restless Legs Syndrome,Narcolepsy
18011,getting myself taken seriously when i also minimize my own issues,"tw alcohol use, shitty coping things have been pretty bad for me. and i feel like a monthlong stint of sobriety made me quite a bit worse because it meant my stress was raised and i had nothing to turn to to cope. i'm not saying it's good or healthy, only that i have nothing else. i've since taken up drinking again (too much but mainly on weekends, never more than one day in a row). it's not helped lower my symptoms per se but the spiral is evening out so at least it's not getting worse. i'm experiencing catatonia something like once a week, they're short bouts, not even an hour most of the time, but they're scary. i can't imagine what might happen if i'm driving during one or if i'm in public. i've been looking for a job and i really don't want one during an interview. i think today is the last straw for me. i got some bad news, got some more bad news, froze up, i'm missing a job interview which makes me feel horrible. sometimes the catatonia means i can't talk or can only whisper, but the part where my body locks up is worse. i'm increasingly paranoid (or probably just righteously terrified) of rfk jr. dragging me to a ""farm"" (laborgenocide camp). or even if not that, then i'm afraid of being dragged to a hospital and forcibly given ect and lots of poisoning drugs). i already have ptsd from psych stays where doctors egged me on into killing myself so they could make my life even worse (i was a homeless teen at the time) and also charge my family for locking me up and drugging me. all of this is just swirled into one awful mix of misery. even with the right meds to help my ptsd i'm a mess. antipsychotics chemically lobotomized me and almost killed me, a drug interaction gave me temporary blindness because the stupid doctor wanted me on an insane dose and combination. and all of these issues just feed into one another, but also i find myself minimizing things. my family never took my mental health issues seriously because i'd hide it or bury it or when i did talk about it i guess i'm just not doing it correctly. i'm trying not to be a bother, i'm trying not to get myself locked up, i'm trying to keep going and fighting through even though things are bad. but i think it's clear i just can't anymore. honestly i need ot be on disability. managing this shit is full time but everyone always made me feel like crap for it, even though i was on disability since i was sixteen (or maybe especially since i was on disability since i was 16). paranoia and pressure from others made me get off of it. and i do think if i try to get back on it, they'll follow me around, record me in an even more scrupulous way, maybe harass me, push me until i'm admitted to a hospital again where they can do whatever the fuck they want. i'm honestly so lost. no one tells you how to navigate such extreme circumstances. how can i be honest without getting myself and my family hurt?",Personality Disorders,Eating Disorders,Obsessive-Compulsive & Related Disorders,Cluster A (Odd/Eccentric),Generalized Anxiety Disorder,Depressive Disorders,Schizotypal Personality Disorder,Sleep Apnea,Narcissistic Personality Disorder
6985,interesting genetics,"i m in a child development class and the first unit was about prenatal development and family genetics. one of our assignments was to looking into any mental or physical disorders that run in our family and show the research. my dad has tourette s syndrome (ts), so naturally i chose to research that and to my surprise i found some interesting research connecting ts and ocd. ts is a dominant linked disorder (meaning it s linked to the dominant letter on a punnett square). with ts, there is a 50% chance of any offspring having the trait (tt punnett for carriers). with boys, 99% express at least one tic. with girls, it s less straight forward. sometimes they develop tourette s, sometimes they develop ocd, and sometimes they don t have any symptoms of either disorder. i ve had ocd symptoms since the age of 5 and after reading this research i wonder if that s because i m a carrier for ts and it developed as ocd. anyway, interesting research that i thought i d share. i linked one of my resources",Obsessive-Compulsive & Related Disorders,Neurodevelopmental Disorders,Schizophrenia Spectrum & Psychotic Disorders,Ocd Spectrum,Autism Spectrum Disorders,Panic Disorders,Obsessive-Compulsive Disorder,Persistent Depressive Disorder (Dysthymia),Schizoid Personality Disorder
3802,"hoarding news roundup, october 2024","found a handful of news articles about hoarding disorder from previous months new atlas [motivating hoarders to let go and be happy about it](httpsnewatlas.commedicalhoardingdisordertreatmentmentalimages). ""a new study found that modifying distressing mental images into more positive ones was an effective way of motivating people with the condition to discard their unneeded objects."" psychology today [hoarding disorder and suicide](httpswww.psychologytoday.comusblogthemindofacollector202409hoardingdisorderandsuicide). content warning for discussion of suicide. ""nearly one in four with hoarding disorder may attempt suicide in their lives."" psychology today [generational hoarding does epigenetics play a role?](httpswww.psychologytoday.comusblogthemindofacollector202409generationalhoardingdoesepigeneticsplayarole) ""understanding the link between epigenetics, genes, and hoarding behavior."" additude [clutter unraveled the intersection of adhd and hoarding disorder](httpswww.additudemag.comslideshowsrootcauseofclutteradhdhoardingdisorder). ""learn about the complex and seemingly shared causes of clutter in adhd and hoarding disorder, from executive dysfunction and emotional dysregulation to decluttering avoidance."" (see also this previous article from additude [study hoarding disorder symptoms more highly comorbid with adhd than with ocd](httpswww.additudemag.comhoardingdisordersymptomsadhdocd)) douglas county newspress [throwing away the stigma over hoarding](httpscoloradocommunitymedia.com20240802throwingawaythestigmaoverhoarding). ""understanding the different levels of hoarding disorder can help those who suffer in colorado."" cape cod times [massachusetts network hopes to address hoarding with research, training](httpswww.capecodtimes.comstorynews20240824networkaimedatpreventinghoardingreadytolaunchmassachusettsassociationformentalhealth74901062007). ""the [massachusetts hoarding resource network](httpswww.mamh.orgeducationolderadultbehavioralhealthmhrn) will pursue policy research aimed at strengthening care and advocacy around hoarding conditions, as well as bolstering bilingual training to improve the reach of peer support groups."" bbc [the charity that helps hoarders clear their homes](httpswww.bbc.comnewsarticlescpv3g17v6p2o). ""community bees in york works with people experiencing loneliness and isolation by offering social activities and interaction. the organisation also receives around six referrals per week to provide support and assistance for hoarders.""",Obsessive-Compulsive & Related Disorders,Sleep Disorders,Schizophrenia Spectrum & Psychotic Disorders,Ocd Spectrum,Panic Disorders,Cluster C (Anxious/Fearful),Hoarding Disorder,Body Dysmorphic Disorder,Schizoaffective Disorder
19653,i don t get this,"hello, a little backstory so that you guys understand who i am talking about. so i am in( i don t even know what to call it, maybe some who knows what this is can tell me a better word for it). anyway i am in a program called ccs, it helps people who have mental health problems and it s through medicaid. so i have a team full of mental health professionals( kind of weird note almost all my team members worked in schools, which is great because i am in the 1821 program) so now to the real reason we are all here me and my team finally found a good therapist that actually knows what she s doing and actually understands what cerebral palsy is. and i have been with her for a year, and she been great. i have a lot of trauma all my life. literally from birth because i was adopted( i recently found out that adoption was trauma until i watched one episode of grey anatomy). and then medical trauma both from hospitals and doing therapy( pt,ot, speech) my entire childhood and my parents being my therapists also. and my most recent trauma being my parents forcing and bribing me into a surgery that was useful and absolutely not necessary. anyway recently meaning a month or two ago i started dissociating in session, i used to only dissociate in the program and then it started happening in session. we are literally doing nothing related to trauma. like today we were talking about my college classes, friends and other things i dissociated for 10 minutes. i am very sleep deprived( 2 years, that s when i had my surgery) today my therapist brought up that my body might be going to sleep by dissociating, she said that because she heard me breath, she said it sounded like when someone is sleeping. she doesn t know how i am still functioning going 2 years with little sleep. it s not affecting my college work at all, i am getting good grades. my whole team has asked me if i want to try any medicine, i said no because i had a traumatic experience with mental health medication. i just don t understand any of this. i feel so alone. does anyone else have this experience? or i am just unique?",Trauma & Stressor-Related Disorders,Schizophrenia Spectrum & Psychotic Disorders,Anxiety Disorders,Ptsd Spectrum,Cluster B (Dramatic/Emotional),Ocd Spectrum,Post-Traumatic Stress Disorder (Ptsd),Major Depressive Disorder,Histrionic Personality Disorder
13266,recent adhd diagnosis and troubles coping with it,"hi folks, i'm new to this group. i'm a 29yo male, i was recently diagnosed with adhd, and it definitely explains a whole fuck load about my life leading up to this point. i'm grateful for finally identifying whats up, but i've been having some issues coping with this whole thing. i think it might have to do with already having major depression and anxiety. my main goal of this post was to see what your first hand experience was when you were first diagnosed? more so how you were able to adjust to things, and what kind of advice you could give or what worked best for you? i can definitely look into these things online through articles and different websites, but i figured it'll be easier to hear from an actual person with experience. i was also wondering if there any apps, or daily practices i could use on top of everything else? if it helps, i haven't started any medication yet because i'm on epilepsy medication and we want to find out if there are any negative interactions with the medications before i start any.",Neurodevelopmental Disorders,Mood Disorders,Personality Disorders,Adhd,Cluster B (Dramatic/Emotional),Insomnia Spectrum,Attention-Deficit/Hyperactivity Disorder (Adhd),Insomnia,Persistent Depressive Disorder (Dysthymia)
4903,how many people fall asleep while watching television?,"40m. on and off poor sleeper for about 8 years now, which all started soon after the time i moved to my current apartment in 2016. recently, i've tried to zero in on my sleep troubles again trying to once and for all figure out just what the problem has been all these years. i know my bedroom in my current apartment has never been very cozy (hardwood floors, bed in the middle of the room as opposed to the corner of the room like my previous beds in my life). one thing that hit me, was that from around 2002 to to 2016 (ages 17 through 32 or so) i always had a tv in my bedroom and it was a pretty big habit to be watching before i'd fall asleep. after a while i'd feel that typical nice droopysleepy feeling where i couldn't keep my eyes open any longer, would turn the tv off and from what i can remember, would be out very soon after. in 2016 though, for the first time i opted to not have a tv in my bedroom, but instead only the living room. now for the first time going to bed involved me most of the time walking to my bedroom and simply laying down in bed, waiting for sleep to come. to be clear, while watching tv in my living room i'd still get that sleepy feeling sometimes, but now, once i finally make it to the bedroom after the somewhat lengthy walk over there, suddenly that sleep pressure is lost quite a bit. on the other hand, on more rare occasions i'll lay in my bed a bit early in the night watching netflix on my laptop, and once i start to get drowsy, i have that old familiar experience of just plopping the laptop down right next to me on my nightstand, and turning over and falling asleep. this is what originally started bringing on these thoughts that never having a television in this apartment's bedroom all these years has played a role in things. the one thing i am certain about over the years with regards to my sleep is that when i'm exhausted with no time to think or toss and turn, on those nights i typically sleep well. when it's a night where i go in my bed only ""tired"" and tend to spend a lot of time in bed before finally dozing off, those nights more often than not end up being weaker nights of sleep. call it underlying anxiety that's at play, or call it something else, but to me, it's just all about having strong sleep pressure and to me, that gets created by me watching some form of television. i know there is some science behind this as well. i'm basically stuck wondering if i should invest in a tv for my bedroom once and for all to see how that would go. what does everyone think? tia",Sleep Disorders,Substance-Related & Addictive Disorders,Trauma & Stressor-Related Disorders,Insomnia Spectrum,Cluster C (Anxious/Fearful),Psychotic Disorders,Insomnia,Antisocial Personality Disorder,Restless Legs Syndrome
10245,blood pressure fear tw,"hello i ve been dealing with panic disorder since mid 2022. in august 2024 i had a relapse and i ve been hardly working on it since it happened with a new therapist who is an agoraphobia, gad and panic disorder specialist. when i had the relapse, it happened while in my family s car outside church. i had my bp going high when i wasn t even feeling anxious so that made me really scared and didn t want to go back to church anymore. i kinda got over it and i got able to go back again last sunday i measured my bp when we were in the car before going to church. i kept measuring it at every red light and it didn t go back to normal. did it again at church and got higher so i freaked out and ask my family to please leave cuz i was having high bp. my mom told me cruel stuff such as ""the devil is using you"" and many other ugly things that made me feel traumatized then when we got home, the church s service was being broadcasted and the pastor was actually talking about anxiety and me, as a believer, i do believe god put that in his heart (and the pastor also said that) when we got home, my older brother said that the devil knew the pastor was gonna talk about it so he took me out. to be honest that traumatized me cuz when i was scared of going to church was because i felt like god was punishing me for not being straight. these days every time i m going out i m feeling uncomfortable again and to be honest, it makes me feel frustrated because of all the hard work i ve put into getting better, but what makes me terrified the most is thinking that i am going to church again this sunday and i don t wanna feel bad again, fearing bp and hr. i can really express this to my mother cuz honestly she gets mad at me. english is not my first language and i would really appreciate some advice (i m doing therapy today but would love advices from you)",Anxiety Disorders,Personality Disorders,Schizophrenia Spectrum & Psychotic Disorders,Panic Disorders,Cluster C (Anxious/Fearful),Bipolar Disorders,Panic Disorder,Attention-Deficit/Hyperactivity Disorder (Adhd),Schizoid Personality Disorder
872,afraid and tired of struggling,"i'm on here to try and find community and support. i started having panic attacks as a teen but i never knew what it was. my parents wanted to pray it away but only about 6 years ago i realised what it was. i'm 36 now, mom to 3 kids, and the last few months my panic attacks have taken over every day for me. even if i'm not having one the fear of the next one cripples me. i started studying today, a part time course, and i have a business it all feels like a lot, but i know i can do it. but the moment my panic comes up i just feel so defeated. i'm also autistic. i'm on ssri's and i have urbanol if it gets really bad. but the urbanol makes me tired and then i cant workstudy. i've been in therapy for years, i've started tre as well i just feel really discouraged and afraid that this will be my life...",Anxiety Disorders,Obsessive-Compulsive & Related Disorders,Mood Disorders,Panic Disorders,Insomnia Spectrum,Ocd Spectrum,Panic Disorder,Generalized Anxiety Disorder (Gad),Narcissistic Personality Disorder
19031,having a hard time figuring out if it s dysmorphia or dysphoria anyone else?,i know the difference between the two but for the past 2 years i have a hard time deciding if i just hate how i look and keep finding all these defects or if it s really that i m trans and i hate my gender identity ( does anyone else struggle with this?,Obsessive-Compulsive & Related Disorders,Anxiety Disorders,Sleep Disorders,Ocd Spectrum,Psychotic Disorders,Bipolar Disorders,Body Dysmorphic Disorder,Major Depressive Disorder,Schizoaffective Disorder
15082,cbt therapy for adhd,"has anyone gone through cbt therapy for their adhd and what was your experience with ithas it helped? my psychiatrist just told me that she won t be making adjustments to my medication until i did cbt therapy since this is now recommended to do before even starting medication . it sounds like a money grab to me, and but i don t want to completely write it off if this has actually helped people.",Neurodevelopmental Disorders,Schizophrenia Spectrum & Psychotic Disorders,Sleep Disorders,Adhd,Psychotic Disorders,Ocd Spectrum,Attention-Deficit/Hyperactivity Disorder (Adhd),Bipolar 2 Disorder,Avoidant Personality Disorder
5215,how to give advice to others,"hello all. i'm approx 19 months sober. (fvck yeah). 51yr old male. wi, usa. at the start of my recovery, i went to a 4 day detox facility with 247 medical supervision. my closest friends and family are aware of my detox experience and continued sobriety ever since. other friends and family only know that i no longer drink, but probably don't know the details of how or why. what i've experienced the past couple of months is that i've had 3 close friends contact me to ask about my sobriety and how they can do it too. they are ready get sober, but just don't know how to start. i feel honored and privileged that i can be an example for them. but i also don't want to misguide them. each one knows i'm not a qualifiedtrained counselor. i'm a mech eng hahaa. i remind them that each of us has our own unique circumstances. i've told them how proud i am for at least reaching out to me....but the best i can do is to explain my story. what led me to decide to get sober, how i chose a detox facility, how i personally never went to aa or other support groups, how i can continue to remain sober. so my question for anyone here is what advice do you have about giving good advice? i want these folks to get the help they want. and in doing so, i don't want to turn them off in any way whatsoever. thanks",Substance-Related & Addictive Disorders,Sleep Disorders,Mood Disorders,Substance Use Disorders,Generalized Anxiety Disorder,Insomnia Spectrum,Alcohol Use Disorder,Schizotypal Personality Disorder,Post-Traumatic Stress Disorder (Ptsd)
21860,is this bullshit or just some remote but somewhere scientifically accepted (even if maybe outdated) theory?,"schizophrenia and schizoid personality disorder are defined by abnormalities in at least one but usually several of five key characteristics 1. delusions 2. hallucinations 3. disorganized thinking and speech 4. abnormal motor behavior 5. negative symptoms with a schizoid personality disorder, the presence of one or more delusions must persist for at least one month before a diagnosis can take place. [ ] delusional themes like an individual having delusions of infestations and feeling the hallucinatory sensation of insects all over them. [(source)](httpsyourlocalpsychiatrist.nycrmblogschizoidpersonalitydisordervsschizophrenia) i mean honestly?",Personality Disorders,Eating Disorders,Neurodevelopmental Disorders,Cluster A (Odd/Eccentric),Substance Use Disorders,Adhd,Schizoid Personality Disorder,Sleep Apnea,Major Depressive Disorder
2950,disappointment,"i feel extremely disappointed this morning. i'd been planning on going to an event this morning and was very much looking forward to it, but i had a very stressful day at work yesterday and had to get up early this morning to work again with getting only 4 hours of sleep. i struggle enough getting myself to get out and do things without being completely exhausted, so i'm not going to force myself to go. if i didn't have dysthymia, there's more of a chance i would go, but it just isn't happening today. all i feel like doing is sitting on the couch texting friends and perusing things online. having dysthymia and a job i don't like that stresses me out sucks. i don't have much of a social life anyway, and the times when work puts a damper on my ability to get out and be social are depressing. i want and need to be social, but here i am sitting on my couch. i'm not beating myself up about it. i'm just frustrated that i have to deal with this mental illness. yes, i'm on meds, and they help some. i've been thinking about increasing my dosage though. i'm also in therapy.",Mood Disorders,Neurodevelopmental Disorders,Sleep Disorders,Depressive Disorders,Generalized Anxiety Disorder,Autism Spectrum Disorders,Persistent Depressive Disorder (Dysthymia),Paranoid Personality Disorder,Post-Traumatic Stress Disorder (Ptsd)
12907,pushing person away..?,hello everyone i ve been trying to push my partner away during episodes but i don t want them to leave at all. is anyone else doing this? it s really weird and i can t describe nor explain why i told my partner to leave after i calmed down. as i said i don t want them to leave. does anyone else experience this and know a way to not do that?,Mood Disorders,Sleep Disorders,Substance-Related & Addictive Disorders,Bipolar Disorders,Phobias,Autism Spectrum Disorders,Bipolar 1 Disorder,Post-Traumatic Stress Disorder (Ptsd),Bulimia Nervosa
1198,ana thoughts,"i was wondering, does anyone discuss their ed with people, not to glamourize it or make it seem great bit you just mention that you have it and then just worry you sound like you're attention seeking but that's not your intention? like i feel personally because i have the disorder but i don't ""look it"" i sometimes talk about it because i want people to know there's no specific way people with ana look. also in all honesty i don't know if this makes me a terrible person but sometimes i mention it because i want people to worry about me, like people worried about my eating at first and now everyone around me has given up on helping me so i somewhat seek for other people to care.",Eating Disorders,Neurodevelopmental Disorders,Trauma & Stressor-Related Disorders,Restrictive/Compensatory Disorders,Cluster A (Odd/Eccentric),Substance Use Disorders,Anorexia Nervosa,Autism Spectrum Disorder (Asd),Cannabis Use Disorder
4138,how do i convince my partner that i trust them?,"i m very new to recognizing and trying to overcome the mental challenges i m dealing with. while i m not diagnosed, many of my struggles relate to bpd. i m a 22m, and my partner is a 22f we love each other very much, but recently i've started to uncover a lot of trauma from my past, which has led to me becoming easily triggered by the smallest things. a significant issue i face is that during an episode, i become deluded into thinking that my partner is interested in someone else. this causes me to become guarded and leads to a lot of splitting. after we come out of tough conversations and episodes, she often mentions that she believes i don't trust her at all. i have repeatedly told her that i have never trusted or loved anyone more in my life and that my episodes and triggers don t define me. despite my reassurances that i trust her deeply outside of those moments, she still seems to doubt me, which scares me. i worry that each time i have an episode, she will get tired of the situation and leave. i want her to know that i truly do trust her.",Mood Disorders,Schizophrenia Spectrum & Psychotic Disorders,Eating Disorders,Bipolar Disorders,Restrictive/Compensatory Disorders,Generalized Anxiety Disorder,Bipolar 1 Disorder,Restless Legs Syndrome,Avoidant Personality Disorder
21366,i need guidance on this situation,"i'm not sure if i have insomnia or not, but i've been up for around 36 hours and i cant sleep so it's probably going to 48, i've been experiencing mild hallucinations, heavy stress, upset stomach? fast heartbeat and loss of appetite, which is awful because i tried melatonin, didnt work, it isnt overwhelming, the hallucinations are generally find bc they're not realistic, but i just cant sleep, and this feeling like impending doom wont go away, anything i can do to fall asleep? rn, i feel really energized, and if you're wondering no i dont take stimulants, and i take antidepressants in the morning so they shouldnt cause insomnia, is there something else going on?",Sleep Disorders,Obsessive-Compulsive & Related Disorders,Mood Disorders,Insomnia Spectrum,Substance Use Disorders,Phobias,Insomnia,Delusional Disorder,Narcolepsy
1739,anyone else get super emotional when the sun finally hits them after a long night of no sleep?,"okay, so maybe this is just me being a total basket case after another night of staring at the ceiling, but... does anyone else get seriously hit with a wave of... well, everything... when the sun finally peeks through the blinds after a rough night? like, it's not just ""oh, hey, the sun's up."" it's more like, ""wow, i made it. i'm still here. and everything feels amplified. the good stuff is better, the bad stuff hits harder, and i swear i cry at the dumbest things. a cute dog on tv? tears. a text from my best friend? tears. the thought of having to function in public? double tears. i know sleep deprivation messes with your emotions, but this feeling it's almost overwhelming. it's like my brain is finally allowed to feel anything after being stuck in a mental fog all night. anyone else experience this sunrise emotional rollercoaster? what helps you level out? just trying to feel less alone in the weepy sunbeam club.",Sleep Disorders,Mood Disorders,Neurodevelopmental Disorders,Insomnia Spectrum,Cluster C (Anxious/Fearful),Substance Use Disorders,Insomnia,Restless Legs Syndrome,Narcissistic Personality Disorder
18861,help,"m17. im scared im going to commit if things doesn t get better really quick. im scared because it feels like i have to die. i don t know what to do, ive moved out to go to a school 9 hours away from home and after a few months i stopped going and now i just sitt here alone in my apartment. i can t even sleep anymore because of anxiety. its gotten so bad i cant even talk to my only two friends.",Neurodevelopmental Disorders,Trauma & Stressor-Related Disorders,Personality Disorders,Autism Spectrum Disorders,Cluster A (Odd/Eccentric),Depressive Disorders,Autism Spectrum Disorder (Asd),Avoidant Personality Disorder,Attention-Deficit/Hyperactivity Disorder (Adhd)
3294,do you feel love?,"i'm in a relationship and i'm struggling with that emotion. i'm diagnosed with dysthymia and possible avpd, so i wanted your perspective. ever since a little kid i had that feeling inside me that i will never bond or love anyone. i always knew. growing up i never had interest in pursuing anything out of fear and when it happened it was because others took interest in me and i just went along. i have trouble experiencing any positive emotions. i can literally count the times that i have in my hands. now i'm in a relationship with an amazing partner. but i'm struggling knowing if it's truly love that i'm feeling. i know i don't feel loved. and this has to do with me and my condition. sometimes it gets to me and i blame my partner for not feeling loved. trying to push her away and sabotage what we have. deep down i don't care about anything and i don't want to do anything. i'm not taking care of myself i have no passions, no desires i'm just passing through life and let things happen. the only thing i care about is my partner. and i try to be there for her, but i don't know if it's because of guilt, my people pleasing tendencies, or actual love. im waiting for a therapy place to get this all sorted out but it takes too long so i started using weed as medication. when high, i can see that everything has to do with me. i forgive myself and genuinely like me and because i like me, or even love me, i can also feel deeply love for my partner. the notes i write and the way i compliment her melt her heart and it pains me that im able to do that only when high. but when the high passes i'm back to being miserable again. i'm back to not feeling a thing, not even love and i feel fake. i feel immersive guilt of the possibility that my love is not real. that i don't really love them. i'm mostly masking and pretending to be interested in the things we do because all i want to do is just rot. sometimes pretending helps and gets me to distract myself a little from my thoughts but i still don't really enjoy things.i'm disconnected most of the time. i love the version of myself when high. the first time i smoked i felt relief. i felt like myself. it was beautiful. life was beautiful. i was in love. and i loved myself. but i don't know if it was real. it felt real for me and i felt robbed of the life i could have.because i know that if i wasn't sick, thats who i would be. i don't want to depend on weed to love my partner. and it doesn't always work. what is your experience?",Mood Disorders,Sleep Disorders,Schizophrenia Spectrum & Psychotic Disorders,Depressive Disorders,Cluster C (Anxious/Fearful),Autism Spectrum Disorders,Persistent Depressive Disorder (Dysthymia),Alcohol Use Disorder,Social Anxiety Disorder
21821,is this a side effect of abilify?,"i feel like throwing up rainbows? it feels similar like i'm on a mood stabilizer but took ecstasy. i haven't took ecstasy since highschool like 10 years ago... don't even drink anymore. ive been rapid cycling between balling my eyes out and euphoria... i have really felt emotion in like 8 years?? is this a good thing? my doctor said the side effects go away after a while when i got prescribed. does this go away? not sure why she switched me from seroquel to abilify. i was doing great. i've have been on paliperidone also for a while now. my meds got increased 2 days ago, and i have been on it for a week and a bit. you think my cousins could of laced me, or is that just paranoia? if it is a side effect, being throwing up rainbows they should tell you lol. i'm not sure but i don't think this can be schizoaffetive. should i go to the hospital? texting my case manager on monday.",Schizophrenia Spectrum & Psychotic Disorders,Sleep Disorders,Personality Disorders,Psychotic Disorders,Substance Use Disorders,Bipolar Disorders,Schizophrenia,Seasonal Affective Disorder,Antisocial Personality Disorder
21619,is it weird to not have a social life in your midtwenties or older?,"i'll sometimes go out and have a day with a sibling or close friend but i mostly stay home and be with myself in my free time. i don't really text my friends or even have their numbers except for the ones of my very close circle (siblings, their partners, old friend from high school that i still talk to occasionally, etc.) i have friends but i just see and talk to them when i happen to run into them (it's a small town.) i have a facebook with some old friends on there but i never use it. sometimes, i wonder if this is just normal for a grown adult nearing their thirties but i can't help still feeling like a loner since i've always struggled with being social since i was a kid.",Anxiety Disorders,Substance-Related & Addictive Disorders,Sleep Disorders,Phobias,Depressive Disorders,Psychotic Disorders,Social Anxiety Disorder,Cannabis Use Disorder,Histrionic Personality Disorder
17652,for those who are in methadone,"i have rls since my 12 but it only became critical when i was 26. i started with pregabalin but it just stopped work after 1 month. my doctor will prescibe methadone 5mg for me, because when i take pregabalin with ropinirole i just can't live (too much brain fog and sleepiness). for you that are using methadone, how its being your experience? do you have much side effects?",Sleep Disorders,Mood Disorders,Personality Disorders,Insomnia Spectrum,Restrictive/Compensatory Disorders,Depressive Disorders,Restless Legs Syndrome,Paranoid Personality Disorder,Attention-Deficit/Hyperactivity Disorder (Adhd)
19801,i don't know if i'm having high anxiety or some kind of panic attack.,"the story behind it all. a little bit long. today i woke up, and as i'm getting ready for work, the anxiety was starting to build up. my trainer is out today, so i have mentor. i also want to mention i love my new job. i process claims and i got some for ca. i'm in est time zone, so there wasn't much i could due until 11am. this made me anxious because i was having lack of productivity. i was assigned two other cases in cst and est time zone. so i felt like i was doing something. i like my mentor, she's awesome. but i think not having my trainer there also set me off. a change. as the day progressed, anxiety got higher, i feel overwhelmed, shortness of breath, scared, wanting to cry, shaking, and feel on edge. ive had days like this before, but it has been on my mind. other times the shaking can be for days, with nausea and gagging, and feeling on edge. what are y'all's thoughts?",Mood Disorders,Substance-Related & Addictive Disorders,Anxiety Disorders,Bipolar Disorders,Insomnia Spectrum,Ocd Spectrum,Bipolar 2 Disorder,Anorexia Nervosa,Paranoid Personality Disorder
13887,scared i'm gonna have to go to jail to get meds,"update went to psych urgent care, at first the receptionist acted like they weren't gonna help me but then two nurses who've known me for years came out, we talked for a bit, and thankfully my meds will be filled for a month. thank you all for your comments and support i've had to resort to that before, and the jail dr locally has written emergency scripts for me in the past. i ain't got any insurance, medicaid in my state is backed up so bad the feds got involved, it's just a waiting game. i cant go to my last dr because of some personal issues i have with her and the organization i saw her through, im gonna try the psych urgent care but am not hopeful. if it comes down to it ill go to the local er, but it's a 5050 chance they'll try to tell me to fuck off, in which case jails the only option. idk what i seek with this post. just scared that this is so often the resort i've had to go to just to keep my meds going, the american dream i suppose. lol my small city's insane asylum literally turned into a men's prison, and i mean it's the us, of course the jails the foundational psych ward lol edit i am hyperverbal, as i've slept no more than 4 hours on a given night, and i'm still taking the meds. been rationing with the morning dose, so i'm medicated but struggling",Schizophrenia Spectrum & Psychotic Disorders,Personality Disorders,Sleep Disorders,Psychotic Disorders,Panic Disorders,Insomnia Spectrum,Schizoaffective Disorder,Agoraphobia,Narcolepsy
19222,i am detoxing valium ama,"so hi everyone, i know a lot of people use benzos (anxiety meds) and are dependent on it. so am i i used to take 40mgs of valium (diazepam) 40mgs serax (oxazepam) together. this was all prescribed to me by a psychiatrist. he upped the dose over a year approximately. i never knew about the risks and i got fully dependent on it. since my mental state was eventually only getting worse, i went away from that place (i also lived there). side note it was in no way, shape or form a forced admission to the facility i was in. i left to live on my own, and got a new psychiatrist. i hated and still hate the dependency, but i am currently on 4mgs of valium only it is possible to go 100% without benzos. i know there are exceptions, but the chance is low you are the exception i highly recommend to make it a goal to not go through life with benzos at some time in your life again. only if your medical specialist also agrees. nobody should lower their medication without a medical professional i am only sharing my experience and journey, don't take it as advice without yeah you guessed it a medical professional ask me anything, nothing is weird love from a female mids 20s with a panic disorder and agoraphobia",Anxiety Disorders,Personality Disorders,Eating Disorders,Phobias,Ocd Spectrum,Autism Spectrum Disorders,Agoraphobia,Obsessive-Compulsive Disorder,Attention-Deficit/Hyperactivity Disorder (Adhd)
20386,i hate answering how are you,i dont know i feel like garbage im trying not to think about anything really and im scared for how ill feel later at least im not actively writhing in emotional pain like yesterday is what i could say instead its a combination of not great ive been better im okay doesnt matter how i answer i feel like a burden i feel invalidated i feel alone thanks thats all,Mood Disorders,Obsessive-Compulsive & Related Disorders,Substance-Related & Addictive Disorders,Bipolar Disorders,Insomnia Spectrum,Phobias,Bipolar 2 Disorder,Antisocial Personality Disorder,Cannabis Use Disorder
18070,giving in to it,"does anyone else ever feel like they're just falling prey to their dysthymia, just no longer having the energy to fight it and just laying in bed all day. feeling sad and not doing anything even when you have stuff to do. it's just, i can't get anything done right now. constantly tired, and intensely suicidal which just sucks.",Mood Disorders,Substance-Related & Addictive Disorders,Schizophrenia Spectrum & Psychotic Disorders,Depressive Disorders,Generalized Anxiety Disorder,Bipolar Disorders,Persistent Depressive Disorder (Dysthymia),Paranoid Personality Disorder,Sleep Apnea
12546,please somebody explain how to make infused joints to me?,"ok, i'm a big ol stoner, but this is beyond me i got myself a joint roller, i make lovely little js for myself, and they're fantastic. i've recently started adding some bubble hash into the joints and that's even better how much bubble hash should i be using? what about resinrosinwaxsugaretc? do those work the same? do you keep it close to the tip or spread throughout the j? there are so many concentrate options out there, and idk the nondab uses of each?",Substance-Related & Addictive Disorders,Mood Disorders,Anxiety Disorders,Substance Use Disorders,Autism Spectrum Disorders,Psychotic Disorders,Cannabis Use Disorder,Attention-Deficit/Hyperactivity Disorder (Adhd),Bulimia Nervosa
17354,feeling stuck and anxious about work seeking support,"hey everyone, i m an 18yearold dealing with ocpd and bipolar disorder. my only job experience was really tough on my mental health, and now i feel completely stuck and anxious about working again. my ocpd constantly criticizes me, making it hard to just live my life and focus on healing. i m reaching out to see if anyone else has experienced something similar. how do you cope with motivation and anxiety when it comes to work? any tips on loving myself through this process would be so appreciated. thanks for your support",Personality Disorders,Schizophrenia Spectrum & Psychotic Disorders,Substance-Related & Addictive Disorders,Cluster C (Anxious/Fearful),Substance Use Disorders,Cluster B (Dramatic/Emotional),Obsessive-Compulsive Personality Disorder,Alcohol Use Disorder,Autism Spectrum Disorder (Asd)
12622,possibly a win a new diagnosis,"so, i think this is a win. if not a win for the ocd, at least for my overall health. today, i was formally and definitively diagnosed with hypothyroidism. it's no longer speculative. my blood work proves it. i've suspected this for months. i feel like this has been ailing me for years. i just didn't know what it was. you get so used to feeling badly that you think it's just you. i'm starting a new medication tomorrow for it. i'm scared but hopeful. some research reveals a possible relationship between hypothyroidism and the super fun disorder everyone on this subreddit has. that's very encouraging. thyroid gets wonky, things get outta whack, and it can cause or worsen ocd. it can also affect mood, thinking, emotions, clarity, and more. not to mention fuck up your metabolism, sleep, libido, etc. my hair has been falling out, i'm tired, and i feel very off. this might be part of the puzzle. i'm not saying it's necessarily the root cause of my main condition but it may be making things extraordinarily worse. perhaps addressing it will bring relief. i would so love to be me again healthy, normal, happy, functional, and just well i'm going for further testing to rule our hashimotos which i also may have, but maybe not. but the hypothyroidism has been confirmed. wish me luck. i'm scared of trying a new med but psych meds provide limited relief for me, and they obviously won't fix my thyroid. if this med works, i may have to be on it for life. i'm not saying this will resolve everything but it could help. if not, it's onto the next. and if it helps other symptoms but i still have to find that certain something for the ocd, at least there will be benefits for my other symptoms. it's been a harrowing and rough day, i'm tired, i'm scared, i'm worn out, and i'm weary but i'm actually glad for this diagnosis. more answers could lead to more effective solutions. please keep me in your thoughts and prayers.",Obsessive-Compulsive & Related Disorders,Personality Disorders,Neurodevelopmental Disorders,Ocd Spectrum,Cluster C (Anxious/Fearful),Restrictive/Compensatory Disorders,Obsessive-Compulsive Disorder,Schizophrenia,Antisocial Personality Disorder
19996,i feel like i can't keep going on,"i can't even find the strength i need to write a suicide letter, or to explain what is happening to me or what has happened. i don't know how to move on. i'm afraid, and scared, and sad. i feel like my life is coming to an end and i can't stop it. i'm sorry for having hurt anyones feelings, i'm really really sorry. i just want this to stop forever, please someone help me, anyone, i really don't know how to go on, i want to, but i don't see a way forward.",Mood Disorders,Neurodevelopmental Disorders,Substance-Related & Addictive Disorders,Depressive Disorders,Generalized Anxiety Disorder,Autism Spectrum Disorders,Major Depressive Disorder,Generalized Anxiety Disorder (Gad),Schizoaffective Disorder
9432,can sleep apnea cause this anyone else have these problems?,"this is what s happening to me everyday lingering fatigue that sometimes fully improves with sunlight or goes away, completely pressure behind right eye, pressure in right trigeminal nerve pressure in right occipital nerve migraines that trigger with storms and bad weather intracranial pressure nonrestorative sleep disruptions to sleep, inability to enter rem and deep sleep no dreaming, walking issues issues with planning my steps, shortterm memory issues, tingling and odd sensations in the head predominantly on the right side agitation, moodiness aggression, being cognitively, overwhelmed easily inability to focus on conversations or words eyes darting all over the place eye pressure on occasion right eye loss of interest in others or on task, hobbies and interest cognitively overloaded by long strings of text and reading blurry or double vision at times heavy legs what feels like fluid in the calf muscles intolerance to loud sounds or disruptive sounds depersonalization de realization trouble judging distances for example, how far is my hand from the coffee cup handle? how far is my hand with the coffee cup from the table? speech fluency issues, trouble finding the right words, losing track of conversation heart palpitations legs that hurt to pick up filling sensory overload, increase sense of smell world feeling like i m in a virtual reality game wobbly dizzy symptoms that mimic obstructive sleep apnea that are not corrected with cpap therapy no matter the pressure overstimulation photophobia in right eye tunnel, vision, blurry vision, floaters lines in eyesight from time to time right and left eyes not syncing up visual data together to form one picture in ability to pay attention to what i m saying to what i m reading or to what other people are saying fluctuations in cognitive function where some days maybe more clear than others visual processing speed issues feelings of passing out or fainting from time to time panic attacks and sleep, waking up with anxiety the feeling of i m dying out of body sensations numbness in the head pain in the right hand, like arthritis, tingling and burning pain sensations in the right hand, occasional kicks with right leg in my sleep on occasion, sciatic nerve pain, right sciatic nerve that goes down from the back to the right leg strange twitches throughout my body at random times in different locations predominantly in my spine",Sleep Disorders,Trauma & Stressor-Related Disorders,Anxiety Disorders,Insomnia Spectrum,Generalized Anxiety Disorder,Psychotic Disorders,Sleep Apnea,Delusional Disorder,Bulimia Nervosa
2433,avoidant personality disorder close friends,"hello i'm looking for some advice if this is allowed ) almost all of my symptoms line up with the diagnostic criteria, and they've been present since i was young. a few years ago, i went to a psychiatrist to get evaluated. for context, i have a close friend of ten years now, and he's incredibly nonjudgmental and the only person i feel i can truly be myself around. i was essentially told by the psychiatrist that having a longlasting friendship rules out the disorder completely, even though my symptoms inhibit almost every other relationship i have or have ever had to varying degrees. i still feel like what i experience goes beyond normal anxiety. does anyone have any input on whether this is true? has anyone been diagnosed regardless of a close friendship?",Personality Disorders,Neurodevelopmental Disorders,Anxiety Disorders,Cluster C (Anxious/Fearful),Ptsd Spectrum,Cluster B (Dramatic/Emotional),Avoidant Personality Disorder,Agoraphobia,Seasonal Affective Disorder
13699,rls lifer,"i am a 33f who has suffered from rls since before i can remember. when i was a few months old i had scarlet fever. my mom tells me that shortly after recovering i started rocking myself to sleep at night in the crib. when i say rocking, i mean getting in the fetal position, knees and forehead on the bed under me, and aggressively rocking from side to side. growing up family would roast me about rocking because it wouldn t attract a husband. staying in a camper with my grandparents every summer was an utter nightmare because my rocking would move the camper and they would get pissed so i was forced to lay still. the same occurred when my dad built a set a bunk beds for my sister and i that happened to squeak he would come into the room and hold me down until i stopped rocking because it annoyed him. in middle school i started instinctively kicking my left leg into the air as i rocked to the right. as i got into high school i started driving home at 12 am from friends houses because the anxiety of keeping still was maddening. i began drinking until i blacked out at peoples houses, or chugging nyquil at a boyfriends house so i could be a normal person and stay the night. i flew to europe and stood in the bathroom on the plane for 8 hours because i couldn t keep still just squeezing and mini stretching. as an adult, rls has become significantly worse. there are nights when i stand all night, uncontrollably kicking, punching, thrashing. the movements are intense and i am always sore the next day. often times i will fall asleep standing up and collapse onto the floor, startling me awake. i ve come close to being seriously injured (slamming into furniture, falling onto hard surfaces in weird positions) as a result of the falls. i have tried gabapentin and experienced akathisia i was hospitalized and literally shit myself in the hospital bed because i couldn t stop moving. often times medical professionals view my physical behavior as erratic or anxious because i m so emotional when i try to explain what s going on. i have eliminated caffeine and sugar. i smoke weed regularly. i could stand to be more active perhaps that would help. i am significantly larger now and i still rock myself to sleep. i am single and expect to be forever because who in the world would want to put up with this? i mean, for a while i thought i could just have a separate bedroom. but, now, when i fall asleep the screaming and thrashing is so loud it keeps everyone around me awake (i ve lost a friend over this because he didn t believe me). idk i ve told my doctor that suicide crosses my mind a lot because of how limiting this has become. i don t have a plan or anything maybe feeling more like i could just disappear.",Sleep Disorders,Eating Disorders,Neurodevelopmental Disorders,Insomnia Spectrum,Psychotic Disorders,Depressive Disorders,Restless Legs Syndrome,Bipolar 1 Disorder,Schizotypal Personality Disorder
21520,i only just read through my whole asd diagnosis letter ...,"'communication' speaks abnormally loud and fast. 'abnormal'? .... don't you mean gifted????? it was 16 pages long. before my gp recently printed the whole thing off for me, i only had the last 4 pages of actual diagnosis part. .... asd with anti social behaviour. i'm an abnormal psychopath huehuehuehuehue .... i need to upgrade what i tell people about myself, i am my favourite topic after all.",Neurodevelopmental Disorders,Trauma & Stressor-Related Disorders,Anxiety Disorders,Autism Spectrum Disorders,Ptsd Spectrum,Bipolar Disorders,Autism Spectrum Disorder (Asd),Histrionic Personality Disorder,Body Dysmorphic Disorder
3062,do i bring the fact that i think i have bpd up to my temporary counciler,i have a councillor temporarily and but so ive freaked myself out. i saw something about bpd and it was relatable and then i looked into it and i match some of the symptoms but i just want answers now i wish you could just tell 100%. should i bring this up with a councillor or could this all be in my head trying to figure out why i feel so... outcasted and different from everyone and why everyone says im too much and why i behave how i do and why i feel so much all the time. im so lost and i cant think straight coz of how stressed i am about this even though it could be completely in my head,Mood Disorders,Trauma & Stressor-Related Disorders,Substance-Related & Addictive Disorders,Bipolar Disorders,Cluster A (Odd/Eccentric),Generalized Anxiety Disorder,Bipolar 1 Disorder,Attention-Deficit/Hyperactivity Disorder (Adhd),Cannabis Use Disorder
5112,how to deal with isolation?,"starting today ill be home alone for the next couple weeks while the rest of my family is abroad. this is only the 2nd time in my life being isolated for this long and i cant remember any of what happened the last time. im scared of my symptoms worsening, not being able to reality test, getting stuck in my head and not being able to tell what isisnt real, etc.. i can hardly take care of myself even when living with others, its not possible for me to live alone so i stay with my parents how does isolation affect u? what could i expect to happen? how do u cope?",Schizophrenia Spectrum & Psychotic Disorders,Eating Disorders,Personality Disorders,Psychotic Disorders,Cluster A (Odd/Eccentric),Bipolar Disorders,Schizoaffective Disorder,Restless Legs Syndrome,Antisocial Personality Disorder
20398,i hate being me,"i hate being me, i hate myself, i am worthless. i have so many mental illnesses. i have been diagnosed with major depression, anxiety, ptsd, agoraphobia, panic disorder, and more. i also have physical ailments like epilepsy, which means i can t drive myself anymore and need to rely on rides from family and friends for my medical appointments. i also have chronic back pain from needing corrective back surgery when i was a teenager. i don t know what i did to deserve this. i m gay and was bullied so badly growing up for that and being a hunchback before my surgery. i also grew up in a house full of domestic violence and alcohol abuse. i haven t worked in 3 years and feel like such a loser. i ve been advised having a job is something i can not handle at the moment. i spent two weeks at mental hospital over the summer and couldn t stop crying because i wasn t home with my mommy. i m a 29 year old man who still lives with my parents, still needs to sleep with stuffed animals, still use terms like mommy never had a boyfriend because i don t think i m worthy of love. i ve been told i am attractive, funny and have a good heart. but when i look in the mirror all i see is an unemployed, college dropout who cant even be a mile away from home without crying. i also have body dysmorphia and had to be hospitalized and put into treatment for anorexia five years ago. i just don t want to be me, and would do anything to be anyone else.",Anxiety Disorders,Substance-Related & Addictive Disorders,Obsessive-Compulsive & Related Disorders,Phobias,Adhd,Ptsd Spectrum,Agoraphobia,Autism Spectrum Disorder (Asd),Paranoid Personality Disorder
16532,eating out at restaurants.,i got diagnosed with anxiety about 4 years ago. i struggled to leave my house or really do anything for about 6 months. after therapy it all started to improve and have been living a much more social life. the one thing that still massively effects me is eating out at restaurants. i get all sweaty and feel like i can t swallow my food. i looked it up and have heard of deipnophobia (the fear of eating in front of others). but this isn t it as i have no issue eating with friends or family when inside a house.,Anxiety Disorders,Schizophrenia Spectrum & Psychotic Disorders,Trauma & Stressor-Related Disorders,Phobias,Panic Disorders,Cluster C (Anxious/Fearful),Social Anxiety Disorder,Narcissistic Personality Disorder,Avoidant Personality Disorder
4346,how do people not gain weight from bed,i've never seen it but i read on the nhs website (which is pretty reputable) that people can have bed and don't gain weight and im just wondering how? do they just binge less or just have super high maintenance calories? im not tryna say people who don't gain weight don't have it or anything i'm not tryna come across that way at all i'm genuinely interested,Eating Disorders,Trauma & Stressor-Related Disorders,Obsessive-Compulsive & Related Disorders,Restrictive/Compensatory Disorders,Cluster C (Anxious/Fearful),Adhd,Binge-Eating Disorder,Obsessive-Compulsive Disorder,Dependent Personality Disorder
18015,getting out of depression,"i'm 30 years old and have been suffering from depression for years i never feel like doing anything (not even just tidying up my room), i'm always glued to my smartphone ( 8 hours), time passes without me realizing it, my mood is always flat, pessimistic and complaining, i have no motivation, i'm not very alert. my psychologist told me that in addition to the meetings with her i should combine a pharmacological therapy. the problem is that i have read too many testimonies of people who, taking the drugs (ssri and snri), have contracted pssd and have become zombies (irreversible problems even by suspending the therapy). what can i do to get out of it? as a sport i go to the gym 34 days a week",Mood Disorders,Substance-Related & Addictive Disorders,Personality Disorders,Depressive Disorders,Ptsd Spectrum,Panic Disorders,Major Depressive Disorder,Obsessive-Compulsive Personality Disorder,Anorexia Nervosa
5451,how was late diagnosis for you? (and a little bit of my experience and struggles...),"tldr i was diagnosed at 28 and feel completely lost around 6 months later. would love to hear your stories and how you dealed with it hey there, everyone last year, after years of depression and having horrible experiences with different psychiatrists, i (28 m) went to one that was a reccomendation from someone, and he asked me to do a neuropsychilogical analysis before giving me any medication. we thought i could have either adhd or autism, but it turned out i actually have much higher attention than average, but cannot choose where to focus it because i have level 1 autism after that i started medication (venlafaxine) and it made a huge difference for good, together with me trying to understand more about myself and my whole background from the perspective of being an aspie. i'm creating this post, though, because even after about 6 months, i still feel very weird. i know i have the diagnosis, but since apparently i'm great at masking, it feels like people think i'm just lazy if i struggle with something a neurotypical person shouldn't... and that's tough i'm a teacher and i don't remember the name of 80% of my students. same thing for coworkers' names... i do a good work, but sometimes i just freeze, spacing out thinking about something while lots lf things are happening in the classroom. i constantly feel like i'm in a constant state of insecurity at work or at social situations, even though i like to be around people and talk... but then, i never know what to talk about if it's not a special interest it also feels like i'm constantly burned out at the same time that i do have a lot of will to hang out and be around people, but it seems like i almost cannot ever make real friends who will want to do anything besides all that... i'm so confused autism is this huge spectrum... so what does it mean to be autistic? now, i keep thinking about if any of my traits i consider ""different than normal"" or any of my struggles are because of it. i also started to notice lots of things that might be related to it, like how i'm always tapping rhythms and, if i'm in a public place in which i cannot do so, i will start tapping my teeth to the rhythm, or start biting the inner part of my lips and take its skin off as a distraction (doesn't hurt, but feels like a harmful stimming), how i sometimes feel uncomfortable in very specific ways, like if i needed to yawn but just couldn't, or how i find extremely difficult to keep my things organized in a nice looking way. yet, there are so many things that just don't seem to fit right? for example, i love touch in general i will be super happy at a super crowded carnaval parade (brazilian here) where you almost don't even have room to walk... i was always known by my friends as a ""strong hugger"", and if i could, i would give 3 times more hugs than i do to my friends and coworkers... i don't feel like i have that thing of not want to socialize that many aspies do (even though, thinking about it now, when i'm at home with my parents, i do usually want to stay alone... yet, i feel lonely and would love to hang out more with people i feel comfortable with)... so... i just wanted to know a bit about your own experiences... did you ""identify yourself"" with your diagnosis? what did you do to feel better about your struggles or about how others usually see you? did you tell people about it? (i didn't tell almost anyone, as i'm afraid they might think i'm using it as an excuse for something)... also, what's your opinion about what i'm sharing here? even though my life has improved absurdly after the diagnosis, i feel like i'm doing something wrong, and could be doing much better... it's weird to explain thanks for reading all of this",Neurodevelopmental Disorders,Trauma & Stressor-Related Disorders,Eating Disorders,Autism Spectrum Disorders,Panic Disorders,Adhd,Autism Spectrum Disorder (Asd),Post-Traumatic Stress Disorder (Ptsd),Seasonal Affective Disorder
12030,panic attack heartchest pain,i literally just had my second panic attack after 4 years. it was so random at 4 am when i was about to fall asleep. it lasted almost an hour my heartchest hurts. the pain goes away and comes back. is this normal? has this happened to anyone? help lmao,Anxiety Disorders,Schizophrenia Spectrum & Psychotic Disorders,Eating Disorders,Panic Disorders,Bipolar Disorders,Generalized Anxiety Disorder,Panic Disorder,Persistent Depressive Disorder (Dysthymia),Insomnia
14146,sense of detachment,"sometimes i completely feel as if i am a stranger to my own spouse and children. i can sit with them in our own house and mentally and emotionally become confused as to why i am even there visiting with them. at times this drives me to just walk off and do something else entirely. recently, it has even made me numb to intimacy with my spouse. i am starting to wonder if my ppd is getting worse with age. i am starting to save money and prepare for a life on my own after our children our grown. especially, if this numbness and sense of detachment persists.",Personality Disorders,Sleep Disorders,Substance-Related & Addictive Disorders,Cluster A (Odd/Eccentric),Insomnia Spectrum,Generalized Anxiety Disorder,Paranoid Personality Disorder,Delusional Disorder,Bipolar 2 Disorder
5013,how to act normal ?,"i have an issue at work with a coworker. she is in a senior position and i have worked there almost two years. for the first year and 12 weeks got along great, had nice conversations etc. the first issue was my memory. i struggle pretty significantly with memory and this made me take longer to train. that s the only thing i can think that i might ve done to cause this, anyway for the past few months she won t even look at me. she avoids me. that s okay, i don t need everyone to love me. problem is she is verbally very harsh towards me and snaps a lot. i just can t handle angry people. i shut down. i ve apologized so much for things i didn t even do just to get out of that situation (unfortunately some of these have followed me into my performance review as if i was at fault). i can t go to a higher level person because they re buddies. she s aware of it to some extent, not about the apologizing for things i don t do though. i m scared if i say something she d turn it on me like well what did you do to cause her to react? additionally, i did for the first time the other day attempt to correct the situation where i was blamed for something i didn t do. i even had witnesses. higher up manager believed her anyway. basically, i m tired of being afraid of her snapping, afraid of getting bad performance reviews because of it, tired of being scared. i m working with her tonight and i m honestly terrified. i haven t in months because our manager stopped scheduling us together. until now. and i m sure as hell not calling out because of her. what can i do? how do i stop being terrified of making people angry? thank you guys",Trauma & Stressor-Related Disorders,Sleep Disorders,Neurodevelopmental Disorders,Ptsd Spectrum,Restrictive/Compensatory Disorders,Ocd Spectrum,Post-Traumatic Stress Disorder (Ptsd),Anorexia Nervosa,Schizotypal Personality Disorder
14457,sick of the negative voices,"almost every day i have an intrusive voice telling me something along the lines of ""you need to kill yourself"" or ""itd be better if you were dead"" or ""theres no cure for you other than dying"" and i keep having suicidal ideation. one thing the voices love to repeat like a broken record is ""you wont be missed"" just over and over and over. its maddening. i hate my life and what its become. i hate this disease and i hate myself. i can't do anything i want to do. i cant drive, i cant keep friends, and im basically treated as though i have a toddlers mindset. im trying to remember my pills every night but some nights i cant seem to find it in me to care enough. so i cant even tell if im on the right dosage or not because i dont take them at least once a week. but idk if it even matters anymore, i think i might be incurable, theres no fixing me. cant fix the schizophrenia, the depression, anything. i cant stop thinking im better off either in constant pain or dead",Schizophrenia Spectrum & Psychotic Disorders,Obsessive-Compulsive & Related Disorders,Trauma & Stressor-Related Disorders,Psychotic Disorders,Cluster B (Dramatic/Emotional),Adhd,Schizophrenia,Restless Legs Syndrome,Agoraphobia
19816,"i don't know what to do, and i'm very scared, need advice","after the death of my pet, over time, my mental state began to deteriorate, after going to psychologists who all said that it was worth contacting a psychiatrist with suspected depression, i still turned to a specialist and he said that i suspected schizotypal disorder. the next consultation is unknown when, and my last visit was a month or even two ago, and all this time i was thinking about this diagnosis and the rest of my life. i am very worried that because of this diagnosis i will not be able to be happy, because in the society in which i am, absolutely everyone condemns such a diagnosis. besides, i have never met people with this type of disorder myself, and this makes me doubly afraid, because i do not even know how their lives are going? i know a lot of stories about other mental disorders, with good and bad endings, but here i can't even imagine whether treatment will help me or not. i am still quite young and i do not know how to live on. of course, i know that this is not a confirmed diagnosis, but it all torments me now. in addition, i would really like an example of people whose lives have developed, if not in an ideal way, then at least in an average way. i don't know where to look for support anymore, because people either don't understand me or reject me. hope someone would understand",Personality Disorders,Neurodevelopmental Disorders,Anxiety Disorders,Cluster A (Odd/Eccentric),Autism Spectrum Disorders,Cluster C (Anxious/Fearful),Schizotypal Personality Disorder,Major Depressive Disorder,Dependent Personality Disorder
9226,alcohol and avoidance?,"i think i have avoidant attachment or avoidant personality disorder. i struggle a lot to be physically or verbally affectionate with anyone including family unless they initiate first. even then it can be difficult and feels awkward. i know i very much need to see a therapist but i don t have health insurance and haven t for about a year. i know i will again in a few months. for some reason alcohol brings out my affectionate side a lot more. i become much more flirty, comfortable with physical and verbal affection and can express affection a lot easier. affectionate emotions towards others (friendly or romantic) becomes stronger and i suddenly want to be express it much more. i know this isn t healthy but does anyone else feel the same or have experienced something similar? how do you deal with this? i don t want people to think i only like or care about them when i drink.",Personality Disorders,Eating Disorders,Mood Disorders,Cluster C (Anxious/Fearful),Ocd Spectrum,Generalized Anxiety Disorder,Avoidant Personality Disorder,Bulimia Nervosa,Seasonal Affective Disorder
20474,"i hate myself so much, everyone hates me","i ve been lashing out at people and i know that is because my paranoia is starting again. i can t stand it, i have left some bad impression on some people and now they are going to think that that s who i am based on that moment, i fucking hate it, i feel like a horrible person, everyday i think about how horrible of a person i am, i can t stand myself and i want to change but it feels like i m stuck, but i know for a fact that it s not all my fault, they are responsible to.",Personality Disorders,Sleep Disorders,Schizophrenia Spectrum & Psychotic Disorders,Cluster A (Odd/Eccentric),Substance Use Disorders,Insomnia Spectrum,Paranoid Personality Disorder,Bulimia Nervosa,Social Anxiety Disorder
13525,remembering to eat? tw unhealthy relationship with food,"hi long background story short always had a very weird relationship to food, throughout all my teenage years, i ve struggled with disordered eating, although never diagnosed because i never talked about it (and i ve always been on the curvierchubbier side, so i felt like people would think i was lying) which is why i m not calling it an ed. i m turning 23 next week for reference. ) over the past year or so, most noticeably the last 46 monthsish, i ve started to notice my quite unhealthy eating habits, i don t eat enough, at all, i ve gone 48 hours on a singular protein bar, coffee, water, tea. the thing is, it s not on purpose it s not me ignoring my hungry stomach on purpose like i used to do, i genuinely don t feel hungry that often anymore, it s very rare that i have an appetite, and if i do, i cook an actual very protein heavy meal. i eat when i m hungry, i just don t feel hungry until my stomach actually hurts, and then i eat. nothings changed medicine wise, other than the dose being doubled, i ve actually cut down my alcohol and drug use a lot, so i was hoping to get some of the appetite back. sorry for rambling my question is how do i remind myself to eat, when i don t feel hungry and if i don t have an appetite the thought of food makes me nauseous. and also, is this on the i should talk to my psychiatrist about this list?",Mood Disorders,Anxiety Disorders,Trauma & Stressor-Related Disorders,Bipolar Disorders,Cluster B (Dramatic/Emotional),Psychotic Disorders,Bipolar 1 Disorder,Narcolepsy,Delusional Disorder
849,advice? scared to talk to ppl my age.,"17f, doing online schooling due to social anxiety stemming from a fear of ppl my age and just ppl in general. i have no problem with talking to others where i don t have to be in their presence everyday (coworkers, i m casual, employees at stores i frequent) but i cannot handle talking to ppl my age (1525) and am scared for when i go to uni. i m good around everyone else as long as i m with someone who i know will support me or i ve already gotten comfortable around them. i just feel like ppl my age are silently judging me on whatever i do like they re testing me or sm. i had that experience when i went to inperson high school like i was never outright bullied but ppl would just say stuff and comment and look and just ugh i felt like i couldn t be myself at all. i even tried the theatre kids and nahhh man i wanted to find ppl who matched my freak not genuinely freaked me out on how backwards they treated ppl. fr i can ignore it when i have a community of ppl i feel supported by but my friends were exactly the same. i d do sm wrong and know they re silently judging me and i d hear them gossip and say crap. i d confront them or urge them just to tell me if i ve done sm wrong but nah it would just make them build up all this fricken anger and lash out. they d all do it to each other. idk it was giving immature teens who are stressed on exams and social situations. to give you context i told one of my friends i was scidal and they proceeded to get mad at me when i confronted her about spreading it through our year group. no apology, no self awareness at all. i m not saying i was any better, being judgey and what not but i wouldn t voice my ignorance or be mean or treat ppl with disrespect. nah i keep that crap to myself bc i m the one with the problem and i m not making it anyone else s to deal with. idk i m just nervous bc i want friends, ima go to uni soon and that s away from all my fam and support system, and i m sick of trying to be someone i m not. i live in a small rural town so maybe that s it. even my cousins are like that, the rest who are older than 25 are chill. idk i just wanna make actual worthwhile connections outside of my family. i literally have no friends and tbh i ve found more peace without them. i feel free.",Anxiety Disorders,Mood Disorders,Sleep Disorders,Phobias,Insomnia Spectrum,Restrictive/Compensatory Disorders,Social Anxiety Disorder,Binge-Eating Disorder,Attention-Deficit/Hyperactivity Disorder (Adhd)
5039,how to begin to reassure yourself?,"i have a big big problem with reassurance seeking. whenever i do something i feel like i have to tell someone else because i'm biased, and if they tell me it's fine, i feel like theyre the biased one. it never ends. i don't know how to begin to have just, common sense. how am i supposed to know if i did something concerningharmful or not when i have all this anxiety? i used to be not as self conscious too due to being an autistic child, so now i'm hypervigilant about it because i feel like i'm ""naturally"" predisposed to not being reflective. where do i start on a journey to think for myself?",Obsessive-Compulsive & Related Disorders,Anxiety Disorders,Eating Disorders,Ocd Spectrum,Restrictive/Compensatory Disorders,Adhd,Obsessive-Compulsive Disorder,Dependent Personality Disorder,Schizotypal Personality Disorder
5753,i think i m developing agoraphobia,"i ve had this on my mind for a while but only recently came across this sub. i kind of had a feeling but after reading and relating to the experiences of others here i m becoming a bit concerned. not to be emo but over the course of my life i ve suffered a lot of abuse and general misfortune, this has caused me to be very fearful for as long as i can remember. i didn t get my license until i was 21 because i was just so afraid, and i only ended up getting it so i could reliably get to work and back without relying on others. over the past year or so i ve been becoming more and more afraid of the world outside my home. driving more than 20 minutes at a time or going anywhere by myself throws me into a complete panic, and these days it seems i can t go anywhere other than work without one of my safe people. i ve been flaking on my friends who i love dearly more and more because i can t bare the thought of leaving the house most days, even if it s just to go to one of their houses. i told a close friend about this and she said i should seek resources to hopefully stop the onset of agoraphobia, but i really don t know where to start. i ve been very poor my whole life, so now at the age of 25 i don t have any health insurance, making therapy not an option. i just don t know what to do, it s like a self fulfilling prophecy where i m so terribly lonely but i can t bear the thought of going and actually meeting anyone. i guess the point of this post is just that i m seeking advice, thank you",Anxiety Disorders,Mood Disorders,Trauma & Stressor-Related Disorders,Phobias,Adhd,Cluster B (Dramatic/Emotional),Agoraphobia,Social Anxiety Disorder,Generalized Anxiety Disorder (Gad)
6732,im slipping back into the hell of this eating disorder,"i'm 17 almost 18 and i developed ana when i was 12 but at 16 i was forced into a recovery situation and here we are now a year and a half later. i actually got better and have maintained a healthy weight for about a year now. but now that i'll be 18 and my parents can't force me to the hospital anymore i'm having urges to relapse, i have that fat feeling back in my body and that little ed voice in my head is back after all this time of being better. im starting to make restriction plans and im both excited and scared. i'm excited to lose weight and get malnourished but deep down i know it won't work i know it won't make me happy but idc. i just want to lose weight and that's that.",Eating Disorders,Substance-Related & Addictive Disorders,Sleep Disorders,Restrictive/Compensatory Disorders,Phobias,Cluster B (Dramatic/Emotional),Anorexia Nervosa,Autism Spectrum Disorder (Asd),Avoidant Personality Disorder
4501,how do you feel about others crying around you?,"recently had an experience where a roommate started crying when talking to me. for me personally, i truly hate and it annoys me like nothing else. it makes me feel so awkward. even if i can see why someone would be upset, it irritates and annoys me for some reason. i can never understand why someone who knows even the slightest thing about me thinks that i of all people am a good candidate to be crying around. i've made it pretty clear to those around me that i'm not. empathy in general is something i severely struggle with. i'm just not good at it, plain and simple. i guess that's why i hate being put into situations where i'm expected to be empathetic to others.",Personality Disorders,Anxiety Disorders,Neurodevelopmental Disorders,Cluster A (Odd/Eccentric),Insomnia Spectrum,Phobias,Schizoid Personality Disorder,Antisocial Personality Disorder,Avoidant Personality Disorder
3945,how bad is my situation,"i have insomnia since i was a kid, now an 28 years old. i usually sleep 04 hours a night. usually 0 then 4 hours the next day. i tried a bunch of medications and nothing has solved the issue. only mirtazapine worked but stopped working after a few years. i take no drugs (not even alcohol or caffeine).",Sleep Disorders,Schizophrenia Spectrum & Psychotic Disorders,Trauma & Stressor-Related Disorders,Insomnia Spectrum,Autism Spectrum Disorders,Psychotic Disorders,Insomnia,Narcolepsy,Generalized Anxiety Disorder (Gad)
1748,anyone else had a minor identity crisis after their diagnosis?,"for example, i use to sometimes act childish around my boyfriend and my best friend. now i assumed this was because i feel safe with them. and let down my hair, don't have to be alert and can relax. now with dpd (i most of the time call it as my 'dependent personality traits' not even a disorder.. because i am also an avoidant personality, despite reading through my mcmi report many times.... it clearly says anything above 85 is a disorder.) so what now i depend on them because i know they can take my responsibility? because this are the persons i go to if i am not emotionally okay or need any kind of reassurance. i don't know who i am anymore.",Personality Disorders,Substance-Related & Addictive Disorders,Trauma & Stressor-Related Disorders,Cluster C (Anxious/Fearful),Phobias,Adhd,Dependent Personality Disorder,Body Dysmorphic Disorder,Binge-Eating Disorder
5706,i think i had an anger crisis,"hello everyone, i am a 30 m aspie. i have been searching a job since february 2024. i had many interviews and i have a better than average cv, however, i can t stay cool at interviews and fail to get the job. i think, i had a some kind of rage, right after i got another rejection after a second interview. then, i cried for 1 hour like i would never stop crying. my next doctor appointment is at 31.03. what are your suggestions until then? will i be having this again? did anyone here have this problem?",Neurodevelopmental Disorders,Schizophrenia Spectrum & Psychotic Disorders,Obsessive-Compulsive & Related Disorders,Autism Spectrum Disorders,Generalized Anxiety Disorder,Adhd,Autism Spectrum Disorder (Asd),Seasonal Affective Disorder,Schizoaffective Disorder
21842,is this another symptom?,so recently i ve begun to notice my anger getting more and more uncontrollable. and it s not even at big things anymore. i get so angry at ignorant people the most out of everything tho. i m curious.. is moral outrage a symptom of bpd? i haven t found anything relating the 2 so im concerned i have another illness to discover..,Mood Disorders,Schizophrenia Spectrum & Psychotic Disorders,Anxiety Disorders,Bipolar Disorders,Cluster C (Anxious/Fearful),Adhd,Bipolar 1 Disorder,Paranoid Personality Disorder,Schizoaffective Disorder
13870,saying fck it,(just wanted to say i don t want to show any negativity within this post )) this may sound weird to some however sometimes in the middle off the night i get a random temptation to just say fck it and push myself to leave the house and walk as far as i can does anyone else feel like this and what are your opinions? should i do it ?,Anxiety Disorders,Mood Disorders,Personality Disorders,Phobias,Cluster C (Anxious/Fearful),Ptsd Spectrum,Agoraphobia,Panic Disorder,Adjustment Disorder
14342,should i buy my own cpap machine?,"i had my sleep test done about 9 months back and got a result of ""mild sleep related breathing issues"" or some crap like that where they essentially said i had an issue but not sufficient enough to warrant cpap therapy. i had 11 events an hour according to the sleep study. my gp sent my results in to a specialist for a second opinion and the specialist said that it is definitely sleep apnea, especially considering my age (21) but so far the consensus is that i should lose weight. i've been referred for weight management, and i am absolutely receptive to trying anything they suggest, i know my weight is an issue, i hate being at my weight and i absolutely want to resolve that issue but just need help with it for various reasons i won't delve into. the issue is that getting referred for weight management and losing the weight is going to be months and years of waiting probably, and i'm suffering now. i wake up and i want to cry because i'm so tired. i wake up several throughout the night, my sleep quality is utter fucking garbage. i dread going to sleep, and i hate how i feel when i wake up. i am so exhausted and miserable all the time. i don't know much about how cpap works, if it's something only to be used permanently or what the deal is, but i want a life and i'm absolutely exhausted. is it worthwhile getting a cpap machine temporarily while i work on my weight? is that something that i can do and then later i wouldn't need the machine? would there any adverse effects of doing it like this? i'm considering getting a second hand one off somewhere like facebook marketplace and just coughing up the however much it ends up being because i feel utterly miserable. any advice would be appreciated, i'm exhausted and confused and just want a way out.",Sleep Disorders,Personality Disorders,Substance-Related & Addictive Disorders,Insomnia Spectrum,Phobias,Bipolar Disorders,Sleep Apnea,Social Anxiety Disorder,Delusional Disorder
3081,do i have cyclothemia?,"so i was diagnosed when i was 29 years old. i ve been on lamictal for 5 years and never missed a dose. i m unsure of when i was diagnosed that i was just going through a rough time in my life such as finding purpose after school, quarter life crisis, finishing law school and burning out. basically i lost my father when i was 21 and my mom when i was 24. i powered through school through most of it and never had any symptoms. i was kind of nervous when i moved to another state and had a minor panic attack, but i feel that anyone might have had that since i was young and it was life changing. fast forward to when i was 27 i had some sort of change in my mood randomly. i was going through a hopelessness feeling. i was getting married right before final and was about to graduate but got really depressed and failed one of them. i had to repeat the course. was so disappointed in myself because it felt like i was running a marathon and broke my leg before the finish line. i was really not sleeping well, not shaving, etc. guess it was a depressive episode. i had just inherited a lot of money as well and all my student loans were paid off but i guess i just had trouble getting out of bed. anyway after i graduated we moved in together, had my first real job, got a dose of reality in the corporate world and was miserable as hell lol. i also had problems struggling with purpose as i was sitting on a pile of money from losing my parents and i struggled even doing my job as i felt like i didn t really need to do it at the time. i don t want to divulge too much but it was deep six figures. lot of money for someone who grew up poor and was very well off for a young guy. i started partying and not paying attention to my ex and started hitting up strip clubs. i m not sure if it was because i was young and wealthy and wanted to see what it was actually like to be young and wealthy without being tied down. this was so long ago that i can t remember much but i definitely had some moments where i felt like i didn t really have a chance to do what i want. i may have just beeen lost in life. but i m unsure if i still am cyclothemic. i know i m not bipolar 2 as i ve be been told by two psychiatrists.",Mood Disorders,Schizophrenia Spectrum & Psychotic Disorders,Personality Disorders,Bipolar Disorders,Substance Use Disorders,Ocd Spectrum,Cyclothymic Disorder,Bipolar 1 Disorder,Agoraphobia
14659,small victories for today,"what are your small victories for today so far? and if you haven t reached one yet, what is one you can set for yourself to reach before the day ends? my small victories 1. i didn t buy a single thing from the store or gas station. typically i d buy a pack of candy like twix, and eat one bar, sc the other ones. but today i didn t do it. and it felt so good 2. pushed through the fatigue and actually did my workout 3. haven t had an episode yet it s 1pm. 4. listened to one of my new favorite podcasts and it is helping me really think this through",Eating Disorders,Sleep Disorders,Schizophrenia Spectrum & Psychotic Disorders,Restrictive/Compensatory Disorders,Cluster B (Dramatic/Emotional),Adhd,Bulimia Nervosa,Sleep Apnea,Restless Legs Syndrome
11929,overcoming the fear of stores,"i have not been able to go inside a store alone, let alone buy something for about 5 years. i could barely do it with company as well. however, now i am able to go inside stores with my partner without dissociating completely on a good day. so i want to challenge myself further, and try to go inside a store and buy something completely alone by the end of this spring.. i would deeply appreciate if anyone could give me some of your techniques or things that will make the exposure easier. i am well aware that i have to take baby steps, but what could those baby steps be? thank you for reading",Anxiety Disorders,Personality Disorders,Eating Disorders,Phobias,Generalized Anxiety Disorder,Cluster B (Dramatic/Emotional),Agoraphobia,Generalized Anxiety Disorder (Gad),Antisocial Personality Disorder
18637,"have you ever been completely alone (for months or years)? if not, would you like to?","i was wondering today how it would feel like to be completely alone for months, no contact at all with family or friends, only the necessary talk you need to have for shopping, etc. i can't imagine how it is, even though i'm not a big fan of being around people, at some point i would feel like shit. i need at least the acknowledgement of my existence by other people to feel good but i understand that with schizoids it's the opposite, correct me if i'm wrong though.",Personality Disorders,Mood Disorders,Substance-Related & Addictive Disorders,Cluster A (Odd/Eccentric),Panic Disorders,Restrictive/Compensatory Disorders,Schizoid Personality Disorder,Cyclothymic Disorder,Bipolar 1 Disorder
11457,my 11 year old lost 6 lbs in 3 months,"he s always been on the skinnier side as it is. my doctor and i want him to level out his weight loss. he s on 10 mg of instant adderall twice a day. we got him some high calorie protein granola bars and protein strawberry milk he can eat before he takes his adderall in the morning, that will net him an extra 600 calories. does anyone else have any other ideas? i want it to be comfortable for him, i don t want to have to force feed the kid spoonfuls of peanut butter after school or anything lol. preferably nutritional food, but at this point, calories are calories. i can switch him to vitamin d milk, he likes hot chocolate a lot. he s like a standard 11 year old kid, he loves candy, but he doesn t really like things like chips or savory snacks though. we tried trail mix and nuts already, and he didn t like them. he picked out the m ms and didn t eat the nuts. please help",Neurodevelopmental Disorders,Personality Disorders,Trauma & Stressor-Related Disorders,Adhd,Cluster B (Dramatic/Emotional),Panic Disorders,Attention-Deficit/Hyperactivity Disorder (Adhd),Schizotypal Personality Disorder,Obsessive-Compulsive Disorder
8952,absolute minimum workout routine?,"does anyone have advice for the lowest effort workout routine imaginable to basically keep your body from falling apart? no specialized equipment, gym memberships, etc. just like, something you can do every day when you stumble out of bed that covers the main bases? i have successfully convinced myself to brush my teeth morning and night even though i find it annoying, i know it s like the minimum thing you have to do. what is the teeth brushing for physical fitness? i was diagnosed and medicated at 39, and have been on vyvanse now for 3 months which has been life changing. i gave up a long time ago on being able to build a workout routine, or really any routine. my longest streak was almost a year, then i got sick for a week and literally forgot that i regularly worked out for several months. my current routine is i have a pair of dumbbells right next to my wfh office chair, and when i stub my toe on them, i do ten bicep curls. that s the only thing i ve found that works for me. obviously i m going to shoot for more than the bare minimum, but i m so tired of the cycle of hyper focusing on fitness until burnout then going completely sedentary until i pull a muscle doing something mundane.",Neurodevelopmental Disorders,Personality Disorders,Trauma & Stressor-Related Disorders,Adhd,Restrictive/Compensatory Disorders,Substance Use Disorders,Attention-Deficit/Hyperactivity Disorder (Adhd),Cannabis Use Disorder,Adjustment Disorder
12792,propranolol for flying?,"i had always used xanax for flights (0.25mg) but i m thinking about taking propranolol for my next flight. i usually get a surge or adrenaline and panic when the plane takes off making my heart race and make me sweat, etc. does anyone have experience with propranolol for this? or should i stick to xanax instead? i just don t want to feel tired all day after taking a xanax, i m traveling for work.",Anxiety Disorders,Neurodevelopmental Disorders,Eating Disorders,Generalized Anxiety Disorder,Panic Disorders,Psychotic Disorders,Generalized Anxiety Disorder (Gad),Hoarding Disorder,Bipolar 1 Disorder
22990,"losing weight unintentionally, my mom is worried","i struggled with anorexia in high school. it took a few years, but i gained the weight back and since then i ve been eating regularly and eating what i want with little issue ( i still have ed thoughts but i can ignore them ). however, recently i ve been losing weight unintentionally. i think i m just not eating enough, or something else is going on idk. but it s scaring my mom. i told her im not trying to lose weight but idk if she believes me. it s kind of frustrating having a history of ed because everytime i say i m not hungry or something, my mom assumes i m relapsing when i m not",Eating Disorders,Sleep Disorders,Schizophrenia Spectrum & Psychotic Disorders,Restrictive/Compensatory Disorders,Autism Spectrum Disorders,Cluster C (Anxious/Fearful),Anorexia Nervosa,Post-Traumatic Stress Disorder (Ptsd),Bipolar 2 Disorder
19963,i feel like a fraud when i talk to people,"i feel like i'm conning people when i talk to them, i see them judging me and making assumptions about who i am i know that something's going to slip eventually and they'll see something ""off"" (that's if they haven't already). i feel like any time i make any pretense of being a normal person i'm doing something really terrible and when people find out they're going to be really angry and disgusted with me. anyone else have this?",Personality Disorders,Eating Disorders,Schizophrenia Spectrum & Psychotic Disorders,Cluster A (Odd/Eccentric),Ocd Spectrum,Cluster B (Dramatic/Emotional),Schizotypal Personality Disorder,Binge-Eating Disorder,Narcissistic Personality Disorder
20618,i haven t left the house in 6 months. i have a dental appointment tomorrow.,"i m terrified. wish me luck update well that was bad. the dentist appointment itself went rather well. they were very kind to me, and i was quite comfortable during the appointment. the trouble came when i went to pick up the medication they prescribed to me. i walked into walmart, and headed for the pharmacy counter. then, all of a sudden, it was like i forgot how to speak. the lady asked for my name, and i stuttered for a solid 10 seconds, apologized, then went to the bathroom. i sat in the bathroom and cried for a while, then walked out of the store without my medication. i did end up going back to get my medication. i had my grandmother come in with me and do most of the talking. that s pretty humiliating, but hey, i have my medication now. thank you guys so much for all the kind words. i have two more appointments coming up on the 28th and 29th of this month. one is for a consultation, the other is a wisdom tooth extraction. let s hope those appointments go a little smoother",Anxiety Disorders,Obsessive-Compulsive & Related Disorders,Eating Disorders,Phobias,Cluster B (Dramatic/Emotional),Substance Use Disorders,Agoraphobia,Body Dysmorphic Disorder,Social Anxiety Disorder
16591,envious of my friend and anxious during work,"i would say this is more like a diary of my life today. so, my friend likes to post about her achievements on social media. it's not the boastful kind, like ""oh, i got into a scholarship interview"" but more like ""i got an interview (it's a prestigious one), what should i do? i'm so anxious because i haven't had an interview in so long"" i don't know if it's just me, but i tend to look at it negatively (yeah, maybe i'm not the best friend). i know deep down she wants encouragement and some attention, but i keep thinking why are you flexing? you don t deserve this scholarship because you re rich. or maybe i just don't like her because she seems like a ""pickme"" and too ""princessy,"" or maybe i'm just jealous because she has things i don t. i don t know. maybe it s time for me to take a break from social media, or at least from what she posts. every day at work, i feel anxious because i m surrounded by middleaged people who work around the clock and seem clinically depressed. i m an 18yearold parttimer, and the middleaged people seem to think that us youngsters are a nuisance that we can't accomplish anything and that we re ""soft."" there s this lady who is condescending, angsty, has mood swings, and seems racist toward another coworker of mine. the reason for my anxiety is that i m constantly trying to find something to do because i don t want to seem like i m slacking, and the atmosphere is intense and pressuring. but my inner world has been more settled recently. after working there for three months, i ve learned to be more at ease and confident in what i do. working at fab is tough. tomorrow is another day at work, sigh. i m just hoping for the best, but i dread it.",Anxiety Disorders,Mood Disorders,Eating Disorders,Generalized Anxiety Disorder,Autism Spectrum Disorders,Cluster A (Odd/Eccentric),Generalized Anxiety Disorder (Gad),Narcissistic Personality Disorder,Obsessive-Compulsive Disorder
1336,"am i defeated? 10 years battling agoraphobia, financial ruin, and feeling like a failure. need support","have i lost this battle? for ten years, i ve been battling agoraphobia. every day is a struggle, but the hardest part is what the disorder has taken from me friends who drifted away, job opportunities i couldn t accept, and goals that now feel out of reach. sometimes i wonder if fear has won, but i m still here, holding on. yet problems keep piling up. my finances are crumbling i can barely afford rent and don t know if i ll manage to pay for therapy. i m a lawyer, a career i worked tirelessly to achieve, but this condition has stalled my progress. i feel hopeless, as if i ve failed to become the person others expected me to be.",Anxiety Disorders,Mood Disorders,Schizophrenia Spectrum & Psychotic Disorders,Phobias,Cluster A (Odd/Eccentric),Panic Disorders,Agoraphobia,Post-Traumatic Stress Disorder (Ptsd),Seasonal Affective Disorder
4437,how do you deal with missing out on social events?,"i've only recently started modafinil and i'm getting used to it, but i wanted to ask how you deal with not being able to go to sical events with friends? i just missed one of my closer friends bday parties and while i let her know in advance, i feel an immense mix of guilt and fomo from not going. how do you cope with this? i try to tell myself i'm looking after myself by hoosing what events are too draining to me, but it's very easy to feel as tho i am drifting from my friend group and real life. edit sending you all a big hug",Sleep Disorders,Substance-Related & Addictive Disorders,Mood Disorders,Insomnia Spectrum,Ptsd Spectrum,Restrictive/Compensatory Disorders,Narcolepsy,Schizotypal Personality Disorder,Persistent Depressive Disorder (Dysthymia)
14399,should i quit my quetiapine,im on 450mg rn and the last time i went to the psych i felt like i wasnt taken serious and now im thinking maybe i dont actually have anything. in my country people who go to a psych appointment gets labeled(idk if its the right term english is my 2nd language) and have difficulty finding jobs and banned from government jobs. my future is already ruined and im thinking maybe i dont have anything and im cured now so i should stop taking it but i cant sleep witjout it and feel very anxious and restless. should i quit it cold turkey now my doc isnt tapering me off from it,Mood Disorders,Schizophrenia Spectrum & Psychotic Disorders,Neurodevelopmental Disorders,Bipolar Disorders,Cluster C (Anxious/Fearful),Panic Disorders,Bipolar 2 Disorder,Autism Spectrum Disorder (Asd),Adjustment Disorder
12189,paranoia about my appearance at an all time high,at school i constantly think that people on other tables are talking about how ugly i am and i can't stand it. i have a history of delusions concerning classrooms but this feels so real. i'm not in school today because i couldn't take it anymore. i know that people don't care about me that much but i feel like i'm so hideously ugly and smothered in makeup that it can't be ignored.,Obsessive-Compulsive & Related Disorders,Anxiety Disorders,Trauma & Stressor-Related Disorders,Ocd Spectrum,Psychotic Disorders,Generalized Anxiety Disorder,Body Dysmorphic Disorder,Histrionic Personality Disorder,Cannabis Use Disorder
8072,no fight or flight response,"does anyone feel like they're fight or flight response doesn't exist? like time just doesn't exist for them? i am always late for events or getting stuff done because i just don't feel the stress trigger that would prompt me to hurry up. this is important not just from running away from a tiger but also for doing your assignments on time, daily lives and your studies. i am trying to figure out what medication is attributing to this or what combination of medications.",Mood Disorders,Substance-Related & Addictive Disorders,Neurodevelopmental Disorders,Bipolar Disorders,Ocd Spectrum,Ptsd Spectrum,Cyclothymic Disorder,Bipolar 1 Disorder,Schizotypal Personality Disorder
9909,becoming nonverbal but good at visual cues?,"hey, maybe someone can provide insight or maybe this happened to someone? my husband didn't have serious changes in the medicine that he takes but he becomes less and less verbal over time. actually, he is generally becoming more sleepy and tired and less concentrated. it's really hard for me to catch his attention currently. it's rare that he replies. but he gets visual cues immediately. if i pretend to hold up a microphone to his mouth he immediately replies. he also still drives (and he does it well), probably because driving is mostly visual. he's seen his doc and the doc is lowering his antipsychotic dose very very slowly, and also we're getting a full blood work. i hope we'll find what it is. did anything similar happened to anyone else here?",Schizophrenia Spectrum & Psychotic Disorders,Mood Disorders,Trauma & Stressor-Related Disorders,Psychotic Disorders,Panic Disorders,Generalized Anxiety Disorder,Schizoaffective Disorder,Panic Disorder,Insomnia
2892,diet ocd,"does anybody else suffer from a form of diet ocd. i'm diagnosed with ocd (off medications for a few months) and recently (3 month) dieting and have lost about 5kg. however the whole time is has been a constant struggle of intrusive thoughts, anxiety, and constant thought cycles around food. recently this has worsened and all i think about 247 is food, i plan my day around food ect. moreover, i get so much anxiety that i ""won't have energy or functuon properly"" the next day due to dieting. i have in the past seriously struggled with an ed, and recently this ocd food focus has made me binge non stop for the past week, be bullemic, ect. now the only way i can truly think of to break this thought pattern is by water fasting for 21 days. ofc in a healthy manner as i own the necessary supplements and electrolyte stack as this way i'm eliminating food so hopefully my ocd will move off the topic, or prove to myself that i don't need food to ""properly perform"" at work or gym ect the next day. just wondering if anyone else has suffered from something similar, and if so, any advice?",Obsessive-Compulsive & Related Disorders,Substance-Related & Addictive Disorders,Neurodevelopmental Disorders,Ocd Spectrum,Cluster B (Dramatic/Emotional),Depressive Disorders,Obsessive-Compulsive Disorder,Restless Legs Syndrome,Hoarding Disorder
3836,home sleep test ahi vs cpap ahi,so i was wondering how the restmed 10 measures sleep apnea vs the watchpat and it seems like they are wayyyy different. my cpap says 2.8 ahi vs the watchpat said 28 ahi lol. it might have been because it was uncomfortable and gave me a terrible result or is the ahi on the restmed that bad on ahi?,Sleep Disorders,Anxiety Disorders,Obsessive-Compulsive & Related Disorders,Insomnia Spectrum,Autism Spectrum Disorders,Cluster B (Dramatic/Emotional),Sleep Apnea,Bipolar 2 Disorder,Autism Spectrum Disorder (Asd)
10890,march is actually the worst month for me,"for some reason march is even worse for me than february. it's just such a tease. we got some really nice days at beginning, then straight back into cold and dreary. i guess for sad seems to build up slowly, which is why i don't suffer from it really in november and december. is this the case for anyone else. last march i was fortunate enough to have spent a week in phoenix, az and really loved it. sad just melts away when you are sitting by a pool in the arizona sun, and made march much more bearable.",Mood Disorders,Sleep Disorders,Personality Disorders,Depressive Disorders,Restrictive/Compensatory Disorders,Psychotic Disorders,Seasonal Affective Disorder,Obsessive-Compulsive Disorder,Schizophrenia
7091,is anyone else also irrationally bothered by the whole pick me girl meme?,"i m not sure if this applies to other women too but since childhood i ve felt there s something wrong with me, like i have some inherent, intangible, incomprehensible deformity inside myself that will prevent me from ever relating with someone else, particularly with other women. i don t know if it s because women are much more sensitive to social clues that are completely inconsistent and indecipherable to me but i have always felt different from other people, and women especially. i never had friends growing up and even now i still don t fit in but i hate that i can t even be allowed to enjoy my social alienation in peace. isn t it strange that people won t let you be normal but then they won t even let you be not normal?",Personality Disorders,Substance-Related & Addictive Disorders,Mood Disorders,Cluster A (Odd/Eccentric),Cluster B (Dramatic/Emotional),Generalized Anxiety Disorder,Schizotypal Personality Disorder,Dependent Personality Disorder,Agoraphobia
4682,how do you stick to something?,"i have bp2 that is mixedepisode heavy and part of the reason for that is my adhd. i find it really hard to stick to anything. i'm competent in a lot of things but i cannot for the life of me stick to a project or anything. there's always this feeling i get when i start getting into a project and i can only describe it as an intense dissatisfaction, just the desire to throw away what i've done and how easy it would be to give up. i know when it comes what it is, i know i should look past it and just continue but it slowly eats away at me for days to weeks, my brain telling me to give up. it becomes just an afterthought eventually to torture myself about (i should really do that thing i was doing) and a week after that i've forgotten about it almost completely. does anyone else get this? how do you deal with it? i want to make my life out of something that i'm good at but i'm struggling.",Mood Disorders,Trauma & Stressor-Related Disorders,Anxiety Disorders,Bipolar Disorders,Ocd Spectrum,Generalized Anxiety Disorder,Bipolar 2 Disorder,Dependent Personality Disorder,Obsessive-Compulsive Disorder
13819,sad lamp when travelling to warm place?,i m going for the weekend to atlanta which is much warmer and sunnier than where i live. should i bring a portable sad lamp with me get natural sun exposure or is natural sun exposure enough? (i don t want to decrease the effectiveness of my sad lamp by not consistently using it),Mood Disorders,Schizophrenia Spectrum & Psychotic Disorders,Eating Disorders,Depressive Disorders,Bipolar Disorders,Psychotic Disorders,Seasonal Affective Disorder,Cyclothymic Disorder,Persistent Depressive Disorder (Dysthymia)
4145,how do i cope?,how do i cope with this? i (16nb) was just diagnosed with pdddysthymia this past weekend and while it wasn t a massive shocker i wasn t expecting to be told its likely i ll always feel this way. i found this community and figured id ask other people who also feel similar to how i do on a daily basis. id just really love some tips on how i can come to terms with my diagnosis and also how i can compel myself to actually keep living and trying to enjoy said life.,Mood Disorders,Eating Disorders,Sleep Disorders,Depressive Disorders,Insomnia Spectrum,Ptsd Spectrum,Persistent Depressive Disorder (Dysthymia),Antisocial Personality Disorder,Narcissistic Personality Disorder
6285,i'm diagnosed avpd but i think it evolved to schizoid,"i've been autistic and had mental illness, depression, anxiety my whole life. growing up i was neglected and abused by my parents, though my mom gave me some codependent traits. eventually i grew up, tried to work but kept having panic attacks. i broke through it with the help of an ex, but now i'm stuck working jobs i hate and i can't stand everyone i could possibly work with no matter how nice they are to me. i went through a huge breakup a few years ago with said ex who i was deeply codependent with. afterwards, i tried to pick up the fragments of my life and tried to become a better person, go out to events, make friends, but nothing clicked. i kept going out to a friend's bar night and just feeling... nothing. everyone i spoke to there was zero connection, and since then i've been feeling this way about even people i'm friends with. i've tried making new friends even online, attempting to talk to people i admire or feel inspired by, but there's just nothing. i don't know what to do. i've even dated someone since then, and while i love him, i don't even feel much anymore, and it feels awful, like i'm just going through the motions. there's nothing in life i want to do besides play video games and hang out with my dog, who seems to be the only creature alive that doesn't actively annoy me or piss me off. so i don't know what to do. i think i've become schizoid, and looked up ideas for treatment, and there's literally just nothing?? which isn't much better than avpd but ... wtf am i supposed to do? i dont want to feel this way i want to love and enjoy people again but everything just feels like so much trouble the most basic conversations and maintaining relationships feels so exhausting, draining and painful that it just doesn't feel like it's worth the effort. also, nsfw but i used to be a huge hornball and i'd have sex with people pretty often. now the idea of sex is just... annoying? i still masturbate very frequently but the idea of sex is somewhat repulsive to me. i don't want to be this way it was a huge part of my life and identity and now it's just nothing to me. i'm not sure what to do. i don't have money or health insurance, therapy isn't really an option. i've heard someone say getting on parnate fixed their avpd, maybe i can try that? maybe the things that fix avpd could fix schizoid? any advice is appreciated help me please",Personality Disorders,Substance-Related & Addictive Disorders,Trauma & Stressor-Related Disorders,Cluster A (Odd/Eccentric),Depressive Disorders,Ptsd Spectrum,Schizoid Personality Disorder,Major Depressive Disorder,Attention-Deficit/Hyperactivity Disorder (Adhd)
12910,putting off getting my bachelor degree until i get some cosmetic procedures or wanting to continue my education online while i save up for it. anyone else had to put of their education or continue online due to bdd?,"i am legit not attractive. i never been in a relationship and the opposite sex is rarely attracted to me, which makes me feel very sad and embarrassed to not have any romantic experience at my age. so i don't even think i have bdd as i am self aware of where i stand on the attractiveness scale,, but this sub is the closest i can relate to and feel i will be most understood. the effects of being ugly mimics the symptoms of this disorder i think. i been told i am ugly and to try harder with myself all the time. even when i reach my maximum potential im still not considered good looking, maybe average at best. how i look gives me panic attacks and academic settings are the worst for me, because i am around people my age and having to speak in class, group work, and presentations, i cannot concentrate in class at all, because i am worrying too much about people seeing the worst angles of my face. i even developed a grey hair due to all the stress i somehow pushed through community college and it was terrible. i got mean comments on how i look and even the friend i thought i had made awful comments and i get dirty looks from my peers and treated terribly. barely anyone wanted to talk to me, i never felt more lonely. it really hurt me and further convinced how ugly and worthless i am. i do not want to go through that again in a four year school. i want to take some time off, discover what i want to do and save up money for fillers to help make my face more attractive to have a better experience at college. i am 25 years old and it sucks that i only have an associate degree at this age and my mother is pressuring me to keep continuing but she has no idea the hell and struggle i am going through. my other alternative is to continue my education completely online and continue to save up and work towards my cosmetic goals. anyone else put off college or continued online due to heavy anxiety over their appearance?",Obsessive-Compulsive & Related Disorders,Eating Disorders,Personality Disorders,Ocd Spectrum,Bipolar Disorders,Phobias,Body Dysmorphic Disorder,Schizotypal Personality Disorder,Narcissistic Personality Disorder
1398,anxiety induced and medicated,my insomnia stems from my adhdanxiety. i have a really hard time shutting my brain off at night. i tried sleep meds but they all give me the hangover . i am prescribed benzodiazepines and have taken those and still am not sleepy. do you recommend staying up and doing something until i get sleepy or lay down until i doze off?,Sleep Disorders,Personality Disorders,Trauma & Stressor-Related Disorders,Insomnia Spectrum,Ocd Spectrum,Bipolar Disorders,Insomnia,Delusional Disorder,Restless Legs Syndrome
19009,have you regret talking about your diagnosis with your friendsfamily or whatever?,"i told two close friends about my diagnosis. yes, i was an idiot. i did it because i thought it will help them to understand my behavior so there wouldn't be misunderstandings. but i regret every single bit of it. so, did you had any bad experiences or you weren't as stupid as me?",Personality Disorders,Trauma & Stressor-Related Disorders,Eating Disorders,Cluster B (Dramatic/Emotional),Cluster A (Odd/Eccentric),Ocd Spectrum,Antisocial Personality Disorder,Hoarding Disorder,Schizoid Personality Disorder
16363,don't want to have another setback,"hello everybody. after i was mostly free of panic attacks for a week, i just had a very strong one. for the last 3 months i am recovreing back from a large panic attack that happend during the cardio workout session. in those three months i almost had a panic attack daily. in the last month i have started to gain some progress on my joruney. i was able to meet outside with friedns, started to workout at home and started to do a lot of exposure. but today i had a very strong and a long lasting panic attack. my hearth rate was through the roof and the sensations just overwhelmed me, causing me to have panic attack after panic attack. as i am writing this now i do feel better, as the panic has been washed away. what are your tips not to be pulled by such a set back, i almost feel like it is a test to see if i really mean when i think all is fine with my body(healt anxiety all medical tests are clear). if you have any usefull tips, please share them.",Anxiety Disorders,Personality Disorders,Mood Disorders,Panic Disorders,Bipolar Disorders,Cluster A (Odd/Eccentric),Panic Disorder,Major Depressive Disorder,Hoarding Disorder
13851,same song on repeat?,"so, i've never been formally diagnosed with cyclothymia, but i am the adult child of a parent with bipolar ii. i feel like i have highs and lows on the reg, and pretty much have my whole life. my question is this do any of you ever play the same song on repeat when you are starting a cycle of mania? the last song i noticed this to was ""orinoco flow by enya"". i must have listened to it at least a dozen times in a row. i noticed this pattern a few months back after all these years, and i wondered if any of you experience this before the sads come on. btw the sads aren't super sad, just a feeling of hopelessness and general sadness. thanks for reading",Mood Disorders,Eating Disorders,Trauma & Stressor-Related Disorders,Bipolar Disorders,Generalized Anxiety Disorder,Ocd Spectrum,Cyclothymic Disorder,Narcolepsy,Antisocial Personality Disorder
12018,panic attack diagnosed at er,male 30yr old 175 pounds. just got diagnosed with panic attackatypical chest pain and now i m wondering how common is my symptoms for a panic attack? makes no sense to me.i was lying down watching tv and i felt this sharp pain in my center left chest area and throat area.i sat up thinking it was some type of fluid stuck in my throat and my heart started pounding like crazy. i got out of bed stood up and started taking deep breaths to see if my heart would stop racing but i just felt weak in my legs and confused. symptoms lasted for about 20 min til i got to the er(managed to drive myself there since i only live down the street from it) they ran a ekg and took blood test everything came back normal and dr diagnosed me with a panic attack which i m confused by because i wasn t panicking about anything til i started feeling my heart beating like crazy. is this common? has anyone else had a similar situation?,Anxiety Disorders,Neurodevelopmental Disorders,Mood Disorders,Panic Disorders,Phobias,Generalized Anxiety Disorder,Panic Disorder,Dependent Personality Disorder,Attention-Deficit/Hyperactivity Disorder (Adhd)
14774,"so you want to help your loved one by cleaning out their hoard. folks, there's so much more to it than the stuff and whatever causes them to keep the stuff. there's the deferred maintenance, the neglect, and the workarounds.","omg the workarounds. this weekend marks one month since i asked my parents' (former) guestcaretakerpet sitter to leave my childhood home. i knew the (former) guest's presence in and of itself was, in fact, one of dad's workarounds, but not the extent of it. i knew that after he left, ""eventually"" we would become aware of the full extent of what he wasn't doing. (the guestcaretakerpet sitter is a selfemployed handyman who does odd jobs and small repairs throughout the community. it was part of the agreement with my parents that he would take care of the place in exchange for staying there. my parents paid all household expenses and he ate whatever food was there, which i don't begrudge him. that being said, they fed him pretty well for a couple of yearswhen dad went into the hospital, the pantry was fully stocked both freezers were full.) the auxiliary heat source has been repaired and is now safe to use. we removed over a dozen trees that were too close to the power lines (they were under the part of the power line that it is my parents' responsibility as the property owners to keep clear). we are on the schedule to have a set of exterior steps replaced as soon as the contractor is free to do it. we are on the contractor's schedule to have a major roof repair done this summer. an electrical repair that the (former) guest carried out has failed. we need to bring in an electrician for now, that circuit has been switched off at the breaker. this meant i had to move out of the master suite and to the guest bedroom bath. as a result of moving out of the master suite, i am now aware that the guest bath has developed a mildew problem on the ceiling. it will require thorough cleaning, multiple treatments, and repainting with kilz. i know it was not there when i was filling dumpsters two summers ago. for the past 6 months, the (former) guest kept that end of the house closed to mark it as ""his"" space. i've increased airflow and sprayed it with lysol but have not yet been able to wash the walls and ceiling. because it's winter, i won't be able to repaint the ceiling with kilz for several months. it became apparent that the guest was not monitoring the pressure tank (part of the well system) and allowed it to become waterlogged again. i was without water for two days. this is the second time in two years that i am aware of that the (former) guest allowed the pressure tank to become waterlogged, and i know of one other time prior to that. when this happens it is hard on the pump, which was replaced 7 years ago (with a pump that new, we should not be losing water every \2 yrs). the pressure tank is in line to be replaced. the (former) guest was responsible for snow removal on the private road. when i asked him about it in early november, i could tell that his equipment was not up to the task of keeping a halfmile private road clear in the event of significant snowfall. further, he was evasive when i asked what the plan for keeping the road open was in the event of heavy snow (if we got a significant accumulation, he was supposed to reach out to a neighbor who's traded favors with dad for years, but he wasn't going to admit as much to mei now know he hasn't kept the road open for mom and dad in winter for several years, effectively preventing them from accessing their own property \3 months a year). we were hit with a winter storm about 10 days ago, and he didn't reach out to the neighbor soon enough, so i was snowbound for a day. when the neighbor came to plow me out, the first thing he did was make sure i have his number so that i can call him directly. the (former) guest was supposed to be using the primary heat source but wasn't. i put a stop to the use of portable heaters and the auxiliary heat source (this was previous to the repairs), but i also knew he was messing with the thermostat when i came home on weekends. as a result, i really didn't know how much heating fuel we were using despite checking the tank each month since heating season began about 4 months ago. the fuel company didn't know how much heating fuel we were using, either. despite being on a ""keep full"" agreement, we ran out of heating fuel this week with about 10"" of snow on the ground and temps below 10 f. the (former) guest used all the cordwood my parents left and never brought in more. there is a small supply of mill ends on hand, so i am able to use the auxiliary heat in the event of a short term emergencyvery, very sparingly. there are easily 10 more trees that need to come down (too close to fencesroad), so they will come down and be cut for firewood this summer. the (former) guest wouldn't allow service personnel into the house for routine maintenance, and told dad that he'd take care of it. as a result, dad doesn't know when the water heater was last drained or the furnace last serviced. (the furnace will be serviced next week, and the water heater serviced as soon as weather permits.) the reason i'm going into such detail is because i want you to understand if your hoarder parent is experiencing a health crisis and you think that the only thing you'll need to do to make the home safe for them is clean it out, you need to understand that you're probably wrong. you're probably looking at a process that will take you months to uncover the full extent of what needs to be done, because there is so much more to it than the stuff. i had a pretty good idea of the extent of neglect at my childhood home, which is why i wanted the guest out of there before i started staying there. even so, i still experienced a rude awakening. and now that i know what i do, i have a strong suspicion that part of why dad didn't press the issue and make the guy leave sooner is that dad didn't want me to know the full extent of things.",Obsessive-Compulsive & Related Disorders,Eating Disorders,Substance-Related & Addictive Disorders,Ocd Spectrum,Generalized Anxiety Disorder,Cluster B (Dramatic/Emotional),Hoarding Disorder,Agoraphobia,Persistent Depressive Disorder (Dysthymia)
22673,lexapro,"currently on lexapro 10mg . anyone else here take it and find it extremely stimulating? i hardly sleep on it . but i find it gives me energy during the day and i m less fatigued , hence the reason i still take it . but when i wake up in the middle of the night i feel extremely awake and my hands tingle . i m not sure if i should persist and stop or try a smaller dose ?",Sleep Disorders,Trauma & Stressor-Related Disorders,Anxiety Disorders,Insomnia Spectrum,Cluster C (Anxious/Fearful),Ptsd Spectrum,Insomnia,Cannabis Use Disorder,Bipolar 1 Disorder
3190,do y'all lack a self image?,"i lack one. big time, it's like i wrote introductions about myself and stare at it and it doesn't feel like me. it's just me acting like a person. i mold into whatever needs to be done who exactly am i? is the ambiguity of my personality a kind of protection of sorts? lately ive been confused and kind of detached, depressed over thinking about how chaotic my image is. i just want to see my mental processes and understand what it is about me i can't understand i only have the words of others both good and bad",Personality Disorders,Trauma & Stressor-Related Disorders,Eating Disorders,Cluster B (Dramatic/Emotional),Ocd Spectrum,Insomnia Spectrum,Histrionic Personality Disorder,Attention-Deficit/Hyperactivity Disorder (Adhd),Delusional Disorder
16716,exams and ocpd,hi i have exams in 1 day. and i am really scared i didn't study for them i tried to cram some chapitres but there is a lot. and sometime i just say let's not take the exam and let's repeate the year maybe everything will be perfect next year but at the same time i think that there is nothing to lose if i passed the exam anyways. i am really scared but nooone understand the struggle of perfectionism. any help any advice please anything,Personality Disorders,Trauma & Stressor-Related Disorders,Schizophrenia Spectrum & Psychotic Disorders,Cluster C (Anxious/Fearful),Depressive Disorders,Ptsd Spectrum,Obsessive-Compulsive Personality Disorder,Social Anxiety Disorder,Narcissistic Personality Disorder
4916,how much do changes around you affect you and how do you deal with it?,"i've noticed that changes in the world life around me seem to leave me feeling ""off"" as they impact my routine and my perception of ""normal"". as an example, for my entire life up until about 10 years ago, life was somewhat structured by waking up, go to school work, come home, do a little homework housework, fix eat dinner, clean up, relax with some tv, read a bit, go to bed. then i met my now husband that works retail and doesn't get off until 7pm. and 10 years into being with him and it still feels ""wrong"" and his schedule feels like it throws off my natural rhythms. does anyone else have anything similar?",Personality Disorders,Neurodevelopmental Disorders,Eating Disorders,Cluster C (Anxious/Fearful),Autism Spectrum Disorders,Psychotic Disorders,Obsessive-Compulsive Personality Disorder,Major Depressive Disorder,Generalized Anxiety Disorder (Gad)
8568,one day at a time,i ve been at a low for a few months now as i ve been adjusting my meds with my psych. just yesterday and today i ve been on a high and also super talkative. ugh.. now i m feeling anxious and overwhelmed by wondering when the lows will hit again. and stressing that i ve said too much. and contemplating how to navigate being on a high cause it also kinda feels fake..??,Mood Disorders,Anxiety Disorders,Trauma & Stressor-Related Disorders,Bipolar Disorders,Cluster B (Dramatic/Emotional),Psychotic Disorders,Bipolar 2 Disorder,Schizoid Personality Disorder,Bipolar 1 Disorder
9528,nightmare disorder??,"so i was diagnosed with nightmare disorder about a month ago. i didn't even know that was a thing, and i have a good general knowledge of psychology from school. i've had extremely vivid, violent, and deeply disturbing nightmares for all my life, but more in the last 6 months for seemingly no reason. they are totally lifelike and sometimes it's hard to know if i'm dreaming or not. i often feel pain very intensely in my dreams. i often jolt awake covered in sweat and screaming. even when i nap. i usually get up around 4am because i'm afraid to go back to sleep. i'm in therapy and have a great mental health team. i've tried ssris, prazocin, and now xanax. the xanax is the only one that helps unfortunately, for obvious reasons. i don't take it every night, but most. does anyone else out there have nightmare disorder and have any advice or encouragement?",Trauma & Stressor-Related Disorders,Sleep Disorders,Substance-Related & Addictive Disorders,Ptsd Spectrum,Insomnia Spectrum,Adhd,Post-Traumatic Stress Disorder (Ptsd),Autism Spectrum Disorder (Asd),Obsessive-Compulsive Disorder
10466,can hobbies help to manage dsp syntoms?,"hello everyone. for a long time i have been presenting anhedonia that makes it difficult to find satisfaction in human relationships as well as activities, work or leisure. i am aware of the importance of hobbies in coping with the malaise, but the fact is that i see no real purpose in pursuing them. i always wonder if they are elements that can give meaning to my life, but i can't really believe it. so i try to devote myself to hobbies taking it for granted that that is what i would like, even though i can neither experience appreciable pleasure nor the feeling that i have not wasted my life doing them. do you ever find yourself in this situation and, if so, what do you do to avoid giving in to anhedonia?",Personality Disorders,Neurodevelopmental Disorders,Eating Disorders,Cluster A (Odd/Eccentric),Restrictive/Compensatory Disorders,Generalized Anxiety Disorder,Schizoid Personality Disorder,Autism Spectrum Disorder (Asd),Hoarding Disorder
17412,fellow northerners we re almost there,"march 1st means it s starting to finally wind down the end of another horrible winter is on the horizon. this has been a particularly cold and snowy winter, with weeks below zero and virtually no sun. it may not feel like it, but spring is just 19 days away. soon enough, it will be summer, and we will feel like ourselves again. we did it, folks. we did it.",Mood Disorders,Neurodevelopmental Disorders,Schizophrenia Spectrum & Psychotic Disorders,Depressive Disorders,Adhd,Cluster B (Dramatic/Emotional),Seasonal Affective Disorder,Panic Disorder,Narcissistic Personality Disorder
19704,i don t know what to do anymore,"so i've been diagnosed with atypical ana for a while now. but finally i'm underweight. and everyone wants me to gain weight. but i can't. in too scared i've started and i don't want to stop. but at the same time i feel so weak and dead inside, i love weightlifting but i'm just getting weaker and weaker. every time i try and eat a decent amount of food it hurts my stomach so bad. i still feel hungry but at the same time like stuffed full of food. i feel horrible knowing that my loved ones are trying to bargain with me and help me but i'm scared to even just maintain my weight. i already get picked on at school for being autistic, why give them something else to throw at me? and semi formal is coming up and i just wanted to feel pretty. i just wanted to look at the mirror and not hate my arms. no one will probably read this rant. it's just tearing me up inside. do i finally decide to recover after yet another relapse or do i just keep losing weight cos so far that feels so good (but not). i'm so broken",Eating Disorders,Sleep Disorders,Mood Disorders,Restrictive/Compensatory Disorders,Cluster A (Odd/Eccentric),Phobias,Anorexia Nervosa,Body Dysmorphic Disorder,Obsessive-Compulsive Personality Disorder
13846,safe to stop 5mg dose?,"do you guys think it would be okay to stop my 5mg daily haldol pill since my haldol injection has been upped to 150mg each month? i know this is a dr question but i'm looking for an opinion. maybe cut it in half a few days and see how it goes? i'm just so tired between the injection, the pill, and the 15mg buspar 3x a day. just started working out at 265 pounds and i'm still keeping track of calories. i should have energy, but i don't.",Schizophrenia Spectrum & Psychotic Disorders,Sleep Disorders,Mood Disorders,Psychotic Disorders,Bipolar Disorders,Cluster B (Dramatic/Emotional),Schizophrenia,Anorexia Nervosa,Attention-Deficit/Hyperactivity Disorder (Adhd)
14875,some positive things,"two good things. one i've been working with my caseworker to try and learn to cook real food again, not just processed junk. we tried last year but not much. so we're working again this spring. i don't know if specific foods are allowed to be mentioned, so i'll leave it there. it's very basic i am no remy from ratatouille by far i'm not even linguini two i joined overeaters anonymous at a local church just down the road this past month. i have all this info to look through and a list of zoom meetings too. i don't drive (no car), so i can't go to the out of town ones, but the primary one is nice and close. i unfortunately had to miss the last two due to migraines (grrrrr), but i plan to go back monday morning. and i'm not even a morning person bonus third item there's a weight loss fitness nutrition class thing at my local health center that i used to be in a few years ago. my caseworker and i made an appointment to go back and get me back into it. it's got a doctor, a nutritionist, and counselor, as well as lots of information. i'm not rawwrrgghhh let's do this gungho, more cautiously optimistic. but still, taking steps",Eating Disorders,Mood Disorders,Schizophrenia Spectrum & Psychotic Disorders,Restrictive/Compensatory Disorders,Phobias,Insomnia Spectrum,Binge-Eating Disorder,Obsessive-Compulsive Disorder,Schizoaffective Disorder
19459,i can t wake up in the morning,i can t wake up in tge morning. like as soon as the alarm rings i either have towthch youtube or ill fall back asleep. im also extremely slow. like im running at 1hz. i stare into nothing ness and genuinely can t do anything. and my mom is blaming me like its my fault. i really wanna waje up im just really really really slow and dumb abd sleepy in the morning. idk if its adhd or idk. and i can t fall asleep in the evening . my mom just doesn t even want to understand me she says that i can t find motivation and that im just being an egocentric jerk. idk cuz im not i just can t wake up for the life of me,Neurodevelopmental Disorders,Obsessive-Compulsive & Related Disorders,Schizophrenia Spectrum & Psychotic Disorders,Adhd,Bipolar Disorders,Restrictive/Compensatory Disorders,Attention-Deficit/Hyperactivity Disorder (Adhd),Cannabis Use Disorder,Bulimia Nervosa
16809,experimentation,"so i started drinking when i was 1415, don t remember exactly. but it wasn t like i was an alcoholic. i just drank at parties. and it was just that untill i was 18, which i am now. for the longest time i never understood alcoholism and how someone could get addicted to it. with me only drinking few nights a year, i never understood it. i come from a family line of alcoholism but still didn t understand why people would drink 247. so when i turned 18, i tried a quote on quote, experiment . my experiment would be that i would drink every night for 23 weeks straight to see if i could understand. i wasn t one to get easily addicted to stuff. tried vaping but never could really get into it. even with my brother and friends constantly letting me hit their vape, i still don t have the urge to hit it. smoking pot too. everytime i try i just have a rough experience with it. but with alcohol, the only downside was the hangovers in the morning, besides that, i would feel so amazing and alive. so the first night i was kinda iffy about doing it because i used to never really care for it, but i still did it. and i did it for a month straight. and after one month came two months, then four months, now six months, and i ve came to the conclusion that i m addicted. still every night i drink, whether it just be one beer to half a bottle of rum. and with it i ve realized my tolerance has risen a lot. i am a very skinny guy so 3 beer in an hour and i d be pretty drunk, especially if i kept that pace. but that was when i started drinking. now 6 beers in an hour and i d probably have a pretty good buzz going but nothing more. i m wanting to stop with this experiment but i m so far gone that i don t want to stop. i only have 3 reasons to stop. the first is if it starts affecting something in my body in a way that is very dangerous or even fatal. the second is if it affects my dad (who is a very heavy drinker) starts getting affected in a dangerous or fatal way by his drinking, or third is when i start school. so i ll definitely stop by time school starts, but for the time being, i don t want to stop, but i know i should. thank you for hearing my story.",Substance-Related & Addictive Disorders,Personality Disorders,Eating Disorders,Substance Use Disorders,Panic Disorders,Adhd,Alcohol Use Disorder,Narcissistic Personality Disorder,Cannabis Use Disorder
3538,does anybody else also forgot everything before their major trauma took place?,"my major trauma took place around three years ago. before then there were smaller traumatic experiences, but not as large as what ive recently experienced. the major trauma also took place in a new location, away from my own country. now i forgot everything that happened before the traumatic event or any of my experiences back in my home country. i still go back there three months a year but usually felt like a foreigner who is unfamiliar with the surroundings. is this common in those with ptsdcptsd?",Trauma & Stressor-Related Disorders,Neurodevelopmental Disorders,Substance-Related & Addictive Disorders,Ptsd Spectrum,Insomnia Spectrum,Panic Disorders,Post-Traumatic Stress Disorder (Ptsd),Schizophrenia,Binge-Eating Disorder
21295,i miss being genuinely interested in things,"my anhedonia is gone but i miss feeling curious and interested in the world. curiosity and the pursuit of the unknown were what propelled me through school. i used to be a great researcher, now i struggle to put a sentence together. setting goals doesn t help and achievements don t do much for me either. i thought i had lost interest in hobbies or aspirations because i had changed or 'grown up' but i realise it s this horrible condition. i m getting better but mostly i feel like a ghost drifting through this world. i feel half dead.",Mood Disorders,Schizophrenia Spectrum & Psychotic Disorders,Sleep Disorders,Depressive Disorders,Psychotic Disorders,Bipolar Disorders,Persistent Depressive Disorder (Dysthymia),Paranoid Personality Disorder,Attention-Deficit/Hyperactivity Disorder (Adhd)
3432,do you personify your ocd?,"i think of ocd like a version of myself, but in shades of purple. purple represents fear, mystery, manipulation. it also uses purple because it is royalty, it takes control of my mind just like a tyrant king takes control of his kingdom. he never blinks, he's always vigilant, and he has a long cape, representing how much space he takes anywhere he is, and his crown is heavy, just like his influence over me.",Obsessive-Compulsive & Related Disorders,Personality Disorders,Schizophrenia Spectrum & Psychotic Disorders,Ocd Spectrum,Autism Spectrum Disorders,Generalized Anxiety Disorder,Obsessive-Compulsive Disorder,Attention-Deficit/Hyperactivity Disorder (Adhd),Paranoid Personality Disorder
12783,propranolol and blushing,"hi everyone i suffer from pretty bad eurythrophobia and absolutely hate situations where i have to speak in front of people. i get sweaty, my legs feel weak, i feel like i m gonna faint and the worst symptom i have a tendency to get really red in the face and also get splotchy on my neck and chest area. it s very visible. i asked my doctor for propranolol a few months ago and i really thought it was helping (still dont know if it was placebo effect), however i have been disappointed a few times where i thought i wasn t blushing that bad, but where i actually had red marks all over my neckchest. (yes, i have a bad habit of checking after an uncomfortable situation) i guess i have a question for all the people who take propranolol for public speaking situations how long before the situation do you take the pill? also, how many mg? my doctor said to take 20mg but it does nothing for me. thank you in advance )",Anxiety Disorders,Mood Disorders,Substance-Related & Addictive Disorders,Phobias,Insomnia Spectrum,Substance Use Disorders,Social Anxiety Disorder,Autism Spectrum Disorder (Asd),Delusional Disorder
5533,"i really appreciate all of you for years, i've felt like no one could understand, and i'd be too reserved and scared of what others might think to talk about it to anyone. i guess my misery loves company.","""you think your pain and heartbreak are unprecedented in the history of the world, but then you read. it was books that taught me the things that tormented me most were the very things that connected me with all the people who were alive, or who had ever been alive."" james baldwin",Mood Disorders,Personality Disorders,Substance-Related & Addictive Disorders,Depressive Disorders,Insomnia Spectrum,Ocd Spectrum,Major Depressive Disorder,Agoraphobia,Obsessive-Compulsive Personality Disorder
22757,lingering heartbreak,"how do you deal with lingering heartache? i have really bad luck with dating after some extremely traumatic events in my life. i used to at least have friends who i felt mutual crushes on, i intended to act on them after getting some gender affirming surgery, but my mom committed suicide right before then, i was hacked by someone in my friend circle, and i also had bp2bpd onset extremely hard at this time. it took me 2 more years to find a doctor that would listen to me and got me on medications that actually helped. lamictal specifically and more recently benzos as needed. i am still being hacked. someone i thought could help me potentially has stolen my money and disappeared. i have no hope in my heart for the future. i keep hanging on because i used to have unshakable faith in the idea that things will get better as long as one keeps going. even when i felt negative, i would try. even when i felt so sad and hurt, i would keep going. now i just am losing it. i have messed up so many relationships, specifically romantic which are the most important to me, and i really feel like i am getting close to the end of my rope. i just need to know that maybe someone has experienced something similar and made it out. i don't see anything similar to give me hope anywhere i look. i am falling into a depressive episode and drinking a lot. i messaged someone i feel like i love last night confessing and feel so stupid. they told me to leave them alone. can it always get better? please offer anecdotes with your responses. thank you",Mood Disorders,Eating Disorders,Schizophrenia Spectrum & Psychotic Disorders,Bipolar Disorders,Cluster C (Anxious/Fearful),Ocd Spectrum,Bipolar 2 Disorder,Seasonal Affective Disorder,Schizotypal Personality Disorder
11006,medication,just out of curiosity those who are medicated for sad and are comfortable sharing what medication are you on and what colour are they? i plan to make some drawings using these colours as a creative outlet for my uni work ) personally i am on 60mg of duloxetine so i have been drawing in yellow dark blue recently have lovely day,Mood Disorders,Trauma & Stressor-Related Disorders,Schizophrenia Spectrum & Psychotic Disorders,Depressive Disorders,Substance Use Disorders,Cluster A (Odd/Eccentric),Seasonal Affective Disorder,Anorexia Nervosa,Obsessive-Compulsive Disorder
3638,help? i am tired of this,"37 f, been having panic attacks since middle school. last year during my last semester of my undergrad i got sick with bronchitis and then health anxiety popped in really bad all because when i went to urgent care for being sick my heart rate and blood pressure was elevated, drs said it was from being sick but i was convinced it was my heart. i would have multiple panic attacks and missed a lot of class for a few weeks. last christmas i started running a fever and then when i went to start back to work after the christmas holiday i began having panic attacks again. i took a 2 month leave of absence from work as i was having constant panic attacks daily. i would wake up crying out that i'm scared to die, i would go to the er, urgent cares, drs they would do ekgs, blood tests, x ray on my chest, this year i even had a chest ct with contrast. they say my heart is fine but the fast heart rate really bothers me. ive had a lot of changes this year, lost my job from the beginning of the year, planned my wedding, made and bought everything for the wedding, honeymoon, started a new job, my cat ive had for 12 years passed away, my grandmas dementia is getting worse, falling out with my dad for not coming to my wedding. i have been anxious most of this year with panic attacks that come and go but at the end of september i got sick with something and it turned into bronchitis. then i started having panic attacks again. i have to take a couple weeks off work cause i was having panic attacks daily. i have even had a couple panic attacks at work. the beginning of october i met with a new psych who switched me from paxil that i've been on and off of since middle school and wanted me to take effexor. after 18 days in the effexor i was only getting worse, higher anxiety, depression, si even. i kept telling her that i was feeling worse and that something was wrong and she didn't listen to me. i ended up in the er a few times and they told me to stop the meds cause my dr would not help me. i ended up inpatient for 2 days from withdrawals of the effexor and they put me back on my paxil. been on paxil since, that's about 3 weeks maybe a month. some days i'm ok, just some anxious feelings but yesterday and today i've woken up feeling panicky and im terrified the panic attacks are coming back. i will wake up with that heavy feeling in my chest, heart beating fast, mouth dry, shaking, having nausea and diarrhea. i don't want to rely on ativan to function. i have a prescription to take up to 1mg a day as needed. the past couple days ive taken it and i feel like a failure. im terrified to get dependant on benzos and then have to go through withdrawals to stop them. i guess im asking has anyone felt the same and do you take benzos? should i worry about dependency on the ativan if i take it once a day? has anyone gotten their panic attacks under control and what did you do? i literally have the fear of panic attacks cause they will get to the point i can't function, can't leave the house, i'll call 911 or go to the hospital and i can't live that way.",Anxiety Disorders,Schizophrenia Spectrum & Psychotic Disorders,Obsessive-Compulsive & Related Disorders,Panic Disorders,Phobias,Substance Use Disorders,Panic Disorder,Schizophrenia,Bulimia Nervosa
3059,do i actually have some mild form of adhd?,"i just got diagnosed a few days ago, but due to the process being so hasty, i still have my doubts. i just want to be sure. since childhood, i've struggled with making myself do things, procrastinating. but when i did make myself do something, my focus was mostly alright. i'm forgetful and scatter minded, but i can be focused as well, it's just that being in a state of focus takes more effort for me. trying out a 10mg adderall made me think clearer, slutter way less, but those effects that exist in nonadhd populations as well. any advice?",Neurodevelopmental Disorders,Schizophrenia Spectrum & Psychotic Disorders,Substance-Related & Addictive Disorders,Adhd,Autism Spectrum Disorders,Generalized Anxiety Disorder,Attention-Deficit/Hyperactivity Disorder (Adhd),Persistent Depressive Disorder (Dysthymia),Cyclothymic Disorder
12278,peak anhedonia and depression,"i am 25.diagnosed by a psychiatrist. i am still living at my parents house.i wanna leave but i can't due to housing crisis and low wages.recently i found a job at a nearby gas station.i do not like the job at all but i have no other choice. ever since i started,my traditional boredom has become complete peak anhedonia.nothing gives me pleasure.my therapist is good but i have to do something more myself. i am either at a job i dislike or home which makes me feel even worse.i grew up in a dysfunctional environment.i watch the same videos ,listen to the same music and spend my day the same way. my question ishow can i cope?i cannot leave but there must be some kind of hobby to pass my time more pleasantly. any advice?i am sure this sub can understand me.",Personality Disorders,Neurodevelopmental Disorders,Anxiety Disorders,Cluster A (Odd/Eccentric),Adhd,Autism Spectrum Disorders,Schizoid Personality Disorder,Post-Traumatic Stress Disorder (Ptsd),Insomnia
8516,"oh my god, i'm a hoarder",my room is covered in trash. i'm realizing i have a serious problem. i don't know. i have a job that i hate and i'm fucking up everything around me i feel like. i'm on the line with a crisis text line and they're not even answering me back. i don't know what to do,Obsessive-Compulsive & Related Disorders,Neurodevelopmental Disorders,Substance-Related & Addictive Disorders,Ocd Spectrum,Depressive Disorders,Adhd,Hoarding Disorder,Paranoid Personality Disorder,Dependent Personality Disorder
16546,edible dosing,"so if i took 40mg last night and didn t get high, should i try 60mg tonight? or should i take 80mg? i only have 120mg left but i m stuck on how much to take (edibles are a hit or miss for me) or would it be awful if i took 120mg? thanks",Substance-Related & Addictive Disorders,Sleep Disorders,Anxiety Disorders,Substance Use Disorders,Ptsd Spectrum,Cluster B (Dramatic/Emotional),Cannabis Use Disorder,Alcohol Use Disorder,Adjustment Disorder
1537,any ocpd creatives? what is it like?,"hey all as the title says, i m curious about creatives andor artists that live with ocpd. i feel like we are usually very structured type a people, and that usually contrasts with the general idea of what an artist is like. so just out of curiosity, any artists here? what do you do? is it something full time or more of a hobby? how do you feel ocpd impacts your craft?",Personality Disorders,Mood Disorders,Obsessive-Compulsive & Related Disorders,Cluster C (Anxious/Fearful),Insomnia Spectrum,Substance Use Disorders,Obsessive-Compulsive Personality Disorder,Paranoid Personality Disorder,Binge-Eating Disorder
6759,im weight restored from anorexia and i cant stop binge eating,"last year i was sent into forced recovery from anorexia, and around a month and a half ago i reached my restored weight. even before i reached that goal weight i was binge eating but itwas helping with my weight gain. now i cant control my binges at all, im bingeing around 3 times per week, each day eating at least 4000 calories when i binge. holy shit. that's insane. i feel so disgusting and i have a check up for my weight tomorrow, i just know i'm going to be up at least 4kgs. how do i stop. i meed to stop binge eating as soon as possible i can't deal with these eating probems anymore, its driving me mental",Eating Disorders,Schizophrenia Spectrum & Psychotic Disorders,Sleep Disorders,Restrictive/Compensatory Disorders,Cluster C (Anxious/Fearful),Ptsd Spectrum,Binge-Eating Disorder,Delusional Disorder,Anorexia Nervosa
20425,i hate how i have no breasts,"it seems like a problem a typical 12 year old girl has, but i m now 24 and my breasts literally never came. i m a size 34b and i have literally no cleavage or anything. i figured it was because i was a great runner in high school and really fit in college. but even after gaining a little weight it all went to my face and thighs. i feel like women complain about being chesty and how bras never fit them. but i feel like when i go out it s tough for me to look good in a lot of clothes cause i m so flat chested. i ve been told in the past whenever i wanted to impress a guy oh just flaunt your boobs and i m like well... i don t have any. i even went to a club last weekend and i saw all these girls who looked great in dresses and shirts and i felt so underdeveloped and ugly. i ve always been advised not to get plastic surgery but now i kind of want to get it. is that bad?",Obsessive-Compulsive & Related Disorders,Substance-Related & Addictive Disorders,Eating Disorders,Ocd Spectrum,Adhd,Substance Use Disorders,Body Dysmorphic Disorder,Obsessive-Compulsive Personality Disorder,Agoraphobia
1104,am i hearing voices or is this real conversations,"something weird is going on this week. i hear people talking about me in public spaces. maybe not about me, but the things they say oddly specific. and it's not pleasant things. old women in public transport were talking about my style and shouting my name (i don't know them, and i was wearing earphones). supermarket worker said rude things about my purchase (but she wasn't even looking my way). men behind me said i left too small tip at the coffee shop (they were too far and couldn't see the amount), they said exact amount. it's weird that it happened three times at the week. i don't believe they were talking about me, probably about someone else. but now i wonder if i hallucinate. didn't have hallucinations like this before, i hallucinate only at night sometimes. when i do, it makes it harder to fall asleep. currently at abilify 5 mg, started this week. i was taking it before but quitted. what do you think? how can you tell what is real?",Schizophrenia Spectrum & Psychotic Disorders,Sleep Disorders,Mood Disorders,Psychotic Disorders,Ocd Spectrum,Generalized Anxiety Disorder,Schizophrenia,Avoidant Personality Disorder,Bipolar 2 Disorder
3009,distimia tdah,"boa tarde 37h ap s 20 anos de consultas e diversos medicamentos pela primeira vez estou me sentindo melhor. sinto que a distimia est me deixando venvanse 70mg vilazodona 40mg aripiprazol 5mg e em dez dias, 10mg algu m j tomou esse combo? a quantidade de relatos negativos com aripiprazol me deixou bem preocupado, mas eu estava com depress o, ansiedade, isolamento social e crise do p nico. minha cabe a est em sil ncio. impulsividade e ansiedade controladas. estou me adaptando dose do aripiprazol ent o estou dormindo menos horas por noite ( pode ser o venvanse 70mg contribuindo tb), porem, tirando isso, s tive pontos positivos com esses medicamentos. sei como dif cil, foram 20 anos dif ceis e com rar ssimos momentos felizes, e esses, foram breves . mas tentem, experimentem os medicamentos, a efic cia e os colaterais s o muito pessoais d vidas e depoimentos, fiquem a vontade )",Mood Disorders,Eating Disorders,Schizophrenia Spectrum & Psychotic Disorders,Depressive Disorders,Autism Spectrum Disorders,Restrictive/Compensatory Disorders,Persistent Depressive Disorder (Dysthymia),Narcissistic Personality Disorder,Cannabis Use Disorder
18998,have you ever struggled with writing an email or letter and being way too formal to the point of not knowing how to express the idea you want because of how formal you re trying to be?,"it happened to me during university. it s like i became obsessed with sounding formal, or that s the direction my mindset went. i needed to write an email asking for some information that was shared during a class i missed, but i only had partial details. i kept trying to construct sentences to ask for the information, but i was overcomplicating things by being too formal. at some point, i couldn t keep writing i was stuck. i was casually chatting with a friend online and told him about it. he noticed how i was making everything more complicated than it needed to be. eventually, i managed to send the email. it s not something i ve struggled with as badly since then, but it still happens sometimes. when i try to be formal, i feel like i m making a word salad. does anyone else struggle with this?",Personality Disorders,Anxiety Disorders,Neurodevelopmental Disorders,Cluster A (Odd/Eccentric),Depressive Disorders,Cluster C (Anxious/Fearful),Schizotypal Personality Disorder,Cannabis Use Disorder,Attention-Deficit/Hyperactivity Disorder (Adhd)
2244,aripiprazole escitalopram ?,"was diagnosed with bp2 in feb, prescribed aripiprazole which has worked wonders for me however i m still experiencing a fair amount of anxiety on a daily basis, has anyone tried this combination before and how has it worked for you? even if your are bp2 and are just on escitalopram i d love to hear your experience.",Mood Disorders,Substance-Related & Addictive Disorders,Schizophrenia Spectrum & Psychotic Disorders,Bipolar Disorders,Insomnia Spectrum,Panic Disorders,Bipolar 2 Disorder,Schizotypal Personality Disorder,Histrionic Personality Disorder
23163,it's coming back...,"idk what to do in all honestly. lately, my grandpa (i live with him and his wife) has been honing in on my weight. he's been complaining about how much i weigh and how i'm obviously unhealthy because i'm medically obese. the thing is, i eat way healthier than him in every way. then though, he talks so proud that my sister can eat so much unhealthy food and be a twig. i honestly cant do this anymore and i'm so scared i'll revert to my old ways even though it's been about 6 months...",Eating Disorders,Sleep Disorders,Personality Disorders,Restrictive/Compensatory Disorders,Bipolar Disorders,Panic Disorders,Anorexia Nervosa,Social Anxiety Disorder,Delusional Disorder
10334,"boyfriend with dysthymia, i need help but i don't have any ideas","as the title says, my boyfriend has dysthymia. they're at an all time low, (their words) and are really really really tempted to just ghost me and all of our friends. just to get up and leave. according to them, they feel sad when we're happy and worse when we're not, and can't find any pros to staying other than that they're obsessed with us. they wholeheartedly believe we'd move on when i don't think i'd be able to handle them leaving. that we'd be okay if they left but i'm already barely able to handle them being gone for a day. they've tried taking short breaks from us but apparently it made disappearing all together too tempting. they want to make us forget theyve ever existed. they keep saying that we have each other but i just don't think that'll be enough. they have this big pit in their chest, they feel like its dread but ttheyre not sure. it's probably related. it's been there since they attempted on august 1st. i just dont know what to do and they also don't know what to do and i'm stuck. they might be getting a new therapist soon but i'm not sure if that'll help. if anyone has any advice i'd appreciate it.",Mood Disorders,Schizophrenia Spectrum & Psychotic Disorders,Neurodevelopmental Disorders,Depressive Disorders,Cluster B (Dramatic/Emotional),Insomnia Spectrum,Persistent Depressive Disorder (Dysthymia),Attention-Deficit/Hyperactivity Disorder (Adhd),Restless Legs Syndrome
10406,can a video game become a trigger?,"this may sound like a weird question, but i used to love a certain game but then later on the same game started to make me feel insecure and bad so at one point i stopped. but now, everytime i see anything about the game i get really upset and sometimes my ears start to ring a bit.. i don't know why and maybe it's not a trigger but it's strange.",Trauma & Stressor-Related Disorders,Substance-Related & Addictive Disorders,Personality Disorders,Ptsd Spectrum,Generalized Anxiety Disorder,Panic Disorders,Post-Traumatic Stress Disorder (Ptsd),Binge-Eating Disorder,Histrionic Personality Disorder
6444,i'm so tired,"i'm so sick of living with this disorder. i'm on ssris and a mood stabiliser but i recently read that ssris can exacerbate bipolar symptoms and i'm seeing my psychiatrist to talk to her about changing it. i'm also starting to think i have bpd as well because i get triggered so easily if i upset my partner and think of the worst because of past experiences. it's exhausting having to go through intense emotions when i know i'm probably blowing things out of proportion. the issue is that i don't want to put too much pressure on her and if i communicate how i feel, i'm scared she's going to take it like that. i don't want to come across as manipulative or guilttripping because i've gone through that before on the receiving end. i wonder how being normal feels update i spoke to her and the world didn't end. we're still together ) update 2 i saw my psychiatrist she was telling me about how my episodes always have a trigger which is why i'm more of a ""weather change"" person. we looked at the dsm5 and i have like 6 of the bpd traits but she said it doesn't mean i have it because it depends on a lot more than that. she also said she doesn't formally diagnose me with bipolar because she's never had to hospitalise me and that my hypomanic episodes are just me being happy but i told her no ways that my happiness is that dangerous to my lifestyle i know when i'm happy and when its a little teeewwww much. and she said if i think i'm bipolar, she accepts it but she won't write it down because it has a lot of legal repercussions and prevents me from having a normal life when the time will come for me to start filling out forms or applying for certain things like insurance. she also said my ssris aren't triggering hypomanic episodes, but the emotional disturbances are. so yeah, i'm glad got a view from her about all this. i'll be continuing my 10mg lexamil and 200mg epitec. it was also our 5 year anniversary of knowing each other )",Mood Disorders,Anxiety Disorders,Substance-Related & Addictive Disorders,Bipolar Disorders,Ptsd Spectrum,Autism Spectrum Disorders,Bipolar 2 Disorder,Adjustment Disorder,Generalized Anxiety Disorder (Gad)
11126,memory,"i ve already scheduled an appointment with my doctor, so i m not looking for medical advice. i m just curious has anyone experienced memory problems developing over time? lately, i ve been struggling to remember what i was doing or about to do. i m not sure if it s related to my medication, which is why i have the appointment. this wasn t an issue when i first started the medication, but it s only become noticeable in the past few months. i just wanted to see if anyone else has experienced something similar.",Mood Disorders,Obsessive-Compulsive & Related Disorders,Schizophrenia Spectrum & Psychotic Disorders,Bipolar Disorders,Phobias,Substance Use Disorders,Bipolar 1 Disorder,Bulimia Nervosa,Body Dysmorphic Disorder
